Year,Month,WaterYear,CSMeanTempC,CSPrecipitationmm,Runoffmm,StrCamgL,StrDOCmgL,StrNH4NmgL,StrNO3NmgL,StrSO4SmgL,depNH4Nkgha,depNO3Nkgha,depTotNkgha,depSO4Skgha,NAMGridTempC,NAMGridPrecipitationmm
1980,10,1981,4.510870426,N/A,N/A,N/A,N/A,N/A,N/A,N/A,N/A,N/A,N/A,N/A,5.735000134,123.3199997
1980,11,1981,-0.04608998,N/A,N/A,N/A,N/A,N/A,N/A,N/A,N/A,N/A,N/A,N/A,0.324999988,145.2599945
1980,12,1981,-9.426722987,N/A,N/A,N/A,N/A,N/A,N/A,N/A,N/A,N/A,N/A,N/A,-9.454999924,75.25
1981,1,1981,-11.58383103,N/A,N/A,N/A,N/A,N/A,N/A,N/A,N/A,N/A,N/A,N/A,-12.30500031,56.54000092
1981,2,1981,-1.416697636,N/A,N/A,N/A,N/A,N/A,N/A,N/A,N/A,N/A,N/A,N/A,-1.950000048,93.55000305
1981,3,1981,-0.079254819,N/A,N/A,N/A,N/A,N/A,N/A,N/A,N/A,N/A,N/A,N/A,-0.370000005,57.15999985
1981,4,1981,5.43140374,N/A,N/A,N/A,N/A,N/A,N/A,N/A,N/A,N/A,N/A,N/A,5.364999771,118.3399963
1981,5,1981,11.45040404,N/A,N/A,N/A,N/A,N/A,N/A,N/A,N/A,N/A,N/A,N/A,12.01500034,96.19999695
1981,6,1981,15.2978041,N/A,N/A,N/A,N/A,N/A,N/A,N/A,N/A,N/A,N/A,N/A,16.07500076,110.8700027
1981,7,1981,18.07222406,N/A,N/A,N/A,N/A,N/A,N/A,N/A,N/A,N/A,N/A,N/A,18.99500084,129.4600067
1981,8,1981,16.69267823,N/A,N/A,N/A,N/A,N/A,N/A,N/A,N/A,N/A,N/A,N/A,17.84000015,111.5500031
1981,9,1981,12.24803236,N/A,N/A,N/A,N/A,N/A,N/A,N/A,N/A,N/A,N/A,N/A,12.73999977,175.5899963
1981,10,1982,6.300099574,N/A,N/A,N/A,N/A,N/A,N/A,N/A,N/A,N/A,N/A,N/A,6.454999924,148.7599945
1981,11,1982,1.10297416,N/A,N/A,N/A,N/A,N/A,N/A,N/A,N/A,N/A,N/A,N/A,1.659999967,102.8399963
1981,12,1982,-3.306555994,N/A,N/A,N/A,N/A,N/A,N/A,N/A,N/A,N/A,N/A,N/A,-3.289999962,180.3999939
1982,1,1982,-12.56205444,N/A,N/A,N/A,N/A,N/A,N/A,N/A,N/A,N/A,N/A,N/A,-12.97000027,129.4499969
1982,2,1982,-8.766511764,N/A,N/A,N/A,N/A,N/A,N/A,N/A,N/A,N/A,N/A,N/A,-8.100000381,90.56999969
1982,3,1982,-2.00225811,N/A,N/A,N/A,N/A,N/A,N/A,N/A,N/A,N/A,N/A,N/A,-2.309999943,86.83000183
1982,4,1982,2.70993604,N/A,N/A,N/A,N/A,N/A,N/A,N/A,N/A,N/A,N/A,N/A,3.345000029,128.0800018
1982,5,1982,10.70628537,N/A,N/A,N/A,N/A,N/A,N/A,N/A,N/A,N/A,N/A,N/A,11.18500042,25.04999924
1982,6,1982,13.76859844,N/A,N/A,N/A,N/A,N/A,N/A,N/A,N/A,N/A,N/A,N/A,14.28999996,121.7200012
1982,7,1982,18.46518561,N/A,N/A,N/A,N/A,N/A,N/A,N/A,N/A,N/A,N/A,N/A,19.31999969,77.23999786
1982,8,1982,15.43018476,N/A,N/A,N/A,N/A,N/A,N/A,N/A,N/A,N/A,N/A,N/A,16.30999947,100.9499969
1982,9,1982,13.50941104,N/A,N/A,N/A,N/A,N/A,N/A,N/A,N/A,N/A,N/A,N/A,13.84000015,83.19000244
1982,10,1983,7.32848829,N/A,N/A,N/A,N/A,N/A,N/A,N/A,N/A,N/A,N/A,N/A,7.840000153,41.77000046
1982,11,1983,2.4680278,N/A,N/A,N/A,N/A,N/A,N/A,N/A,N/A,N/A,N/A,N/A,3.230000019,141.7400055
1982,12,1983,-2.896872684,N/A,N/A,N/A,N/A,N/A,N/A,N/A,N/A,N/A,N/A,N/A,-2.545000076,62.81000137
1983,1,1983,-7.0355102,N/A,N/A,N/A,N/A,N/A,N/A,N/A,N/A,N/A,N/A,N/A,-6.65500021,96.97000122
1983,2,1983,-5.563696036,N/A,N/A,N/A,N/A,N/A,N/A,N/A,N/A,N/A,N/A,N/A,-5.539999962,85.48000336
1983,3,1983,0.079601974,N/A,N/A,N/A,N/A,N/A,N/A,N/A,N/A,N/A,N/A,N/A,-0.02,153.9400024
1983,4,1983,5.77698694,N/A,N/A,N/A,N/A,N/A,N/A,N/A,N/A,N/A,N/A,N/A,5.349999905,227.9100037
1983,5,1983,9.435431026,N/A,N/A,N/A,N/A,N/A,N/A,N/A,N/A,N/A,N/A,N/A,9.779999733,163.7100067
1983,6,1983,16.23951832,N/A,N/A,N/A,N/A,N/A,N/A,N/A,N/A,N/A,N/A,N/A,16.79999924,41.45999908
1983,7,1983,18.89159068,N/A,N/A,N/A,N/A,N/A,N/A,N/A,N/A,N/A,N/A,N/A,19.30500031,125.0299988
1983,8,1983,17.73778871,N/A,N/A,N/A,N/A,N/A,N/A,N/A,N/A,N/A,N/A,N/A,18.54500008,90.72000122
1983,9,1983,14.93494174,N/A,N/A,N/A,N/A,N/A,N/A,N/A,N/A,N/A,N/A,N/A,15.18999958,69.61000061
1983,10,1984,7.295044755,N/A,N/A,N/A,N/A,N/A,N/A,N/A,N/A,N/A,N/A,N/A,7.460000038,73.91000366
1983,11,1984,2.26067788,N/A,N/A,N/A,N/A,N/A,N/A,N/A,N/A,N/A,N/A,N/A,2.480000019,279.2200012
1983,12,1984,-5.087424258,N/A,N/A,N/A,N/A,N/A,N/A,N/A,N/A,N/A,N/A,N/A,-5.795000076,195.9199982
1984,1,1984,-9.644105968,N/A,N/A,N/A,N/A,N/A,N/A,N/A,N/A,N/A,N/A,N/A,-9.654999733,83.19000244
1984,2,1984,-1.967949655,N/A,N/A,N/A,N/A,N/A,N/A,N/A,N/A,N/A,N/A,N/A,-2.200000048,153.6399994
1984,3,1984,-4.03395289,N/A,N/A,N/A,N/A,N/A,N/A,N/A,N/A,N/A,N/A,N/A,-4.885000229,159.0299988
1984,4,1984,4.87847062,N/A,N/A,N/A,N/A,N/A,N/A,N/A,N/A,N/A,N/A,N/A,4.735000134,90.80000305
1984,5,1984,9.14280009,N/A,N/A,N/A,N/A,N/A,N/A,N/A,N/A,N/A,N/A,N/A,10.22500038,182.1199951
1984,6,1984,15.01269796,N/A,N/A,N/A,N/A,N/A,N/A,N/A,N/A,N/A,N/A,N/A,15.55000019,175.25
1984,7,1984,18.1558329,N/A,N/A,N/A,N/A,N/A,N/A,N/A,N/A,N/A,N/A,N/A,19.375,100.3099976
1984,8,1984,18.364855,N/A,N/A,N/A,N/A,N/A,N/A,N/A,N/A,N/A,N/A,N/A,19.51000023,50.91999817
1984,9,1984,11.7987742,N/A,N/A,N/A,N/A,N/A,N/A,N/A,N/A,N/A,N/A,N/A,12.43999958,53.27000046
1984,10,1985,8.131133142,N/A,N/A,N/A,N/A,N/A,N/A,N/A,N/A,N/A,N/A,N/A,8.199999809,56.77999878
1984,11,1985,2.71857562,N/A,N/A,N/A,N/A,N/A,N/A,N/A,N/A,N/A,N/A,N/A,2.390000105,64.91000366
1984,12,1985,-3.365082181,N/A,N/A,N/A,N/A,N/A,N/A,N/A,N/A,N/A,N/A,N/A,-3.444999933,112.3899994
1985,1,1985,-10.65577292,N/A,N/A,N/A,N/A,N/A,N/A,N/A,N/A,N/A,N/A,N/A,-11.48499966,27
1985,2,1985,-4.76762045,N/A,N/A,N/A,N/A,N/A,N/A,N/A,N/A,N/A,N/A,N/A,-5.324999809,78.88999939
1985,3,1985,-1.266500329,N/A,N/A,N/A,N/A,N/A,N/A,N/A,N/A,N/A,N/A,N/A,-1.840000033,95.91999817
1985,4,1985,3.91947724,N/A,N/A,N/A,N/A,N/A,N/A,N/A,N/A,N/A,N/A,N/A,4.230000019,39.70000076
1985,5,1985,10.08757997,N/A,N/A,N/A,N/A,N/A,N/A,N/A,N/A,N/A,N/A,N/A,10.57499981,100.5899963
1985,6,1985,13.79451718,N/A,N/A,N/A,N/A,N/A,N/A,N/A,N/A,N/A,N/A,N/A,14.41499996,117.5
1985,7,1985,18.59059886,N/A,N/A,N/A,N/A,N/A,N/A,N/A,N/A,N/A,N/A,N/A,19.32500076,67.16000366
1985,8,1985,17.00203093,N/A,N/A,N/A,N/A,N/A,N/A,N/A,N/A,N/A,N/A,N/A,17.39999962,117.6200027
1985,9,1985,14.14010038,N/A,N/A,N/A,N/A,N/A,N/A,N/A,N/A,N/A,N/A,N/A,14.01000023,79.69999695
1985,10,1986,8.156215794,N/A,N/A,N/A,N/A,N/A,N/A,N/A,N/A,N/A,N/A,N/A,7.809999943,72.94000244
1985,11,1986,1.29304492,N/A,N/A,N/A,N/A,N/A,N/A,N/A,N/A,N/A,N/A,N/A,1.034999967,140.8999939
1985,12,1986,-6.809766335,N/A,N/A,N/A,N/A,N/A,N/A,N/A,N/A,N/A,N/A,N/A,-7.764999866,72.97000122
1986,1,1986,-6.249587116,N/A,N/A,N/A,N/A,N/A,N/A,N/A,N/A,N/A,N/A,N/A,-6.755000114,155.8699951
1986,2,1986,-7.285440907,N/A,N/A,N/A,N/A,N/A,N/A,N/A,N/A,N/A,N/A,N/A,-7.675000191,48.27999878
1986,3,1986,-1.149447955,N/A,N/A,N/A,N/A,N/A,N/A,N/A,N/A,N/A,N/A,N/A,-1.695000052,125.5400009
1986,4,1986,6.7878178,N/A,N/A,N/A,N/A,N/A,N/A,N/A,N/A,N/A,N/A,N/A,6.545000076,100.8300018
1986,5,1986,11.1076078,N/A,N/A,N/A,N/A,N/A,N/A,N/A,N/A,N/A,N/A,N/A,10.85000038,102.4599991
1986,6,1986,15.10773334,N/A,N/A,N/A,N/A,N/A,N/A,N/A,N/A,N/A,N/A,N/A,14.52999973,70.41000366
1986,7,1986,17.12744419,N/A,N/A,N/A,N/A,N/A,N/A,N/A,N/A,N/A,N/A,N/A,17.38999939,137.3099976
1986,8,1986,16.97694828,N/A,N/A,N/A,N/A,N/A,N/A,N/A,N/A,N/A,N/A,N/A,16.83499908,128.9700012
1986,9,1986,12.41218438,N/A,N/A,N/A,N/A,N/A,N/A,N/A,N/A,N/A,N/A,N/A,11.60000038,86.41999817
1986,10,1987,6.902083213,N/A,N/A,N/A,N/A,N/A,N/A,N/A,N/A,N/A,N/A,N/A,6.934999943,43.15999985
1986,11,1987,0.33405154,N/A,N/A,N/A,N/A,N/A,N/A,N/A,N/A,N/A,N/A,N/A,-0.36500001,128.5500031
1986,12,1987,-4.008870239,N/A,N/A,N/A,N/A,N/A,N/A,N/A,N/A,N/A,N/A,N/A,-5,97.02999878
1987,1,1987,-8.298003665,N/A,N/A,N/A,N/A,N/A,N/A,N/A,N/A,N/A,N/A,N/A,-8.965000153,119.6399994
1987,2,1987,-7.155847207,N/A,N/A,N/A,N/A,N/A,N/A,N/A,N/A,N/A,N/A,N/A,-8,28.64999962
1987,3,1987,-0.764847297,N/A,N/A,N/A,N/A,N/A,N/A,N/A,N/A,N/A,N/A,N/A,-1.215000033,104.2200012
1987,4,1987,6.32128048,N/A,N/A,N/A,N/A,N/A,N/A,N/A,N/A,N/A,N/A,N/A,6.369999886,94.16999817
1987,5,1987,10.84005952,N/A,N/A,N/A,N/A,N/A,N/A,N/A,N/A,N/A,N/A,N/A,10.93000031,83.31999969
1987,6,1987,15.53971234,N/A,N/A,N/A,N/A,N/A,N/A,N/A,N/A,N/A,N/A,N/A,15.90499973,108.7200012
1987,7,1987,17.0187527,N/A,N/A,N/A,N/A,N/A,N/A,N/A,N/A,N/A,N/A,N/A,18.25499916,52.38999939
1987,8,1987,16.05725105,N/A,N/A,N/A,N/A,N/A,N/A,N/A,N/A,N/A,N/A,N/A,17.34499931,50.56999969
1987,9,1987,11.98020538,N/A,N/A,N/A,N/A,N/A,N/A,N/A,N/A,N/A,N/A,N/A,13.03499985,184.5700073
1987,10,1988,6.408791065,15,N/A,N/A,N/A,N/A,N/A,N/A,0,0.07,0.07,0.22,7.519999981,91.95999908
1987,11,1988,0.0489454,70,N/A,N/A,N/A,N/A,N/A,N/A,0.07,0.16,0.23,0.32,0.550000012,79.76000214
1987,12,1988,-4.259696755,189,N/A,N/A,N/A,N/A,N/A,N/A,0.07,0.28,0.35,0.3,-4.360000134,117.25
1988,1,1988,-8.423416923,71.1,N/A,N/A,N/A,N/A,N/A,N/A,0.03,0.13,0.16,0.16,-8.675000191,76.23000336
1988,2,1988,-6.633322855,112,N/A,N/A,N/A,N/A,N/A,N/A,0.06,0.28,0.34,0.4,-6.164999962,114.2399979
1988,3,1988,-1.876844852,81.5,N/A,N/A,N/A,N/A,N/A,N/A,0.03,0.36,0.39,0.36,-2.025000095,54.29000092
1988,4,1988,4.48104994,68.8,112.5889189,N/A,N/A,N/A,N/A,N/A,0.05,0.08,0.13,0.21,4.550000191,91.08000183
1988,5,1988,11.47548669,103,77.90963162,N/A,N/A,N/A,N/A,N/A,0.06,0.24,0.3,0.53,11.60499954,67.59999847
1988,6,1988,14.65847518,35.7,6.175763482,N/A,N/A,N/A,N/A,N/A,0.02,0.26,0.28,0.72,15.73499966,57
1988,7,1988,18.85814715,116,0.950117459,N/A,N/A,N/A,N/A,N/A,0.03,0.39,0.42,1.03,19.78000069,103.9899979
1988,8,1988,17.67926252,132,3.325411106,N/A,N/A,N/A,N/A,N/A,0.06,0.23,0.29,0.68,19.15500069,128.5899963
1988,9,1988,12.81824464,46.7,2.850352376,N/A,N/A,N/A,N/A,N/A,0.04,0.08,0.12,0.24,12.67000008,61.75999832
1988,10,1989,6.300099574,125,74.58422052,0.148278013,0.214076381,0.001621791,0.009730745,0.296556025,0.1,0.23,0.33,0.54,5.909999847,124.1900024
1988,11,1989,3.68620858,251,192.161256,0.131289733,0.22768877,0.000629471,0.008183127,0.276247986,0.12,0.43,0.55,0.68,3.059999943,204.7299957
1988,12,1989,-5.806460271,30,29.21611186,0.141949073,0.127754166,N/A,0.012420544,0.293361418,0.02,0.12,0.14,0.12,-6.554999828,41.72999954
1989,1,1989,-5.9987606,81.1,13.53917379,0.165918544,0.114866684,N/A,0.017868151,0.306311158,0.12,0.38,0.5,0.42,-6.554999828,55.77999878
1989,2,1989,-7.701992086,83,37.52963962,0.151943905,0.276261646,N/A,0.03867663,0.272578157,0.05,0.19,0.24,0.26,-7.545000076,79.72000122
1989,3,1989,-3.323277761,55.1,81.47257209,0.142104265,0.162889665,N/A,0.026724086,0.264695706,0.08,0.15,0.23,0.32,-3.424999952,77.91999817
1989,4,1989,3.1591942,133,169.8334958,0.126165924,0.205731854,0.002136681,0.031337988,0.260471586,0.12,0.36,0.48,0.51,3.075000048,97.93000031
1989,5,1989,12.01894414,312,360.807105,0.115900157,0.258620184,0.001005745,0.027490368,0.261302171,0.34,0.41,0.75,1.24,12.55000019,211.0099945
1989,6,1989,15.7297831,120,71.49633878,0.118428442,0.16966687,N/A,0.00338367,0.286161786,0.07,0.18,0.25,0.41,16.22999954,104.9700012
1989,7,1989,17.87156285,29.6,0.475058729,0.3637445,0.4364934,N/A,N/A,0.5819912,0.11,0.11,0.22,0.3,18.625,61.15000153
1989,8,1989,16.65087381,113,1.187646824,0.1454978,0.17459736,N/A,N/A,0.23279648,0.18,0.41,0.59,1.13,17.40500069,116.1500015
1989,9,1989,12.93919876,105,2.850352376,0.18187225,0.18187225,N/A,N/A,0.2909956,0.12,0.25,0.37,0.58,13.34000015,113.9000015
1989,10,1990,8.2565464,119,54.39422452,0.149309969,0.163923286,N/A,N/A,0.31513934,0.07,0.11,0.18,0.26,7.994999886,89.09999847
1989,11,1990,0.57595978,239,223.5151322,0.096637752,0.1530742,0.000541171,0.003247028,0.207809823,0.25,0.61,0.86,0.98,0.300000012,183.1100006
1989,12,1990,-12.34467146,51,23.75293647,0.13822291,0.13094802,N/A,0.010184846,0.279355776,0.03,0.13,0.16,0.09,-13.54500008,67.36000061
1990,1,1990,-3.967065819,140,119.4772704,0.091116913,0.110208075,N/A,0.021260613,0.178184184,0.13,0.45,0.58,0.6,-4.09499979,130.2700043
1990,2,1990,-7.128077129,52,81.47257209,0.093322204,0.094170588,N/A,0.017816057,0.179857339,0.05,0.19,0.24,0.23,-7.09499979,61.75999832
1990,3,1990,-1.500605077,59,174.3465537,0.095148425,0.140938605,N/A,0.020119927,0.206154921,0.15,0.21,0.36,0.45,-1.519999981,58.29000092
1990,4,1990,4.9303081,142,166.5080847,0.117269981,0.184933723,N/A,0.017434829,0.275636346,0.18,0.35,0.53,0.77,4.784999847,114.8600006
1990,5,1990,9.259852465,155,175.5342005,0.04429906,0.066153262,N/A,0.011025544,0.292964447,0.08,0.19,0.27,0.52,9.545000076,183.1600037
1990,6,1990,14.88310426,113,30.16622932,0.074467378,0.109982589,N/A,0.004009782,0.293286904,0.14,0.24,0.38,0.55,15.96500015,100.5899963
1990,7,1990,18.38993765,78,1.900234918,0.18187225,0.163685025,N/A,N/A,0.4364934,0.06,0.18,0.24,0.44,19.54999924,97.97000122
1990,8,1990,18.34813323,113,6.888351576,0.125429138,0.270926938,N/A,N/A,0.280961269,0.03,0.1,0.13,0.3,19.52000046,98.77999878
1990,9,1990,12.4467427,126,18.05223172,0.143583355,0.183786695,N/A,N/A,0.306311158,0.2,0.26,0.46,0.91,12.98499966,107.4100037
1990,10,1991,8.348516123,146,115.6768006,0.134443552,0.214213393,0.001045672,0.002091344,0.29876345,0.12,0.31,0.43,0.69,9.119999886,171.6000061
1990,11,1991,2.39891116,114,115.2017419,0.128998049,0.180897265,N/A,0.009449857,0.275995827,0.09,0.21,0.3,0.34,2.339999914,125.8499985
1990,12,1991,-2.144393135,163,210.9260759,0.121248167,0.195635555,N/A,0.020071487,0.254293452,0.08,0.24,0.32,0.46,-2.019999981,183.6000061
1991,1,1991,-9.150813819,94,40.379992,0.132659759,0.133515628,N/A,0.017973258,0.273878212,0.04,0.15,0.19,0.16,-9.085000038,94.83999634
1991,2,1991,-4.582486593,71,23.75293647,0.13822291,0.113488284,N/A,0.025462115,0.279355776,0.09,0.21,0.3,0.36,-4.784999847,36.88999939
1991,3,1991,-0.079254819,168,232.3037187,0.117528898,0.153531421,N/A,0.031762557,0.253505369,0.11,0.22,0.33,0.42,-0.289999992,158.4700012
1991,4,1991,5.71650988,116,165.0829085,0.10676817,0.148219342,N/A,0.017585346,0.269641966,0.32,0.26,0.58,0.63,5.570000172,103.25
1991,5,1991,12.18616182,104,68.6459864,0.105725045,0.163118641,N/A,0.005286252,0.277905833,0.11,0.19,0.3,0.47,12.63500023,100.5899963
1991,6,1991,16.20496,64,5.700704753,0.121248167,0.163685025,N/A,N/A,0.339494867,0.07,0.11,0.18,0.25,16.81999969,56.86999893
1991,7,1991,18.52371179,78,0,N/A,N/A,N/A,N/A,N/A,0.15,0.19,0.34,0.54,19.26000023,64.94000244
1991,8,1991,18.33977235,182,5.938234118,0.11639824,0.157137624,N/A,N/A,0.279355776,0.06,0.18,0.24,0.46,19.10499954,204.4600067
1991,9,1991,12.03204286,59,44.18046184,0.113425704,0.227633655,N/A,N/A,0.262834735,0.06,0.14,0.2,0.32,12.52000046,150.8000031
1991,10,1992,8.315072587,231,118.527153,0.116631503,0.179320936,0.001020526,N/A,0.272917717,0.13,0.31,0.44,0.76,8.545000076,111.0699997
1991,11,1992,2.58034234,88,103.8003324,0.116531419,0.139837703,N/A,N/A,0.274348254,0.05,0.12,0.17,0.18,2.430000067,101.1699982
1991,12,1992,-7.328141135,65,59.14481181,0.122708988,0.122708988,N/A,0.00204515,0.271128431,0.07,0.24,0.31,0.2,-6.619999886,81.33000183
1992,1,1992,-8.130785987,165,117.1019768,0.122477864,0.165566462,N/A,0.01239535,0.271517193,0.06,0.12,0.18,0.28,-8.340000153,143.3399963
1992,2,1992,-7.437697545,80,23.99046584,0.136854366,0.112364638,N/A,0.010084006,0.276589877,0.16,0.26,0.42,0.43,-7.159999847,105.5800018
1992,3,1992,-3.231308039,118,150.8311466,0.126021717,0.116856501,N/A,0.011227389,0.265791257,0.11,0.22,0.33,0.53,-3.704999924,88.72000122
1992,4,1992,3.0296005,93,122.8026816,0.115385103,0.132552154,N/A,0.008864953,0.249907246,0.11,0.2,0.31,0.34,2.845000029,60.84000015
1992,5,1992,10.36348914,24,55.34434198,0.118646275,0.151742341,N/A,0.006556768,0.274759794,0.11,0.11,0.22,0.26,10.71500015,25.84000015
1992,6,1992,15.49651444,158,64.6079872,0.120356636,0.200594393,N/A,N/A,0.265319518,0.14,0.22,0.36,0.59,15.89500046,122
1992,7,1992,15.84822895,78,26.60328885,0.123413313,0.148095975,N/A,N/A,0.2806029,0.14,0.29,0.43,0.66,16.65999985,92.48999786
1992,8,1992,17.0187527,114,12.82658569,0.148192204,0.169747433,N/A,N/A,0.323328444,0.09,0.13,0.22,0.36,17.67000008,84.55000305
1992,9,1992,12.4899406,53,1.900234918,0.18187225,0.163685025,N/A,N/A,0.2909956,0.03,0.08,0.11,0.21,13.59500027,62.45999908
1992,10,1993,5.689755052,134,66.74575148,0.129446441,0.17242266,N/A,N/A,0.285817742,0.19,0.33,0.52,0.84,6.190000057,99.30999756
1992,11,1993,0.55004104,82,90.97374668,0.12536364,0.137900004,N/A,N/A,0.276559787,0.06,0.27,0.33,0.34,0.294999987,99.05999756
1992,12,1993,-4.610853877,64,52.73151896,0.127802122,0.125835935,N/A,0.002293884,0.272644526,0.01,0.13,0.14,0.18,-4.25,61.02999878
1993,1,1993,-8.281281897,96,73.15904433,0.125184795,0.137467077,N/A,0.006613536,0.268320618,0.04,0.15,0.19,0.26,-8.005000114,68.62999725
1993,2,1993,-11.82122041,88,27.31587694,0.126519826,0.110072249,N/A,0.004428194,0.28340441,0.03,0.2,0.23,0.16,-11.73999977,101.8199997
1993,3,1993,-3.29819511,104,110.4511546,0.109514473,0.134233454,N/A,0.007666013,0.247815608,0.02,0.12,0.14,0.28,-2.789999962,104.4499969
1993,4,1993,4.66248112,194,322.0898185,0.099788314,0.160948894,N/A,0.004506569,0.236058378,0.1,0.15,0.25,0.37,4.809999943,163.3699951
1993,5,1993,11.22466017,36,43.70540311,0.114658592,0.158940532,N/A,N/A,0.265691635,0.15,0.23,0.38,0.37,11.26500034,57.38000107
1993,6,1993,15.57427066,96,28.97858249,0.119260492,0.146690405,N/A,N/A,0.276684341,0.18,0.26,0.44,0.62,15.70499992,110.0299988
1993,7,1993,18.39829854,47,0,N/A,N/A,N/A,N/A,N/A,0.03,0.06,0.09,0.12,18.79000092,53.36999893
1993,8,1993,18.44846384,52,0,N/A,N/A,N/A,N/A,N/A,0.15,0.21,0.36,0.65,18.95999908,37.20999908
1993,9,1993,12.76640716,109,0,N/A,N/A,N/A,N/A,N/A,0.11,0.2,0.31,0.58,13.36999989,113.8000031
1993,10,1994,5.079410529,96,17.10211426,0.141456194,0.151560208,N/A,N/A,0.2909956,0.07,0.22,0.29,0.38,5.324999809,135.5399933
1993,11,1994,1.31032408,186,132.0663268,0.133460212,0.188414417,N/A,N/A,0.263780184,0.09,0.28,0.37,0.45,1.570000052,135.1100006
1993,12,1994,-4.343305594,232,262.469948,0.110604662,0.223974441,N/A,0.000460853,0.246490391,0.11,0.22,0.33,0.46,-3.970000029,188.2799988
1994,1,1994,-13.31453399,120,118.0520943,0.096608197,0.117686349,N/A,0.003073897,0.222491606,0.06,0.33,0.39,0.3,-13.10999966,144.1600037
1994,2,1994,-9.553330657,62,32.3039936,0.085586941,0.093075799,N/A,0.003744429,0.196849965,0.01,0.04,0.05,0.08,-9.199999809,26.56999969
1994,3,1994,-1.893566619,173,76.95951416,0.101040139,0.095651331,N/A,0.009430413,0.204774681,0.08,0.21,0.29,0.34,-1.63499999,154.6699982
1994,4,1994,4.6279228,81,273.6338281,0.085884118,0.100029738,N/A,0.002652304,0.222288306,0.18,0.22,0.4,0.42,4.545000076,108.4899979
1994,5,1994,9.677896658,137,107.3632728,0.091740869,0.155476631,N/A,N/A,0.247217501,0.24,0.36,0.6,0.73,9.595000267,134.1999969
1994,6,1994,16.95660346,92,34.67928725,0.10962163,0.176391168,N/A,N/A,0.271064395,0.26,0.32,0.58,0.73,17.34499931,82.02999878
1994,7,1994,20.21261034,22,0.475058729,0.3637445,0.2182467,N/A,N/A,0.5819912,0.03,0.1,0.13,0.12,20.78000069,70.91999817
1994,8,1994,16.89333944,81,0,N/A,N/A,N/A,N/A,N/A,0.17,0.2,0.37,0.64,17.96999931,59.84999847
1994,9,1994,12.52449892,88,0,N/A,N/A,N/A,N/A,N/A,0.04,0.07,0.11,0.2,12.93000031,116.5999985
1994,10,1995,7.729810716,65,1.662705553,0.103927,0.2494248,N/A,N/A,0.3325664,0.06,0.14,0.2,0.28,8.079999924,63.18999863
1994,11,1995,2.76177352,124,67.22081021,0.12339036,0.169661746,N/A,N/A,0.271458793,0.07,0.14,0.21,0.26,3.345000029,136.0599976
1994,12,1995,-3.440330135,72,64.6079872,0.123031228,0.149242229,N/A,0.001872214,0.269598865,0.04,0.13,0.17,0.17,-3.109999895,82.66000366
1995,1,1995,-5.806460271,154,103.3252736,0.113722418,0.182624825,0.001170672,0.00585336,0.243499766,0.08,0.41,0.49,0.36,-5.59499979,135.1799927
1995,2,1995,-8.905362157,51,23.27787774,0.111350357,0.106896343,N/A,0.00519635,0.225670057,0.03,0.09,0.12,0.09,-8.965000153,88.59999847
1995,3,1995,-2.394821514,125,152.7313815,0.107482823,0.133731259,N/A,0.003167915,0.229900101,0.14,0.24,0.38,0.42,-1.139999986,80.33000183
1995,4,1995,3.66892942,79,127.5532688,0.101604609,0.177198438,N/A,0.002844929,0.242767279,0.19,0.23,0.42,0.44,2.809999943,80.61000061
1995,5,1995,10.59759388,109,83.84786574,0.103043768,0.176823105,N/A,N/A,0.253899844,0.13,0.23,0.36,0.36,10.09500027,111.4300003
1995,6,1995,16.88748682,92,34.67928725,0.104638829,0.173401488,N/A,N/A,0.239174466,0.12,0.15,0.27,0.24,17.25499916,73.98999786
1995,7,1995,19.70259642,94,5.225646024,N/A,N/A,N/A,N/A,N/A,0.1,0.17,0.27,0.23,19.97999954,81.76999664
1995,8,1995,17.87992374,45,0,N/A,N/A,N/A,N/A,N/A,0.11,0.19,0.3,0.36,18.64500046,34.54999924
1995,9,1995,11.20264318,84,0,N/A,N/A,N/A,N/A,N/A,0.18,0.2,0.38,0.47,11.79500008,66.52999878
1995,10,1996,9.075913019,183,39.90493327,0.121248167,0.24422845,N/A,N/A,0.2286394,0.1,0.28,0.38,0.46,10.03499985,160.9499969
1995,11,1996,0.15262036,228,241.8048933,0.106479235,0.226822209,0.000500238,N/A,0.211529218,0.17,0.59,0.76,0.69,0.430000007,221.5
1995,12,1996,-5.505468452,126,40.14246264,0.124835391,0.142054065,N/A,N/A,0.227286504,0.16,0.11,0.27,0.25,-6.315000057,99.40000153
1996,1,1996,-7.771267981,146,273.8713575,0.11167871,0.16543592,0.000883334,0.002650003,0.213009789,0.05,0.17,0.22,0.53,-8.550000191,124.2799988
1996,2,1996,-5.820010669,96,99.52480381,0.126746294,0.143761549,N/A,0.002430751,0.216684074,0.05,0.25,0.3,0.34,-6.724999905,93.69000244
1996,3,1996,-1.458800658,107,99.28727445,0.114866684,0.140972749,N/A,0.002436566,0.217202457,0.13,0.3,0.43,0.41,-2.75999999,89.18000031
1996,4,1996,4.74887692,174,241.0923052,0.096759621,0.173307232,N/A,0.00150515,0.211007647,0.15,0.28,0.43,0.46,4.534999847,136.3999939
1996,5,1996,10.60595477,126,154.6316164,0.099457022,0.174999658,N/A,N/A,0.227074908,0.29,0.29,0.58,0.53,9.670000076,138.8600006
1996,6,1996,16.41230992,158,95.48680461,0.095912729,0.170471303,0.001266772,N/A,0.243220203,0.15,0.26,0.41,0.38,15.89000034,113.0500031
1996,7,1996,17.76287136,253,186.93561,0.092438247,0.198002724,0.000647068,N/A,0.230725863,0.26,0.43,0.69,0.92,17.76000023,180.9799957
1996,8,1996,18.03878053,3,9.263645224,0.111921385,0.011192138,N/A,N/A,0.268611323,0,0.01,0.01,0.01,18.41500092,31.60000038
1996,9,1996,13.06015288,157,37.05458089,0.097931212,0.18187225,N/A,N/A,0.253688472,0.03,0.1,0.13,0.18,13.49499989,172.0700073
1996,10,1997,6.199768968,125,70.78375068,0.100090768,0.162586468,N/A,N/A,0.25779476,0.14,0.35,0.49,0.52,6.735000134,101.8099976
1996,11,1997,0.41180776,57,53.68163642,0.103007292,0.129402911,N/A,N/A,0.25751823,0.04,0.12,0.16,0.15,0.104999997,80.77999878
1996,12,1997,-0.723042877,294,289.7858249,0.100775116,0.20608213,N/A,0.001252235,0.228980144,0.19,0.95,1.14,0.94,-1.070000052,188.9199982
1997,1,1997,-7.721102677,107,76.00939671,0.102303141,0.135040146,N/A,0.004774147,0.24007137,0.06,0.18,0.24,0.36,-8.18500042,120.6100006
1997,2,1997,-4.563973207,55,49.88116659,0.117783933,0.12886948,N/A,0.004849927,0.2494248,0.11,0.28,0.39,0.31,-5.610000134,71.36000061
1997,3,1997,-2.846707381,94,64.37045784,0.112747373,0.127243463,N/A,0.003758246,0.249118004,0.06,0.23,0.29,0.28,-3.765000105,111.8899994
1997,4,1997,3.51341698,106,202.8500775,0.09029723,0.176846272,N/A,0.006559327,0.223528236,0.16,0.28,0.44,0.45,3.224999905,84.76000214
1997,5,1997,8.36523789,108,133.2539736,0.081696626,0.185179018,N/A,0.005446442,0.224082173,0.2,0.21,0.41,0.46,8.795000076,113.9400024
1997,6,1997,15.56563108,61,15.67693807,0.088180485,0.152111336,N/A,N/A,0.246905358,0.23,0.22,0.45,0.43,16.20499992,76.93000031
1997,7,1997,18.69929035,110,10.68882141,0.210163489,0.310395307,N/A,N/A,0.439726684,0.22,0.32,0.54,0.75,19.44499969,74.97000122
1997,8,1997,15.84822895,36,0,N/A,N/A,N/A,N/A,N/A,0.05,0.08,0.13,0.23,17.85000038,72.91999817
1997,9,1997,11.88517,139,0,N/A,N/A,N/A,N/A,N/A,0.17,0.39,0.56,0.95,13.18500042,85.87000275
1997,10,1998,5.03760611,19,0.712588094,N/A,N/A,N/A,N/A,N/A,0.03,0.04,0.07,0.09,6.614999771,39.36000061
1997,11,1998,-0.66813974,108,78.62221972,0.11209045,0.213631211,N/A,N/A,0.263742236,0.05,0.11,0.16,0.19,0.239999995,126.4899979
1997,12,1998,-5.672686129,110,31.59140551,0.109396842,0.160813358,N/A,N/A,0.271304168,0.11,0.42,0.53,0.35,-4.925000191,87.02999878
1998,1,1998,-6.36663949,90,84.08539511,0.094532469,0.161527219,N/A,0.002877075,0.246606441,0.01,0.04,0.05,0.09,-6.210000038,183.6799927
1998,2,1998,-3.656817307,38,132.7789149,0.088495979,0.178033086,N/A,0.001821976,0.241541965,0,0.03,0.03,0.07,-2.75999999,118.8499985
1998,3,1998,-0.781569065,223,361.7572224,0.060663889,0.238452074,N/A,0.001337472,0.188010289,0.1,0.21,0.31,0.47,-0.360000014,135.8300018
1998,4,1998,4.57608532,70,108.5509197,0.076410223,0.176698641,N/A,N/A,0.241965707,0.1,0.11,0.21,0.23,5.875,97.08999634
1998,5,1998,12.93028048,113,111.8763308,0.077228132,0.215929856,N/A,N/A,0.247130021,0.11,0.13,0.24,0.27,13.42500019,89.94999695
1998,6,1998,13.98458794,174,126.8406808,0.085827354,0.216611893,N/A,N/A,0.233232428,0.26,0.39,0.65,0.87,14.72999954,151.2799988
1998,7,1998,17.56221015,60,18.28976108,0.103927,0.215412327,N/A,N/A,0.272099782,0.16,0.17,0.33,0.46,19.24500084,72.01999664
1998,8,1998,17.52040573,40,0,N/A,N/A,N/A,N/A,N/A,0.1,0.16,0.26,0.34,18.96999931,51.63999939
1998,9,1998,13.46621314,66,0,N/A,N/A,N/A,N/A,N/A,0.2,0.2,0.4,0.45,14.08500004,65.73000336
1998,10,1999,7.177992381,134,58.43222372,0.103504533,0.202277429,N/A,N/A,0.264971603,0.14,0.21,0.35,0.48,7.599999905,160.3000031
1998,11,1999,1.05977626,93,77.90963162,0.088718171,0.134408029,N/A,N/A,0.227118517,0.11,0.23,0.34,0.47,1.684999943,81.98000336
1998,12,1999,-2.637685284,31,54.39422452,0.104834659,0.154392862,N/A,0.006671297,0.269393307,0.04,0.05,0.09,0.17,-2.019999981,55.27000046
1999,1,1999,-8.206033942,209,244.4177163,0.095443163,0.158223555,0.002474452,0.005443795,0.249990389,0.11,0.4,0.51,0.66,-7.514999866,173.6999969
1999,2,1999,-4.082625179,100,76.00939671,0.090936125,0.180053528,N/A,0.007956911,0.24734626,0.07,0.11,0.18,0.31,-4.005000114,98.61000061
1999,3,1999,-0.18794631,386,250.3559504,0.096630417,0.14908693,0.000483152,0.006280977,0.205408659,0.57,0.85,1.42,2.09,0.100000001,183.0099945
1999,4,1999,5.12037886,7,73.87163242,0.100585296,0.145965639,N/A,0.00327487,0.232047938,0.09,0.12,0.21,0.18,5.485000134,22.26000023
1999,5,1999,10.82333775,70,49.16857849,0.098404309,0.177127757,N/A,N/A,0.241793445,0.1,0.14,0.24,0.35,13.02999973,76.08999634
1999,6,1999,16.87020766,56,6.175763482,0.111921385,0.151093869,N/A,N/A,0.268611323,0.2,0.37,0.57,0.68,18.17499924,64.41999817
1999,7,1999,18.77453831,51,0,N/A,N/A,N/A,N/A,N/A,0.06,0.16,0.22,0.36,20.25499916,70.55999756
1999,8,1999,16.74284353,79,0.237529365,N/A,0.4364934,N/A,N/A,N/A,0.13,0.14,0.27,0.41,18.25499916,67.98999786
1999,9,1999,15.61746856,212,50.35622532,0.102946557,0.240894942,N/A,N/A,0.219619321,0.18,0.25,0.43,0.72,17.05999947,233.9900055
1999,10,2000,5.597785329,111,78.14716099,0.095082149,0.206969515,N/A,N/A,0.226428187,0.12,0.19,0.31,0.47,6.525000095,109.0800018
1999,11,2000,3.31470664,128,117.5770355,0.105816582,0.195760676,N/A,N/A,0.23279648,0.12,0.27,0.39,0.49,3.815000057,124.4000015
1999,12,2000,-2.73801589,132,146.7931474,0.092996167,0.2005892,0.000824017,0.000824017,0.218482133,0.06,0.27,0.33,0.27,-2.394999981,110.0400009
2000,1,2000,-8.231116594,117,75.29680861,0.098681473,0.179003603,0.001606443,0.003212885,0.234999601,0.14,0.28,0.42,0.41,-7.889999866,125.3399963
2000,2,2000,-7.705822441,60,98.09962762,0.098642576,0.216661373,0.001233032,0.007398193,0.222650386,0.06,0.19,0.25,0.29,-5.599999905,89.41999817
2000,3,2000,0.414037329,93,247.2680687,0.07826971,0.206296593,0.000978371,0.002445928,0.215800772,0.14,0.29,0.43,0.46,1.389999986,117.1399994
2000,4,2000,4.109548,193,181.2349053,0.089625119,0.205947083,0.001334842,0.001334842,0.247136499,0.38,0.67,1.05,1.14,4.630000114,153.1600037
2000,5,2000,9.017386832,122,102.8502149,0.090726111,0.167339271,0.001176079,N/A,0.233871752,0.4,0.4,0.8,0.87,9.960000038,117.9300003
2000,6,2000,14.14873996,76,27.07834758,0.095722237,0.168471137,N/A,N/A,0.234838554,0.14,0.19,0.33,0.38,15.56000042,61.90999985
2000,7,2000,16.12413812,87,8.0759984,0.106983676,0.154056494,N/A,N/A,0.239643435,0.07,0.12,0.19,0.28,17.55999947,86.05000305
2000,8,2000,16.37496464,52,0,N/A,N/A,N/A,N/A,N/A,0.14,0.15,0.29,0.31,17.73500061,51.95999908
2000,9,2000,11.55686596,101,0,N/A,N/A,N/A,N/A,N/A,0.18,0.22,0.4,0.48,12.96500015,73.76000214
2000,10,2001,6.492399903,80,14.96434998,0.115474444,0.284067133,N/A,N/A,0.240186844,0.08,0.12,0.2,0.4,7.599999905,102.3399963
2000,11,2001,1.949653,127,76.48445544,0.103927,0.203335435,N/A,N/A,0.234965391,0.04,0.05,0.09,0.14,2.595000029,87.20999908
2000,12,2001,-6.600744239,94,78.85974908,0.098605437,0.203784569,N/A,0.001533862,0.224382149,0.05,0.18,0.23,0.28,-6.355000019,116.9499969
2001,1,2001,-9.961819555,64,12.1139976,0.114115922,0.136939106,N/A,N/A,0.251055027,0.04,0.17,0.21,0.19,-8.510000229,46.27999878
2001,2,2001,-8.340703893,119,14.25176188,0.121248167,0.15277269,N/A,N/A,0.252196187,0.25,0.58,0.83,0.73,-7.364999771,75.37999725
2001,3,2001,-3.983787587,55,17.33964362,0.129552836,0.161442764,N/A,N/A,0.25511943,0.05,0.1,0.15,0.15,-2.835000038,111.6800003
2001,4,2001,3.5911732,157,265.5578297,0.080036804,0.208486114,N/A,0.001366482,0.225925028,0.1,0.12,0.22,0.41,4.005000114,36.88999939
2001,5,2001,11.37515608,42,25.41564202,0.095185477,0.244762654,N/A,N/A,0.250201824,0.04,0.06,0.1,0.15,12.36999989,50.11000061
2001,6,2001,16.87020766,69,17.57717299,0.108140257,0.176956784,N/A,N/A,0.25167187,0.06,0.11,0.17,0.23,17.64500046,87.25
2001,7,2001,16.6940869,80,1.662705553,0.103927,0.1870686,N/A,N/A,0.3325664,0.05,0.06,0.11,0.11,18.13500023,62.86000061
2001,8,2001,18.9530171,27,0,N/A,N/A,N/A,N/A,N/A,0.08,0.09,0.17,0.3,20.09000015,30.75
2001,9,2001,14.57923167,63,0,N/A,N/A,N/A,N/A,N/A,0.09,0.13,0.22,0.34,14.71000004,88.40000153
2001,10,2002,9.063875097,79,0,N/A,N/A,N/A,N/A,N/A,0.09,0.17,0.26,0.34,8.975000381,46.99000168
2001,11,2002,2.907611333,41.1,0.475058729,N/A,0.2182467,N/A,N/A,N/A,0.18,0.39,0.57,0.42,3.734999895,60.74000168
2001,12,2002,-2.058828219,99.4,37.29211026,0.139010637,0.258559785,N/A,0.003243582,0.274314324,0.09,0.31,0.4,0.3,-0.920000017,74.27999878
2002,1,2002,-5.281409594,87.9,21.85270155,0.142334804,0.156568285,N/A,N/A,0.303647583,0.09,0.22,0.31,0.2,-4.914999962,88.19000244
2002,2,2002,-5.850653514,122,147.7432648,0.098246103,0.235088889,0.000818718,0.00327487,0.226433875,0.17,0.36,0.53,0.41,-5.005000114,124.0299988
2002,3,2002,-1.744824794,90.8,215.2016044,0.084311639,0.217764919,0.000562078,0.001124155,0.22226154,0.09,0.11,0.2,0.24,-1.399999976,122.5999985
2002,4,2002,3.377922333,269,181.2349053,0.082950908,0.206519158,N/A,N/A,0.233406694,0.43,0.48,0.91,0.83,4.730000019,144.2700043
2002,5,2002,9.385883871,76.3,96.9119808,0.082020819,0.187221434,N/A,N/A,0.242496333,0.14,0.14,0.28,0.27,9.729999542,84.75
2002,6,2002,13.30089667,80.6,21.37764282,0.096998533,0.17459736,N/A,N/A,0.245729618,0.2,0.24,0.44,0.33,14.86499977,90.55999756
2002,7,2002,16.95537935,108,6.413292847,0.053888074,0.113164956,N/A,N/A,0.129331378,0.36,0.27,0.63,0.52,18.79999924,93.48999786
2002,8,2002,18.25567935,15.3,0,N/A,N/A,N/A,N/A,N/A,0.07,0.06,0.13,0.15,19.77000046,27.87999916
2002,9,2002,14.288825,109,0.237529365,N/A,N/A,N/A,N/A,N/A,0.13,0.14,0.27,0.32,15.28999996,124.5999985
2002,10,2003,5.21265871,115,0.475058729,N/A,N/A,N/A,N/A,N/A,0.09,0.17,0.26,0.29,5.929999828,84.25
2002,11,2003,-0.413975,64.5,132.3038561,0.084895485,0.235878839,N/A,N/A,0.208973501,0.05,0.06,0.11,0.16,0.38499999,140.2200012
2002,12,2003,-4.694263871,177,148.2183236,0.074614256,0.286798548,N/A,0.000816093,0.207054562,0.03,0.06,0.09,0.12,-4.579999924,130.0399933
2003,1,2003,-12.14401025,50.8,25.41564202,0.101984439,0.195810123,N/A,N/A,0.261080164,0.02,0.08,0.1,0.1,-11.30500031,44.49000168
2003,2,2003,-9.988395221,97.5,23.75293647,0.10912335,0.187692162,N/A,N/A,0.267715952,0.04,0.18,0.22,0.12,-9.239999771,89.80999756
2003,3,2003,-3.419525226,138,209.2633703,0.080098108,0.218494426,N/A,0.002890138,0.225926209,0.07,0.21,0.28,0.24,-3.079999924,132.8600006
2003,4,2003,2.280527,127,163.1826736,0.072007645,0.186160941,N/A,N/A,0.228730166,0.14,0.22,0.36,0.35,2.799999952,61.18000031
2003,5,2003,9.857202903,94.1,93.11151096,0.074233571,0.170366046,N/A,N/A,0.243486114,0,0.11,0.11,0.22,10.06499958,93.63999939
2003,6,2003,15.43966567,107,71.49633878,0.072507209,0.203020186,N/A,N/A,0.239757172,0.04,0.11,0.15,0.24,16.25499916,86.08000183
2003,7,2003,18.08639645,67.3,0.237529365,N/A,N/A,N/A,N/A,N/A,0.2,0.17,0.37,0.37,19.26499939,68.01000214
2003,8,2003,17.90379839,63.2,2.375293647,0.0727489,N/A,N/A,N/A,0.23279648,0.04,0.05,0.09,0.08,19.125,72.65000153
2003,9,2003,14.76311867,132,1.900234918,0.090936125,N/A,N/A,N/A,0.2909956,0.14,0.21,0.35,0.55,15.20499992,112.5999985
2003,10,2004,7.394754516,259,211.8761933,0.092975052,N/A,N/A,N/A,0.214005733,0.12,0.54,0.66,0.84,7.849999905,247
2003,11,2004,2.066439333,175,192.8738441,0.086904474,N/A,N/A,N/A,0.216454855,0.04,0.13,0.17,0.25,2.845000029,133.8899994
2003,12,2004,-3.467458387,174,225.4153671,0.078958237,N/A,N/A,0.001073219,0.204831466,0.02,0.07,0.09,0.24,-3.190000057,157.8999939
2004,1,2004,-14.04654935,N/A,28.97858249,0.089445369,N/A,N/A,N/A,0.228980144,N/A,N/A,N/A,N/A,-13.03999996,30.76000023
2004,2,2004,-6.450294828,22.1,4.0379992,0.128380412,N/A,N/A,N/A,0.342347765,0,0.06,0.06,0.11,-6.079999924,38.34000015
2004,3,2004,-1.919932581,46.5,50.59375468,0.099047798,N/A,N/A,0.002390809,0.229517656,0,0.27,0.27,0.34,-1.159999967,55.33000183
2004,4,2004,3.974092,90.6,154.3940871,0.088417894,0.027532661,N/A,N/A,0.225633511,0,0.05,0.05,0.24,4.590000153,99.73000336
2004,5,2004,10.14162,97.5,99.52480381,0.097230033,0.161471305,N/A,N/A,0.238908082,0.01,0.11,0.12,0.18,10.97500038,96.18000031
2004,6,2004,13.458595,68.5,23.75293647,0.10184846,0.148407756,N/A,N/A,0.256076128,0,0.12,0.12,0.27,14.26000023,59.15999985
2004,7,2004,16.78594581,158,36.57952216,0.103927,0.215412327,N/A,N/A,0.241866473,0.21,0.29,0.5,0.64,18.13500023,95.68000031
2004,8,2004,17.3185429,151,64.84551656,0.106591795,0.230238277,N/A,N/A,0.234501949,0.15,0.14,0.29,0.39,18.61000061,164.2100067
2004,9,2004,13.07501833,58.9,39.42987454,0.11394406,0.17091609,N/A,N/A,0.245417976,0.01,0.04,0.05,0.06,13.64500046,71.65000153
2004,10,2005,7.572948065,76.8,27.07834758,0.108485202,0.153155579,N/A,N/A,0.255259298,0.05,0.1,0.15,0.22,8.154999733,74.73999786
2004,11,2005,0.724878,47.2,92.16139351,0.099373497,0.248621241,N/A,N/A,0.224996598,0.04,0.13,0.17,0.14,1.549999952,125.2300034
2004,12,2005,-5.661862581,120,111.1637427,0.091713357,0.198660458,N/A,0.002176249,0.221355627,0.03,0.08,0.11,0.17,-5.150000095,118.8399963
2005,1,2005,-10.64755774,87.3,63.18281101,0.112131763,0.127994305,N/A,N/A,0.231921305,0.11,0.2,0.31,0.3,-10.125,93.65000153
2005,2,2005,-5.389704643,80.6,33.25411106,0.11951605,0.12159459,N/A,N/A,0.2494248,0.04,0.09,0.13,0.18,-5.275000095,75.76999664
2005,3,2005,-2.823872581,116,177.9094942,0.080616271,0.188816905,N/A,0.001359793,0.214458707,0.07,0.05,0.12,0.12,-2.345000029,173.1100006
2005,4,2005,5.118412,281,346.0802844,0.0654091,0.193231464,N/A,0.000349514,0.206912451,0.27,0.24,0.51,0.57,5.59499979,185.4100037
2005,5,2005,7.632486452,280,231.5911306,0.071629686,0.192504782,N/A,N/A,0.224439683,0.21,0.17,0.38,0.48,8.329999924,206.8800049
2005,6,2005,16.25819267,77.9,58.19469435,0.089080286,0.14965488,N/A,N/A,0.237547429,0.19,0.21,0.4,0.52,16.89500046,73.13999939
2005,7,2005,18.09472613,26.9,4.275528565,0.121248167,0.169747433,N/A,N/A,0.258662756,0.01,0.03,0.04,0.06,19.10499954,85.66999817
2005,8,2005,18.17702,57.2,1.900234918,0.090936125,0.2182467,N/A,N/A,0.2909956,0.03,0.05,0.08,0.09,18.97999954,110.6500015
2005,9,2005,14.775065,105,5.938234118,0.08729868,0.209516832,N/A,N/A,0.186237184,0.18,0.26,0.44,0.55,15.26000023,104.7399979
2005,10,2006,8.165107419,322,320.6646424,0.082987634,0.202726935,N/A,N/A,0.213827878,0.13,0.06,0.19,0.11,8.925000191,345.8599854
2005,11,2006,2.658459667,254,170.0710251,0.079251595,0.19751936,N/A,N/A,0.201583544,0.26,0.28,0.54,0.6,3.170000076,173.1000061
2005,12,2006,-5.160457097,142,171.0211426,0.080832111,0.194603308,N/A,0.000707281,0.18914714,0.06,0.18,0.24,0.23,-4.320000172,148.4299927
2006,1,2006,-3.693015161,203,161.2824386,0.087855814,0.129212332,0.006749898,0.001499977,0.207425435,0.11,0.23,0.34,0.32,-3.289999962,124.75
2006,2,2006,-6.749315714,84.8,67.69586894,0.096998533,0.131713798,0.030375856,0.008934075,0.208291587,0.04,0.07,0.11,0.14,-5.625,77.48000336
2006,3,2006,-1.030648065,38.2,24.94058329,0.103927,0.13718364,0.02909956,0.004849927,0.210625387,0.09,0.21,0.3,0.19,-0.629999995,35.41999817
2006,4,2006,5.506886667,57.2,67.69586894,0.099551126,0.131713798,0.00714726,0.001786815,0.204207439,0.11,0.15,0.26,0.23,6.135000229,65.87999725
2006,5,2006,11.46212226,143,114.7266832,0.091877493,0.137364383,N/A,N/A,0.212071328,0.19,0.12,0.31,0.32,12.14000034,160.6100006
2006,6,2006,15.36594467,263,205.4629005,0.074010442,0.17459736,N/A,N/A,0.196464081,0.14,0.15,0.29,0.31,17.06999969,205.7299957
2006,7,2006,19.19059581,91.4,57.71963562,0.083825893,0.197589605,N/A,N/A,0.201182143,0.29,0.22,0.51,0.47,20.64500046,143.8600006
2006,8,2006,15.92461161,339,25.65317139,0.08756812,0.137414589,N/A,N/A,0.215552296,0.37,0.33,0.7,0.98,16.78499985,96.33999634
2006,9,2006,13.328183,95.4,9.026115859,0.095722237,0.137840021,N/A,N/A,0.245048926,0.1,0.06,0.16,0.24,13.89000034,74.40000153
2006,10,2007,7.456355484,201,110.4511546,0.078224624,0.308830814,N/A,N/A,0.197751849,0.17,0.2,0.37,0.45,7.75,202.3099976
2006,11,2007,4.432526667,179,216.3892512,0.071071922,0.213215766,N/A,N/A,0.195487714,0.12,0.16,0.28,0.25,4.84499979,180.8699951
2006,12,2007,-2.121987419,92.4,89.07351176,0.081478768,0.130366029,N/A,0.001357979,0.211068809,0.08,0.24,0.32,0.24,-1.225000024,91.02999878
2007,1,2007,-7.487960323,116,85.27304193,0.079030838,0.134960355,N/A,0.001418502,0.204264321,0,0.11,0.11,0.13,-6.889999866,93.51999664
2007,2,2007,-10.04121786,59.1,10.68882141,0.113164956,0.126098093,N/A,N/A,0.23279648,0,0.04,0.04,0.05,-9.904999733,56.83000183
2007,3,2007,-2.789030323,140,173.3964362,0.066769538,0.18237053,N/A,0.009068698,0.175394608,0.16,0.23,0.39,0.39,-2.075000048,134.1699982
2007,4,2007,2.489771,191,207.3631354,0.059999093,0.168997445,N/A,0.002333298,0.177330652,0.08,0.11,0.19,0.26,3.414999962,182
2007,5,2007,10.7212829,112,95.24927525,0.06712492,0.148037662,N/A,N/A,0.208994346,0.08,0.11,0.19,0.28,10.85499954,96.08000183
2007,6,2007,15.161662,53.7,29.69117059,0.064019032,0.171105413,N/A,N/A,0.204860902,0.08,0.05,0.13,0.14,16.18000031,61.40000153
2007,7,2007,17.48538516,132,19.71493727,0.087649277,0.147250786,N/A,N/A,0.224382149,0.31,0.28,0.59,0.78,18.60000038,68.73999786
2007,8,2007,17.09410839,68.8,1.662705553,0.103927,0.2494248,N/A,N/A,0.3325664,0.16,0.19,0.35,0.43,18.18499947,91.70999908
2007,9,2007,13.92106333,67.2,0,N/A,N/A,N/A,N/A,N/A,0.08,0.1,0.18,0.26,14.53499985,64.73000336
2007,10,2008,9.507896452,144,10.45129205,0.099203045,0.148804568,N/A,N/A,0.238087309,0,0.04,0.04,0.14,10.09000015,118.3000031
2007,11,2008,0.236723333,181,147.2682061,0.079789116,0.223174851,N/A,N/A,0.183984315,0.16,0.24,0.4,0.46,0.995000005,188.5599976
2007,12,2008,-6.980136774,50.5,66.03316339,0.083739741,0.135030332,N/A,N/A,0.209349353,0,0,0,0,-6.559999943,127.9400024
2008,1,2008,-6.339723871,83.3,116.1518593,0.077360793,0.157994544,0.010413953,N/A,0.195187233,0,0.07,0.07,0.11,-6.019999981,85.94999695
2008,2,2008,-6.168767931,259,191.2111386,0.061452487,0.200082068,0.000632599,0.001897797,0.177850727,0.16,0.25,0.41,0.57,-5.820000172,167.8500061
2008,3,2008,-3.541010968,134,118.2896236,0.0686586,0.131473916,0.001022575,N/A,0.189322439,0,0.1,0.1,0.14,-3.190000057,141.7799988
2008,4,2008,5.483891,142,242.9925401,0.066135364,0.148484558,N/A,0.000995586,0.184325659,0.23,0.25,0.48,0.47,5.889999866,102.9400024
2008,5,2008,10.01914774,17.9,47.26834358,0.073114472,0.160120694,N/A,N/A,0.198871365,0.08,0.07,0.15,0.14,10.53499985,48.59000015
2008,6,2008,15.02005767,51.1,19.71493727,0.078884349,0.168286612,N/A,N/A,0.210358265,0.16,0.17,0.33,0.35,16.21999931,119.0899963
2008,7,2008,19.24356774,11.6,3.800469835,0.090936125,0.4364934,N/A,N/A,0.2182467,0,0.04,0.04,0.08,20.26499939,111.9100037
2008,8,2008,16.03116839,234,66.74575148,0.077667865,0.274944241,N/A,N/A,0.178118303,0.47,0.35,0.82,0.85,17.24500084,117.1699982
2008,9,2008,13.11114533,351,219.7146624,0.061345018,0.377507805,N/A,0.001101064,0.159811638,0.08,0.13,0.21,0.34,13.78999996,172.0299988
2008,10,2009,6.874426774,51.2,126.1280927,0.068501789,0.252360591,N/A,N/A,0.214821611,0.08,0.08,0.16,0.17,7.340000153,117.1699982
2008,11,2009,1.838673333,122,190.2610211,0.086281467,0.138413637,N/A,N/A,0.188911001,0,0.07,0.07,0.25,2.269999981,161.2700043
2008,12,2009,-4.977324516,134,259.3820663,0.083941038,0.121914365,N/A,N/A,0.187601559,0,0.1,0.1,0.2,-4.559999943,166.2400055
2009,1,2009,-11.60108032,0,46.31822612,0.179074215,0.248465474,N/A,0.002611499,0.405901555,0,0,0,0,-11.32499981,82.86000061
2009,2,2009,-6.212494286,0,29.21611186,0.106461805,0.13485162,N/A,N/A,0.236581789,0,0,0,0,-5.989999771,80.25
2009,3,2009,-2.553911613,10,119.4772704,0.076653911,0.118018096,N/A,0.00101241,0.180498265,0,0.01,0.01,0.03,-2.214999914,75
2009,4,2009,5.715799,174,319.9520543,0.057788659,0.170449539,N/A,N/A,0.168505247,0,0.07,0.07,0.2,5.800000191,130.2899933
2009,5,2009,10.46405806,51,73.63410306,0.0727489,0.133764106,N/A,N/A,0.183984315,0.08,0.08,0.16,0.13,11.07499981,114.0400009
2009,6,2009,13.64153567,38,142.0425601,0.071775671,0.143794648,N/A,N/A,0.186860051,0,0.03,0.03,0.05,14.75,189.9799957
2009,7,2009,15.94203742,118,94.77421652,0.074754509,0.140027958,N/A,N/A,0.183786695,0.16,0.11,0.27,0.2,17.07500076,146.0200043
2009,8,2009,18.19085226,14,30.64128805,0.073312845,0.15226514,N/A,N/A,0.189485507,0,0.03,0.03,0.06,19.36000061,120.6399994
2009,9,2009,12.691117,182,8.788586494,0.078647459,0.153362546,N/A,N/A,0.188753903,0.08,0.07,0.15,0.18,13.02000046,50.68999863
2009,10,2010,4.806274516,167,118.7646824,0.071293922,0.245309291,N/A,N/A,0.17459736,0,0.1,0.1,0.16,5.565000057,175.0399933
2009,11,2010,4.317551667,99,156.0567926,0.074188376,0.203298296,N/A,N/A,0.177166271,0,0.04,0.04,0.11,4.619999886,127.0899963
2009,12,2010,-5.373294516,108,157.0069101,0.078141784,0.118863558,N/A,N/A,0.195464518,0,0.07,0.07,0.1,-4.25,128.8300018
2010,1,2010,-6.482054516,62,150.3560879,0.078150477,0.110330085,N/A,N/A,0.18939998,0,0.04,0.04,0.07,-5.465000153,103.5500031
2010,2,2010,-4.504395,67.2,46.55575548,0.07794525,0.113577364,N/A,N/A,0.178160571,0,0.04,0.04,0.07,-3.234999895,74.41999817
2010,3,2010,1.381273871,66.2,253.6813615,0.071522795,0.130375838,N/A,N/A,0.167840159,0,0.03,0.03,0.07,2.315000057,153.3699951
2010,4,2010,7.012648333,190,104.7504498,0.072583937,0.129661305,N/A,N/A,0.174201448,0.08,0.14,0.22,0.27,7.599999905,63.40000153
2010,5,2010,12.14228194,53.9,30.87881741,0.083941038,0.127590378,N/A,N/A,0.196981637,0.16,0.14,0.3,0.19,12.73499966,60.61999893
2010,6,2010,14.692138,156,27.31587694,0.088563878,0.129050223,N/A,N/A,0.192310136,0.16,0.2,0.36,0.31,15.92500019,138.3699951
2010,7,2010,19.00960677,N/A,0.475058729,N/A,0.2182467,N/A,N/A,0.5819912,N/A,N/A,N/A,N/A,20.5,58.88000107
2010,8,2010,17.97541935,41,0,N/A,N/A,N/A,N/A,N/A,0,0.06,0.06,0.07,18.875,52.13999939
2010,9,2010,13.83427633,142,0.237529365,N/A,N/A,N/A,N/A,N/A,0,0.1,0.1,0.2,14.97000027,152.4499969
2010,10,2011,6.755458065,207,93.58656969,0.088628102,0.183903311,N/A,N/A,0.150667773,0,0.18,0.18,0.3,7.869999886,172.5
2010,11,2011,1.317747333,126,184.0852576,0.07697303,0.158264059,N/A,N/A,0.156198929,0,0.04,0.04,0.08,2.394999981,166.4900055
2010,12,2011,-4.940104516,210,261.2823012,0.072087546,0.136900203,N/A,N/A,0.158724873,0,0.13,0.13,0.2,-3.579999924,226.8399963
2011,1,2011,-8.689475484,78.8,58.19469435,0.0623562,0.09976992,N/A,N/A,0.137777509,0,0.06,0.06,0.06,-7.619999886,63.61000061
2011,2,2011,-7.996405357,119,19.71493727,0.017529855,0.021035827,N/A,N/A,0.028047769,0.08,0.19,0.27,0.23,-7.304999828,83.87999725
2011,3,2011,-2.675298387,107,265.5578297,0.063769161,0.119079148,N/A,0.000455494,0.144716953,0,0.07,0.07,0.15,-1.394999981,125.1699982
2011,4,2011,3.239748333,126,270.5459464,0.058761183,0.139110715,N/A,N/A,0.154311978,0,0.07,0.07,0.17,4.78000021,133.8099976
2011,5,2011,9.685435806,138,187.8857275,0.06345985,0.151199989,N/A,N/A,0.163340135,0.23,0.22,0.45,0.32,11.06499958,142.5
2011,6,2011,14.307511,54.5,39.19234518,0.070544388,0.129625313,N/A,N/A,0.169306531,0.16,0.14,0.3,0.19,15.27000046,79.61000061
2011,7,2011,19.3278771,18,4.275528565,0.040416056,0.0727489,N/A,N/A,0.129331378,0,0.04,0.04,0.04,19.95000076,65.75
2011,8,2011,17.26808,222,45.84316739,0.071618088,0.174145035,N/A,N/A,0.144743925,0.08,0.23,0.31,0.41,18.33499908,179.8000031
2011,9,2011,15.37808333,96.5,19.00234918,0.063655288,0.092754848,N/A,N/A,0.11639824,0.08,0.14,0.22,0.29,15.22000027,75.37999725
2011,10,2012,9.320214194,119,116.1518593,0.078848501,0.150853547,N/A,N/A,0.152341255,0,0.06,0.06,0.09,9.06000042,153.1399994
2011,11,2012,3.885096707,93.9,104.9879792,0.082295136,0.126405329,N/A,N/A,0.163273549,0,0.05,0.05,0.08,4.385000229,77.86000061
2011,12,2012,-2.829985613,109,151.781264,0.081970592,0.115441916,N/A,N/A,0.160298046,0,0.07,0.07,0.06,-2.204999924,129.9199982
2012,1,2012,-5.789738503,74.8,58.66975308,0.07068719,0.077755909,N/A,0.00206171,0.131949422,0.08,0.07,0.15,0.12,-5.869999886,72.66000366
2012,2,2012,-4.282761262,101,29.69117059,0.093118592,0.094282574,N/A,0.004073938,0.167613466,0.16,0.22,0.38,0.22,-4.514999866,52.29999924
2012,3,2012,1.893913774,28.5,127.3157395,0.088221614,0.10179417,N/A,0.002850237,0.165042281,0,0.04,0.04,0.04,2,58.95999908
2012,4,2012,5.99297644,115,184.322787,0.068436465,0.237933902,N/A,0.004593681,0.140997868,0,0.08,0.08,0.14,6.005000114,127.2699966
2012,5,2012,11.68450879,104,191.6861973,0.078428182,0.134139236,N/A,0.000631031,0.168755813,0.08,0.13,0.21,0.15,12.06000042,131.5299988
2012,6,2012,14.62391686,114,167.6957315,0.07522195,0.126125572,N/A,N/A,0.151680426,0.23,0.19,0.42,0.26,15.10000038,153.8600006
2012,7,2012,18.72437301,79,16.38952616,0.084346551,0.139171809,N/A,N/A,0.168693101,0.08,0.1,0.18,0.11,19.92499924,37.13000107
2012,8,2012,18.44010295,219,47.74340231,0.068767617,0.217160896,N/A,N/A,0.150564888,0.23,0.25,0.48,0.36,19.91500092,101.5699997
2012,9,2012,12.09251992,111,59.61987054,0.104341052,0.123470245,N/A,N/A,0.176220443,0,0.08,0.08,0.13,13.72500038,162.6999969
2012,10,2013,8.36523789,231,247.0305393,0.074847426,0.1859294,N/A,N/A,0.158928366,0,0.14,0.14,0.23,9.43999958,199.1999969
2012,11,2013,0.37211864,113,142.2800895,0.077728374,0.132624038,N/A,N/A,0.161286376,0,0.05,0.05,0.15,1.480000019,45.97999954
2012,12,2013,-3.579237419,0,123.5152696,0.074147917,0.091495732,N/A,0.000979312,0.138782517,0,0,0,0,-3.125,152.5599976
2013,1,2013,-7.952851935,0,80.04739591,0.043174421,0.055695004,N/A,0.001511105,0.082894889,0,0,0,0,-7.480000019,33.18000031
2013,2,2013,-6.220933929,24,59.38234118,0.05819912,0.06809297,N/A,0.002036969,0.11174231,0.07,0.07,0.14,0,-5.039999962,89.66999817
2013,3,2013,-1.459359355,45,136.5793847,0.055668723,0.103240178,N/A,0.002656916,0.113361764,0.04,0.02,0.06,0,-0.100000001,86.27999878
2013,4,2013,3.686645,104,177.1969061,0.069238229,0.125213924,N/A,0.001365261,0.151348918,0.19,0.17,0.36,0,4.389999866,67.06999969
2013,5,2013,10.48288226,72,159.8572624,0.076748468,0.122581356,N/A,N/A,0.166036122,0.1,0.07,0.17,0,10.875,145.6900024
2013,6,2013,15.35100533,N/A,92.8739816,0.08186577,0.129496763,N/A,N/A,0.169685414,N/A,N/A,N/A,N/A,16.21999931,167.8600006
2013,7,2013,19.20585226,227,55.10681261,0.08152894,0.131700595,N/A,N/A,0.165566462,0.22,0.19,0.41,0,20.34000015,137.1999969
2013,8,2013,17.23637355,253,97.62456889,0.083192173,0.133815495,N/A,N/A,0.16426029,0.17,0.18,0.35,0,17.90500069,115.3000031
2013,9,2013,13.15746967,249,163.6577323,0.072854486,0.158379318,N/A,N/A,0.163869801,0.36,0.2,0.56,0,13.97500038,142.8000031
2013,10,2014,8.680984839,39,11.87646824,0.10184846,0.13094802,N/A,N/A,0.186237184,0,0,0,0,9.015000343,40.41999817
2013,11,2014,0.541350667,80,100.4749213,0.032676811,0.085647641,N/A,0.000240777,0.066041555,0,0.01,0.01,0,0.935000002,138.4299927
2013,12,2014,-6.86337,0,54.39422452,0.041298502,0.093398151,N/A,N/A,0.086409174,0,0,0,0,-7.03000021,115.5599976
2014,1,2014,-8.462005806,N/A,187.4106688,0.047946043,0.116176951,N/A,0.000903599,0.116545766,N/A,N/A,N/A,N/A,-8.005000114,104.9700012
2014,2,2014,-7.381794286,N/A,26.60328885,0.0519635,0.0623562,N/A,0.001364042,0.0935343,N/A,N/A,N/A,N/A,-7.21999979,90.97000122
2014,3,2014,-5.646528665,N/A,44.65552056,0.027087356,0.10215803,N/A,0.001625241,0.136210706,N/A,N/A,N/A,N/A,-5.920000076,132.3600006
2014,4,2014,3.785979493,N/A,336.3415804,0.005137634,0.165534573,N/A,0.00115083,0.133167478,N/A,N/A,N/A,N/A,4.264999866,114.0500031
2014,5,2014,10.42721839,N/A,105.2255086,0.070614056,0.134002488,N/A,N/A,0.144512488,N/A,N/A,N/A,N/A,10.69999981,103.6100006
2014,6,2014,15.80304445,N/A,42.51775628,0.073155318,0.15850319,N/A,N/A,0.149561984,N/A,N/A,N/A,N/A,16.31500053,127.7099991
2014,7,2014,18.69092947,N/A,116.3893887,0.0623562,0.211120277,0.000103927,N/A,0.123524663,N/A,N/A,N/A,N/A,19.76499939,167.7200012
2014,8,2014,17.55554507,N/A,5.463175388,0.09488987,0.208757713,N/A,N/A,0.151823791,N/A,N/A,N/A,N/A,18.14999962,77.68000031
2014,9,2014,13.86100767,N/A,0,N/A,N/A,N/A,N/A,N/A,N/A,N/A,N/A,N/A,14.00500011,42.40999985
2014,10,2015,9.109264194,N/A,72.6839856,0.049925716,0.199702863,N/A,0.000499257,0.110312058,N/A,N/A,N/A,N/A,9.569999695,194.8699951
2014,11,2015,-0.092003667,N/A,156.0567926,0.058686327,0.193332693,7.75E-05,0.00015502,0.120473064,N/A,N/A,N/A,N/A,0.560000002,131.9100037
2014,12,2015,-2.776675161,N/A,301.6622932,0.053272817,0.115138023,0.000120293,4.01E-05,0.122813891,N/A,N/A,N/A,N/A,-1.600000024,219.4299927
2015,1,2015,-9.844115161,N/A,40.85505073,0.008459174,0.015226514,N/A,N/A,0.020302019,N/A,N/A,N/A,N/A,-9.380000114,111.9599991
2015,2,2015,-13.80915107,N/A,14.25176188,N/A,N/A,N/A,N/A,N/A,N/A,N/A,N/A,N/A,-13.27999973,71.29000092
2015,3,2015,-5.044837419,N/A,22.80281901,N/A,N/A,N/A,N/A,N/A,N/A,N/A,N/A,N/A,-4.815000057,57.25
2015,4,2015,2.735465667,N/A,302.84994,0.082163464,0.178020838,N/A,0.000279584,0.231883553,N/A,N/A,N/A,N/A,3.704999924,90.62000275
2015,5,2015,12.26013129,N/A,44.4179912,0.07780631,0.13304879,N/A,0.000272322,0.174286135,N/A,N/A,N/A,N/A,12.84000015,71.63999939
2015,6,2015,12.950112,N/A,83.37280701,0.068396402,0.126844236,N/A,0.000145083,0.139279945,N/A,N/A,N/A,N/A,14.09000015,147.6600037
2015,7,2015,17.59669355,N/A,14.72682061,0.046934774,0.084482594,N/A,N/A,0.093869548,N/A,N/A,N/A,N/A,18.32500076,66.80000305
2015,8,2015,18.75291742,N/A,6.888351576,N/A,N/A,N/A,N/A,N/A,N/A,N/A,N/A,N/A,19.77499962,97.30000305
2015,9,2015,16.41257433,N/A,94.53668715,N/A,N/A,N/A,N/A,N/A,N/A,N/A,N/A,N/A,16.95999908,136.4600067
2015,10,2016,6.201528065,N/A,124.2278577,0.044511755,0.242867265,N/A,9.74E-05,0.100151449,N/A,N/A,N/A,N/A,6.855000019,159.3000031
2015,11,2016,2.568693,N/A,103.8003324,0.049942037,0.168804084,N/A,0.000116531,0.103879436,N/A,N/A,N/A,N/A,3.355000019,77.56999969
2015,12,2016,-0.187697419,N/A,149.4059704,0.060142175,0.135319893,N/A,0.000242882,0.125835935,N/A,N/A,N/A,N/A,0.569999993,158.5899963
2016,1,2016,-6.36514129,N/A,139.6672664,0.066810214,0.116546707,N/A,0.001299088,0.144508019,N/A,N/A,N/A,N/A,-5.050000191,83.16999817
2016,2,2016,-4.3985612,N/A,190.7360799,0.0652294,0.115782185,N/A,0.002473281,0.142055137,N/A,N/A,N/A,N/A,-3.765000105,133.7899933
2016,3,2016,-0.589268735,N/A,109.7385665,0.07243397,0.121878027,0.000881805,0.001212482,0.128491564,N/A,N/A,N/A,N/A,-0.275000006,107.7300034
2016,4,2016,3.19375252,N/A,150.5936172,0.083764506,0.132875751,0.001445798,0.000321289,0.113827932,N/A,N/A,N/A,N/A,3.744999886,81.56999969
2016,5,2016,10.94039012,N/A,54.15669515,0.082959272,0.128267797,0.000893408,0.000223352,0.132734835,N/A,N/A,N/A,N/A,11.46500015,77.04000092
2016,6,2016,14.50296274,N/A,17.57717299,0.03932373,0.053087035,0.000688165,N/A,0.047188476,N/A,N/A,N/A,N/A,15.54500008,89.65000153
2016,7,2016,18.80798185,N/A,2.612823012,N/A,N/A,N/A,N/A,N/A,N/A,N/A,N/A,N/A,19.67499924,88.94000244
2016,8,2016,18.54879445,N/A,0,N/A,N/A,N/A,N/A,N/A,N/A,N/A,N/A,N/A,19.52499962,90.40000153
2016,9,2016,14.38200862,N/A,0,N/A,N/A,N/A,N/A,N/A,N/A,N/A,N/A,N/A,15.33500004,40.90999985
2016,10,2017,7.704728065,N/A,N/A,N/A,N/A,N/A,N/A,N/A,N/A,N/A,N/A,N/A,8.670000076,114.3799973
2016,11,2017,2.9000068,N/A,N/A,N/A,N/A,N/A,N/A,N/A,N/A,N/A,N/A,N/A,3.744999886,110.9599991
2016,12,2017,-6.124173858,N/A,N/A,N/A,N/A,N/A,N/A,N/A,N/A,N/A,N/A,N/A,-4.715000153,132.4299927
2017,1,2017,-4.652658297,N/A,N/A,N/A,N/A,N/A,N/A,N/A,N/A,N/A,N/A,N/A,-4.105000019,111.6800003
2017,2,2017,-5.563696036,N/A,N/A,N/A,N/A,N/A,N/A,N/A,N/A,N/A,N/A,N/A,-4.840000153,97.80000305
2017,3,2017,-4.401831781,N/A,N/A,N/A,N/A,N/A,N/A,N/A,N/A,N/A,N/A,N/A,-3.950000048,79.11000061
2017,4,2017,6.01889518,N/A,N/A,N/A,N/A,N/A,N/A,N/A,N/A,N/A,N/A,N/A,6.199999809,103.0599976
2017,5,2017,9.677896658,N/A,N/A,N/A,N/A,N/A,N/A,N/A,N/A,N/A,N/A,N/A,10.43500042,173.4299927
2017,6,2017,15.23732704,N/A,N/A,N/A,N/A,N/A,N/A,N/A,N/A,N/A,N/A,N/A,16.15500069,77.19000244
2017,7,2017,17.52876661,N/A,N/A,N/A,N/A,N/A,N/A,N/A,N/A,N/A,N/A,N/A,18.69000053,57.02999878
2017,8,2017,17.17760949,N/A,N/A,N/A,N/A,N/A,N/A,N/A,N/A,N/A,N/A,N/A,18.125,57.09000015
2017,9,2017,16.08400588,N/A,N/A,N/A,N/A,N/A,N/A,N/A,N/A,N/A,N/A,N/A,16.64500046,68.08999634
2017,10,2018,11.1076078,N/A,N/A,N/A,N/A,N/A,N/A,N/A,N/A,N/A,N/A,N/A,11.77999973,182.2700043
2017,11,2018,1.20664912,N/A,N/A,N/A,N/A,N/A,N/A,N/A,N/A,N/A,N/A,N/A,1.669999957,87.93000031
2017,12,2018,-8.281281897,N/A,N/A,N/A,N/A,N/A,N/A,N/A,N/A,N/A,N/A,N/A,-6.945000172,127.4100037
2018,1,2018,-7.863237703,N/A,N/A,N/A,N/A,N/A,N/A,N/A,N/A,N/A,N/A,N/A,-7.590000153,178.3999939
2018,2,2018,-4.351069271,N/A,N/A,N/A,N/A,N/A,N/A,N/A,N/A,N/A,N/A,N/A,-3.210000038,102.6900024
2018,3,2018,-1.383552703,N/A,N/A,N/A,N/A,N/A,N/A,N/A,N/A,N/A,N/A,N/A,-0.920000017,85.75
2018,4,2018,3.4615795,N/A,N/A,N/A,N/A,N/A,N/A,N/A,N/A,N/A,N/A,N/A,3.38499999,140.8699951
2018,5,2018,11.91861354,N/A,N/A,N/A,N/A,N/A,N/A,N/A,N/A,N/A,N/A,N/A,12.11499977,52.41999817
2018,6,2018,14.20057744,N/A,N/A,N/A,N/A,N/A,N/A,N/A,N/A,N/A,N/A,N/A,15.06499958,111.9700012
2018,7,2018,19.1424172,N/A,N/A,N/A,N/A,N/A,N/A,N/A,N/A,N/A,N/A,N/A,20.36499977,73.58000183
2018,8,2018,19.31799576,N/A,N/A,N/A,N/A,N/A,N/A,N/A,N/A,N/A,N/A,N/A,20.28499985,102.2300034
2018,9,2018,13.9154713,N/A,N/A,N/A,N/A,N/A,N/A,N/A,N/A,N/A,N/A,N/A,14.86999989,88.90000153
2018,10,2019,5.689755052,N/A,N/A,N/A,N/A,N/A,N/A,N/A,N/A,N/A,N/A,N/A,5.989999771,146.5899963
2018,11,2019,-0.91868756,N/A,N/A,N/A,N/A,N/A,N/A,N/A,N/A,N/A,N/A,N/A,-0.625,200.2799988
2018,12,2019,-5.212837516,N/A,N/A,N/A,N/A,N/A,N/A,N/A,N/A,N/A,N/A,N/A,-4.929999828,120.2099991
2019,1,2019,-8.063898916,N/A,N/A,N/A,N/A,N/A,N/A,N/A,N/A,N/A,N/A,N/A,N/A,N/A
2019,2,2019,-7.0355102,N/A,N/A,N/A,N/A,N/A,N/A,N/A,N/A,N/A,N/A,N/A,N/A,N/A
2019,3,2019,-3.089173013,N/A,N/A,N/A,N/A,N/A,N/A,N/A,N/A,N/A,N/A,N/A,N/A,N/A
2019,4,2019,4.35145624,N/A,N/A,N/A,N/A,N/A,N/A,N/A,N/A,N/A,N/A,N/A,N/A,N/A
2019,5,2019,8.816725619,N/A,N/A,N/A,N/A,N/A,N/A,N/A,N/A,N/A,N/A,N/A,N/A,N/A
2019,6,2019,14.66711476,N/A,N/A,N/A,N/A,N/A,N/A,N/A,N/A,N/A,N/A,N/A,N/A,N/A
2019,7,2019,19.37652195,N/A,N/A,N/A,N/A,N/A,N/A,N/A,N/A,N/A,N/A,N/A,N/A,N/A
2019,8,2019,17.22777479,N/A,N/A,N/A,N/A,N/A,N/A,N/A,N/A,N/A,N/A,N/A,N/A,N/A
2019,9,2019,12.68001136,N/A,N/A,N/A,N/A,N/A,N/A,N/A,N/A,N/A,N/A,N/A,N/A,N/A
