Year,Month,WaterYear,WaterYearMonth,CSMeanTempC,CSPrecipitationmm,Runoffmm,StrCamgL,StrDOCmgL,StrNH4NmgL,StrNO3NmgL,StrTDPmgL,StrSO4SmgL,depNH4Nkgha,depNO3Nkgha,depTotNkgha,depSO4Skgha,NAMGridTempC,NAMGridPrecipitationmm,FWACamgL,FWADOCmgL,FWANH4NmgL,FWANO3NmgL,FWATDPmgL,FWASO4SmgL
1984,6,1985,19856,16.58333333,78.8,23.62784353,3.344615385,8.753846154,0.043,0.031923077,0.0273,0.005554615,0.139764178,0.034562189,0.174326367,0.396556527,15.94999981,84.05999756,3.648968951,9.214230699,0.035370706,0.051757819,0.02956645,0.006637152
1984,7,1985,19857,17.96451613,82.4,12.9574002,3.38,11.5125,0.059,0.016444444,0.024433333,0.003605,0.001973781,0.001610643,0.003584424,0.012624384,17.53000069,89.05000305,6.206087731,23.09903775,0.0450427,0.033287773,0.014788927,0.008115033
1984,8,1985,19858,18.32580645,49.5,3.280080241,4.42,9.95,0.13075,0.0375,0.0483,0.0073475,3.57723695,0.882527436,4.459764385,17.0584398,18.33499908,93.58000183,12.22999141,32.47854029,0.16348712,0.065777741,0.048261717,0.024380456
1984,9,1985,19859,11.11,124.8,16.02083049,3.736,9.7,0.0884,0.0245,0.017233333,0.006571,0.140004883,0.052193424,0.192198307,0.713000625,11.41499996,115.1500015,4.005284795,8.860532627,0.035219776,0.027637259,0.019475848,0.007611179
1984,10,1985,198510,8.596774194,52.2,19.26278034,3.531666667,9.283333333,0.043153846,0.006538462,0.011675,0.006250833,0.068306054,0.041929244,0.110235298,0.372134754,8.715000153,75,3.520414605,9.476398386,0.042698004,0.006695332,0.009871104,0.006339408
1984,11,1985,198511,0.086666667,99.9,68.56537613,3.5125,6.675,0.019666667,0.198666667,0.007175,0.0093325,0.117945437,0.080859711,0.198805147,0.538255387,0.194999993,106.3099976,3.501778943,7.353766431,0.015322611,0.183832786,0.008787077,0.009309277
1984,12,1985,198512,-4.280645161,147.3,81.6423671,3.6175,5.1,0.027,0.26375,0.00702,0.01025125,0.011012252,0.010504195,0.021516447,0.034147923,-4.224999905,138.25,2.233745621,2.78406296,0.015333417,0.163917312,0.004990777,0.006349044
1985,1,1985,19851,-13.08709677,79.8,30.81542227,3.539090909,4.290909091,0.028636364,0.324545455,0.006275,0.01035,0.087454134,0.08734238,0.174796514,0.315063456,-13.76500034,101.9899979,2.573252264,3.129173282,0.020223559,0.237847841,0.004747702,0.007555267
1985,2,1985,19852,-7.446428571,105.8,29.67930993,3.7,4.325,0.0272,0.381388889,0.009992222,0.009934,0.03238336,0.071224653,0.103608013,0.2671527,-8.404999733,113,4.47593915,5.680019271,0.019031138,0.527278965,0.021433777,0.011409252
1985,3,1985,19853,-2.909677419,114.7,71.43382146,3.617741935,4.187096774,0.011774194,0.403387097,0.008319231,0.009116452,0.027895032,0.017565348,0.04546038,0.082092987,-3.980000019,102.0899963,3.535397307,4.188778357,0.008321849,0.409518986,0.009943187,0.008769258
1985,4,1985,19854,4.653333333,104.6,291.1948646,3.057333333,4.04,0.006775862,0.443793103,0.009018571,0.008166667,N/A,N/A,N/A,N/A,3.829999924,84.65000153,2.86310547,3.93386108,0.005023962,0.487041514,0.010177953,0.007702599
1985,5,1985,19855,11.70322581,70,52.81319157,2.902142857,6.714285714,0.022928571,0.0975,0.01778,0.007011429,N/A,N/A,N/A,N/A,10.93500042,91.18000031,2.967195904,6.326710205,0.015074133,0.125196905,0.01964939,0.007510229
1985,6,1986,19866,14.18666667,73.4,12.30571715,3.312916667,10.2,0.122916667,0.034166667,0.0258,0.003434167,1.843334209,0.291144655,2.134478864,3.517269467,13.52499962,68.93000031,2.813441901,9.986637324,0.076039261,0.028294894,0.043744965,0.003398801
1985,7,1986,19867,17.57419355,147.9,39.33669809,3.072,11.19,0.0859,0.0393,0.029566667,0.003075,0.038801642,0.028944892,0.067746534,0.288705169,17.17000008,102.1100006,1.06164551,3.824216602,0.022611315,0.013066344,0.011868923,0.001254811
1985,8,1986,19868,16.38064516,144.7,23.05242126,3.298571429,12.72857143,0.115285714,0.029,0.031,0.00307,0.064669403,0.022000453,0.086669855,0.216916921,16.29999924,122.1399994,6.208888441,24.507975,0.142843695,0.065993223,0.083984117,0.007115877
1985,9,1986,19869,13.61666667,53.2,36.87728786,3.469090909,10.45454545,0.078583333,0.034545455,0.0306,0.003966364,0.490121912,0.444564633,0.934686545,2.783573131,13.77999973,109.9800034,2.534809461,7.872303426,0.033058996,0.036153508,0.024436193,0.003882126
1985,10,1986,198610,7.609677419,123.7,111.0036349,3.091666667,9.741666667,0.0325,0.006166667,0.0182,0.0055825,0.010831724,0.009786408,0.020618132,0.073857819,7.349999905,106.7300034,2.200432232,6.788646093,0.01582297,0.003778345,0.017501044,0.004427673
1985,11,1986,198611,-0.086666667,125.5,97.57047141,3.1025,6.041666667,0.029416667,0.10275,0.0096,0.008228333,0.40170554,0.220588091,0.622293632,0.108652483,-0.180000007,130.1699982,2.678457234,5.571054268,0.019969136,0.108441691,0.006682787,0.007579354
1985,12,1986,198612,-9.264516129,129.7,48.50445737,3.184444444,4.333333333,0.029777778,0.203777778,0.00855,0.009136667,0.387354477,0.246410904,0.633765381,0.878274236,-9.56000042,151.8699951,4.609450807,7.589876504,0.029630185,0.305185864,0.017202782,0.013446387
1986,1,1986,19861,-10.66129032,83,19.36330592,3.391818182,4.3,0.0421,0.214909091,0.009725,0.009449091,0.161091803,0.130742212,0.291834015,0.361786898,-11.38500023,85.59999847,3.612172761,4.562329118,0.038400931,0.247208679,0.010464338,0.009996939
1986,2,1986,19862,-9.039285714,35.1,11.57430692,3.450909091,4.209090909,0.047363636,0.233272727,0.010175,0.00934,0.001087055,0.005218213,0.006305268,0.021964158,-10.56499958,51.36000061,3.357026872,4.101200686,0.045608538,0.226486373,0.010174581,0.009132512
1986,3,1986,19863,-1.803225806,105.9,130.7837753,3.28,4.30625,0.0305625,0.374375,0.0112,0.00841625,1.070174308,0.505251771,1.575426079,4.035663648,-2.765000105,85.68000031,3.114015922,4.304423363,0.014819007,0.474988044,0.002672516,0.008127072
1986,4,1986,19864,7.463333333,69.4,166.2311735,2.993333333,4.561904762,0.011363636,0.224181818,0.01208,0.007575714,0.257399027,0.081492221,0.338891248,0.618367817,6.619999886,63.41999817,3.31050315,4.772152464,0.011374797,0.321778159,0.017530967,0.008571852
1986,5,1986,19865,13.67741935,101,56.21026279,3.026666667,7.841666667,0.019666667,0.02525,0.017325,0.0051225,0.576608762,0.162581593,0.739190355,1.182759884,12.96500015,117.2900009,2.9039637,7.693265678,0.01544448,0.032360389,0.019053891,0.005491915
1986,6,1987,19876,14.81,157,43.68702909,3.003333333,9.916666667,0.059333333,0.037083333,0.0315,0.0034875,0.980911587,0.201341696,1.182253282,2.297974977,14.03999996,119.5400009,3.133900163,10.56547548,0.059649339,0.044895065,0.034605749,0.00367677
1986,7,1987,19877,18.71935484,84.8,12.01107322,4.985,13.98333333,0.297083333,0.018833333,0.06,0.001388333,0.028082247,0.007352936,0.035435183,0.094165485,18.28499985,104.0999985,3.796752585,11.04675084,0.193486261,0.02334599,0.053947157,0.001598904
1986,8,1987,19878,15.78064516,67.6,10.52745436,6.42,16.09090909,0.552272727,0.017272727,0.0755,0.000966364,1.60369688,0.366036176,1.969733056,6.442833535,15.77999973,86.47000122,3.813982698,10.66246146,0.297681938,0.010451724,0.040951618,0.000506612
1986,9,1987,19879,12.06333333,155.6,33.31816249,3.800909091,11.4,0.1138,0.021909091,0.04275,0.004297273,0.151318016,0.024925438,0.176243454,0.255558651,11.99499989,168.9900055,3.684727263,14.04264832,0.055042552,0.023986196,0.020769891,0.005178062
1986,10,1987,198710,6.261290323,78.7,65.86158475,3.295714286,9.15,0.035857143,0.021142857,0.02215,0.005721429,0.591231589,0.346638429,0.937870018,2.134245198,6.264999866,89.65000153,3.590930451,10.65828947,0.032616429,0.029462528,0.032565908,0.006765598
1986,11,1987,198711,-1.526666667,45.9,24.96847342,3.040909091,4.866666667,0.069666667,0.095666667,0.017733333,0.007664167,0.446106873,0.256861448,0.702968321,2.463332039,-1.804999948,55.5,2.993360721,4.843485353,0.063917986,0.11074613,0.020998056,0.007600079
1986,12,1987,198712,-4.487096774,99.9,23.58538014,3.181538462,4.115384615,0.046692308,0.185923077,0.01302,0.009374615,0.124600929,0.086670112,0.211271041,0.377644987,-5.15500021,88.87000275,2.966446293,3.842484907,0.042398682,0.172961369,0.011355026,0.008735862
1987,1,1987,19871,-8.003225806,28.5,14.42628686,3.177272727,4.045454545,0.048,0.213166667,0.013275,0.009657273,0.122073527,0.055934837,0.178008364,0.179276597,-8.895000458,56.52000046,3.056091078,3.927526663,0.044793296,0.200717567,0.013041993,0.009292324
1987,2,1987,19872,-8.682142857,37.5,8.274294885,3.326,4.3,0.058583333,0.259583333,0.010375,0.009555,0.138632088,0.151090983,0.289723071,N/A,-10.21500015,44.00999832,3.202014663,4.155659824,0.05802175,0.25907087,0.010280132,0.009214238
1987,3,1987,19873,-0.329032258,90.2,112.9075547,3.163076923,4.4,0.045692308,0.345076923,0.01232,0.0084375,1.226704752,0.736729211,1.963433963,3.70893011,-1.799999952,73.87000275,3.169137703,5.029869626,0.020320716,0.46933619,0.018997189,0.007895346
1987,4,1987,19874,8.513333333,39.5,104.9556349,3.110909091,5.408333333,0.022916667,0.298666667,0.0181,0.007079167,2.231335096,0.485293801,2.716628897,3.09659576,7.699999809,46.34999847,3.66246975,5.316372449,0.015428446,0.527236318,0.017601394,0.009068975
1987,5,1987,19875,12.7,59.3,20.92838516,3.110769231,8.061538462,0.054923077,0.074615385,0.02615,0.004489231,0.048441876,0.011734061,0.060175937,0.097787235,11.69999981,67.54000092,3.368757509,8.946701704,0.056655993,0.084778557,0.028399594,0.004956374
1987,6,1988,19886,17.26,71.9,7.391229689,4.644444444,14.15555556,0.316111111,0.071555556,0.0102,0.001631111,1.048697213,0.159384214,1.208081427,2.014326905,16.72999954,86.40000153,5.99749873,19.4956814,0.355768945,0.083109391,0.029219135,0.002920209
1987,7,1988,19887,20.55483871,40.9,0.490495486,11.45,6.75,0.437,2.88,N/A,0.033575,0.279939883,0.067717043,0.347656926,0.824206691,19.94000053,62.43999863,89.19072438,40.46978799,2.222579505,12.13600707,N/A,0.296214311
1987,8,1988,19888,17.19354839,88.7,0.855334002,10.9,5.933333333,0.084333333,1.647,0.0455,0.046866667,0.158714841,0.044161386,0.202876227,0.488936173,17.11000061,86.47000122,27.68328267,16.08314759,0.240378251,5.454052685,0.112567376,0.137580952
1987,9,1988,19889,13.69666667,57.1,0.231382146,22.3,6.4,0.102,0.019,N/A,0.0699,0.660929267,0.145070837,0.806000104,1.677687799,13.63500023,69.43000031,573.7865169,164.6741573,2.624494382,0.488876404,N/A,1.798550562
1987,10,1988,198810,4.496774194,116.9,17.17514142,12.26153846,5.623076923,0.026692308,0.260153846,0.0091,0.044969231,0.094807671,0.040905085,0.135712756,0.315609593,4.900000095,113.2699966,10.05233478,5.789734016,0.020097113,0.171543111,0.006612351,0.036791009
1987,11,1988,198811,-0.006666667,78.9,18.5842327,6.769230769,5.553846154,0.038230769,0.261615385,0.00746,0.021076923,0.130027273,0.081763297,0.21179057,0.3169448,-0.0150001,98.04000092,7.391104256,6.706996431,0.035904658,0.323597755,0.012222793,0.022579604
1987,12,1988,198812,-4.038709677,101.3,48.98975326,4.811111111,5.542857143,0.025,0.46,0.0062,0.012544444,N/A,N/A,N/A,N/A,-4.260000229,99.15000153,5.237485824,7.014394631,0.026864364,0.497356062,0.005923109,0.01396788
1988,1,1988,19881,-9.435483871,100,15.88477432,4.583333333,4.14,0.025,0.461166667,0.007125,0.01325,0.466887412,0.274042772,0.740930184,1.246916589,-10.22000027,101.5400009,4.208803873,3.700956901,0.022927682,0.427041207,0.006910142,0.012176689
1988,2,1988,19882,-10.12068966,93.2,32.35017051,4.138461538,4.4,0.024307692,0.439153846,0.00958,0.011638462,0.722863277,0.430603338,1.153466615,1.637801823,-10.95499992,108.7699966,4.386309011,5.492526737,0.018407163,0.503869816,0.016783799,0.01251063
1988,3,1988,19883,-3.996774194,54.1,50.1275988,4.153846154,3.923076923,0.033076923,0.48,0.009525,0.011307692,0.425686744,0.169537705,0.595224449,0.97321581,-4.994999886,46.04999924,3.674807573,4.09868652,0.020297099,0.417677274,0.009484947,0.008999264
1988,4,1988,19884,4.59,97.5,235.5418255,3.341666667,4.166666667,0.01125,0.27125,0.010025,0.008808333,0.177937269,0.067713937,0.245651205,0.465841261,4.179999828,88.12000275,3.002869757,3.815369757,0.010975625,0.304874724,0.010530822,0.007860343
1988,5,1988,19885,14.04193548,57.7,46.19236911,3.558333333,6.233333333,0.0225,0.061583333,0.01972,0.008458333,0.021663448,0.007819789,0.029483237,0.053808849,12.90999985,68.23000336,3.279747231,5.703489954,0.018273656,0.060209264,0.016847464,0.007887103
1988,6,1989,19896,15.74666667,25.7,1.38136008,N/A,N/A,N/A,N/A,N/A,N/A,0.363328627,0.116227222,0.479555848,2.517032402,15.10499954,41.22999954,N/A,N/A,N/A,N/A,N/A,N/A
1988,7,1989,19897,21.15483871,53.3,0.108324975,N/A,N/A,N/A,N/A,N/A,N/A,N/A,N/A,N/A,N/A,20.54500008,67.77999878,N/A,N/A,N/A,N/A,N/A,N/A
1988,8,1989,19898,18.57096774,129.7,8.875715145,7.35,7.642857143,0.085571429,0.134857143,0.01855,0.0241,0.010446596,0.027976172,0.038422768,0.416759881,18.57999992,126.6200027,12.96135451,16.21599994,0.054505761,0.180973429,0.027823574,0.043527642
1988,9,1989,19899,12.58,58.7,3.884966901,6.372222222,7.055555556,0.087375,0.040222222,0.01645,0.018511111,N/A,0.00406614,0.00406614,0.026704143,12.52499962,90.41000366,7.630307086,8.79626738,0.083489572,0.043526656,0.025960406,0.022644955
1988,10,1989,198910,4.509677419,145.1,37.77421866,5.111538462,7.830769231,0.018961538,0.046153846,0.01106,0.012773077,0.215350715,0.081447192,0.296797908,2.200299009,4.554999828,147.9900055,4.910885862,8.233906402,0.015004384,0.053867504,0.008133395,0.012314105
1988,11,1989,198911,1.663333333,109.8,79.95249749,3.809090909,6.463636364,0.021636364,0.240909091,0.00775,0.011035,0.628047803,0.30892837,0.936976173,2.458783989,1.720000029,106.6600037,3.024964034,5.362848078,0.015949786,0.200448929,0.007707457,0.008978571
1988,12,1989,198912,-6.716129032,70.5,20.88245537,4.194444444,4.611111111,0.037444444,0.412777778,0.005633333,0.012461111,N/A,N/A,N/A,N/A,-7.994999886,75.12999725,4.243126161,5.053471848,0.037008517,0.41156973,0.0048324,0.012616369
1989,1,1989,19891,-6.393548387,90.6,17.14914343,4.038461538,4.284615385,0.031166667,0.456666667,0.00702,0.010934615,0.271755914,0.163039109,0.434795023,0.784781362,-7.704999924,100.25,4.007199804,4.296043256,0.03128093,0.466038607,0.008208287,0.010838998
1989,2,1989,19892,-9.617857143,57.8,9.72064995,3.927272727,4.1,0.031909091,0.483,0.007033333,0.010865,0.218715409,0.169375812,0.388091221,0.51826066,-11.72999954,78.87999725,4.053200094,4.205661861,0.032300064,0.499860147,0.00722262,0.011151474
1989,3,1989,19893,-4.096774194,94.5,81.69262989,4.107692308,4.638461538,0.033,0.678833333,0.008266667,0.010311538,0.082321101,0.037511647,0.119832747,0.234033999,-6.429999828,96.66000366,6.23008089,9.043512441,0.059062335,1.539714158,0.001454656,0.013938892
1989,4,1989,19894,2.863333333,32,174.4898696,3.686666667,4.206666667,0.011533333,0.572615385,0.0066,0.008666667,N/A,N/A,N/A,N/A,1.825000048,39.40000153,3.706764341,4.334313385,0.011016936,0.571544154,0.006355649,0.008829858
1989,5,1989,19895,11.88064516,95,83.7898014,4.164285714,5.578571429,0.017357143,0.132142857,0.0112,0.0076,0.173259439,0.04627448,0.219533919,0.447717215,11.27000046,103.9100037,3.839010529,5.214435829,0.013215087,0.202742994,0.007766977,0.00763632
1989,6,1990,19906,16.24,91.7,28.68445336,4.234615385,8.6,0.056538462,0.028538462,0.016425,0.004607692,N/A,N/A,N/A,N/A,16.44000053,92.51000214,3.414202882,9.258573089,0.027211736,0.022608273,0.011437998,0.004353545
1989,7,1990,19907,19.47741935,15.6,1.055518556,6.3,8.88,0.2194,0.0388,0.0315,0.00298,N/A,N/A,N/A,N/A,19.32500076,18.93000031,18.85986043,23.16855501,0.359696716,0.186524302,0.194017241,0.015379614
1989,8,1990,19908,17.18064516,22.3,N/A,N/A,N/A,N/A,N/A,N/A,N/A,N/A,N/A,N/A,N/A,17.26000023,58.95000076,N/A,N/A,N/A,N/A,N/A,N/A
1989,9,1990,19909,12.47666667,68.9,0.063814056,N/A,N/A,N/A,N/A,N/A,N/A,0.030872354,0.012310239,0.043182593,0.084118051,12.76500034,90.26000214,N/A,N/A,N/A,N/A,N/A,N/A
1989,10,1990,199010,7.038709677,67.6,2.147417009,16.6,6.533333333,0.0404,3.261166667,0.01035,0.042133333,1.031384702,0.330489981,1.361874682,1.448699771,7.300000191,106.4800034,28.90426447,9.496911576,0.074348056,6.98316792,0.017935859,0.071669625
1989,11,1990,199011,-1.613333333,147.1,27.52494283,10.76615385,5.646153846,0.025583333,0.574615385,0.007225,0.030838462,0.475081734,0.154692905,0.629774639,1.237361512,-2.174999952,173.8800049,8.870617526,5.518423079,0.021308954,0.439466222,0.004847373,0.025995625
1989,12,1990,199012,-14.99354839,54.7,7.264706118,9.0975,4.3625,0.012875,0.680375,0.003833333,0.0220625,0.193045388,0.0994117,0.292457088,0.582584265,-16.36000061,72.81999969,11.37585456,5.497572468,0.015351157,0.823189506,0.004362484,0.027188073
1990,1,1990,19901,-3.677419355,101.1,26.3732317,6.940714286,4.414285714,0.017357143,0.621571429,0.00564,0.017632143,0.488395203,0.274184695,0.762579899,1.117982309,-5.260000229,91.47000122,6.355297586,4.541632204,0.014703649,0.561070591,0.004439011,0.015577278
1990,2,1990,19902,-6.932142857,45,16.36920361,5.970833333,4.283333333,0.018,0.492833333,0.004325,0.013599167,N/A,N/A,N/A,N/A,-8.430000305,55.49000168,5.852101046,4.218801066,0.017560714,0.474099635,0.004211192,0.012932069
1990,3,1990,19903,-1.577419355,52.1,136.5050672,4.836428571,4.507142857,0.014,0.633928571,0.006925,0.011696429,0.35094785,0.185588114,0.536535964,1.195177311,-3.025000095,50.40999985,5.079577023,6.281033596,0.00978497,0.899195341,0.004870134,0.011776382
1990,4,1990,19904,6.166666667,84.3,130.0246339,3.801818182,4.927272727,0.006136364,0.329909091,0.00958,0.009109091,0.425689073,0.21797763,0.643666703,1.289910259,5.28000021,93,4.028742032,5.359261773,0.006104009,0.370099852,0.007904412,0.009739685
1990,5,1990,19905,10.05483871,88.6,63.81987563,4.526923077,5.576923077,0.013461538,0.077615385,0.010225,0.008919231,1.22663254,0.253725325,1.480357865,1.738439725,9.460000038,91,4.094235731,5.728011682,0.01023153,0.084471804,0.007432082,0.008231609
1990,6,1991,19916,16.10666667,51.3,5.326988967,5.314166667,6.963636364,0.102666667,0.05225,0.01345,0.0066,N/A,N/A,N/A,N/A,16.22999954,89.56999969,3.734069465,5.055060118,0.056622336,0.034028388,0.016075891,0.005180535
1990,7,1991,19917,18.24516129,81.1,3.248882648,4.684444444,8.555555556,0.141444444,0.055333333,0.018725,0.00705,0.332028439,0.088879494,0.420907933,1.0813509,18.35499954,86.23000336,6.854839513,12.80039714,0.134094455,0.115075131,0.037392871,0.01225162
1990,8,1991,19918,17.72258065,17.5,N/A,N/A,N/A,N/A,N/A,N/A,N/A,N/A,N/A,N/A,N/A,17.86499977,31.72999954,N/A,N/A,N/A,N/A,N/A,N/A
1990,9,1991,19919,11.67666667,74.5,0.024264794,N/A,N/A,N/A,N/A,N/A,N/A,0.232800532,0.060348294,0.293148825,0.644905059,12.00500011,96.73999786,N/A,N/A,N/A,N/A,N/A,N/A
1990,10,1991,199110,6.129032258,139.4,30.29372919,7.452857143,7.530769231,0.010535714,0.067615385,0.02266,0.019514286,0.01147561,0.004684871,0.01616048,0.036346842,6.53000021,147.75,7.725533084,7.712123246,0.007709935,0.04491402,0.01624456,0.020196168
1990,11,1991,199111,0.666666667,149.1,105.1774845,5.663076923,6.153846154,0.012307692,0.186923077,0.0061,0.011253846,0.020545334,0.009718074,0.030263409,0.063088538,0.850000024,143.9400024,4.362813541,6.252494638,0.00686748,0.193553604,0.002649483,0.009554777
1990,12,1991,199112,-5.767741935,89.3,40.53495762,4.84,4.822222222,0.017111111,0.370777778,0.00705,0.011261111,0.117548273,0.054716351,0.172264624,0.217304966,-5.599999905,102.5199966,3.784613512,3.846760701,0.013092816,0.279370678,0.007228296,0.008971778
1991,1,1991,19911,-10.34516129,77.8,19.97425878,4.533846154,4.438461538,0.022153846,0.398846154,0.0063,0.010776923,0.083994,0.083742943,0.167736943,0.298535631,-11.18500042,102.5,4.478014698,4.45430304,0.020242073,0.376055264,0.006904975,0.01046292
1991,2,1991,19912,-6.557142857,47.9,13.04492678,4.454166667,4.491666667,0.02725,0.466166667,0.004925,0.011195833,0.115938009,0.20138296,0.317320968,0.31762353,-7.25,47.63999939,4.481491176,4.475805487,0.025755331,0.493191147,0.004193071,0.011212649
1991,3,1991,19913,-1.777419355,123.6,124.0667603,4.181538462,4.523076923,0.016,0.378538462,0.00682,0.009896154,0.194068384,0.11674012,0.310808504,0.775830467,-2.265000105,101.9300003,3.128426667,3.335163569,0.01059631,0.269880447,0.005677765,0.007175516
1991,4,1991,19914,6.353333333,74.3,181.9426279,3.480714286,4.542857143,0.008142857,0.239571429,0.00765,0.008803571,0.707363973,0.236949222,0.944313195,1.639133692,6.03000021,120.4800034,3.793434831,5.345813629,0.00962025,0.367369612,0.012135937,0.009820027
1991,5,1991,19915,14.38709677,77.5,27.53100903,3.975,7.142857143,0.019428571,0.056142857,0.0127,0.007617857,N/A,N/A,N/A,N/A,14.02499962,93.43000031,4.129790969,7.766895176,0.01728187,0.059399997,0.018034088,0.008144297
1991,6,1992,19926,17.53,25.2,2.726322969,4.332,9.94,0.1324,0.0344,0.028,0.00365,N/A,N/A,N/A,N/A,17.19499969,34.88999939,10.78844247,25.86560712,0.159015257,0.070201526,0.156694215,0.011143675
1991,7,1992,19927,18.7,114.1,1.980024729,8.016666667,7.7,0.061,0.353,N/A,0.024966667,0.354474178,0.061586094,0.416060272,1.229325234,18.63999939,112.2399979,24.18678719,24.69069555,0.112626368,0.372639825,N/A,0.073595178
1991,8,1992,19928,18.04516129,43.2,0.674214644,6.79,8.675,0.143,0.0755,0.0207,0.0162,0.362630065,0.144087208,0.506717272,1.387647423,18.51000023,49.09000015,12.0007455,12.92098329,0.200523779,0.095679627,0.048663625,0.031055286
1991,9,1992,19929,11.15,94.9,2.498407222,7.0675,7.442857143,0.047642857,0.212142857,0.01035,0.0225,1.276155647,0.381708886,1.657864533,3.630928977,11.86999989,103.8600006,8.701300728,11.47807344,0.059929389,0.399982161,0.029520812,0.03816129
1991,10,1992,199210,7.380645161,140.7,40.26395988,6.639090909,8.254545455,0.019272727,0.023909091,0.010425,0.015354545,0.027055239,0.011484586,0.038539825,0.088991557,7.894999981,152.3899994,5.863606916,8.521193859,0.011696225,0.025633311,0.012031099,0.012398514
1991,11,1992,199211,-0.416666667,81.4,46.76432497,5.113076923,7.123076923,0.023076923,0.079307692,0.00565,0.010773077,0.607275352,0.680390584,1.287665935,2.077916146,-0.144999996,79.95999908,4.711398266,7.068398718,0.019914671,0.096690738,0.004770852,0.010189672
1991,12,1992,199212,-7.477419355,87,59.91497693,4.023,5.64,0.0154,0.212,0.00525,0.010675,0.016512361,0.009481787,0.025994148,0.039192503,-7.275000095,83.69000244,4.907641934,7.767576441,0.016474596,0.289194695,0.006224414,0.013295278
1992,1,1992,19921,-10.26129032,66,17.7236991,4.145384615,4.638461538,0.026,0.251307692,0.005225,0.011288462,0.102149173,0.056897722,0.159046895,N/A,-10.31999969,75.83999634,3.836423145,4.448709173,0.023527381,0.230349159,0.005740881,0.0104416
1992,2,1992,19922,-8.734482759,58.7,8.484878636,4.135,4.433333333,0.03125,0.301833333,0.005766667,0.011354167,N/A,N/A,N/A,0.865253185,-9.015000343,74.83000183,4.14388852,4.446607429,0.031085674,0.309668028,0.005130807,0.011355112
1992,3,1992,19923,-6.080645161,94.6,43.23813039,4.982307692,4.415384615,0.030153846,0.356538462,0.00694,0.010453846,0.186931482,0.092477531,0.279409012,0.595648433,-6.940000057,78.19999695,4.973324864,4.998568504,0.024011376,0.42195481,0.004453303,0.01012509
1992,4,1992,19924,2.75,37.6,184.0138014,5.029166667,4.583333333,0.018916667,0.24775,0.006966667,0.0087875,0.009084672,0.002771752,0.011856424,0.023032324,2.404999971,52.88999939,5.355468824,6.071124141,0.019919233,0.331050085,0.003477724,0.010211706
1992,5,1992,19925,11.09354839,33.7,41.31427884,5.580833333,5.258333333,0.037166667,0.0415,0.010025,0.008004167,N/A,N/A,N/A,N/A,10.75500011,57.54999924,4.860723682,5.103798367,0.024596667,0.058893162,0.008190837,0.008683607
1992,6,1993,19936,13.98666667,31.3,2.148300903,8.154444444,6.22,0.191,0.0739,0.012466667,0.006395,N/A,N/A,N/A,N/A,14.20499992,46.75,11.48321904,7.131383622,0.197985478,0.059714401,0.028039532,0.009896188
1992,7,1993,19937,15.00967742,99.9,11.59337212,6.525555556,10.82222222,0.167777778,0.036222222,0.025633333,0.007088889,0.011585933,0.153263205,0.164849138,1.780521004,15.53499985,121.5199966,7.88705171,19.42112589,0.1141193,0.039886605,0.080503062,0.010997106
1992,8,1993,19938,14.68387097,81.4,6.536762287,6.822,8.68,0.2488,0.05,0.02752,0.00742,N/A,N/A,N/A,N/A,15.32499981,126.9300003,4.975214371,7.691928941,0.120577383,0.051478987,0.02675773,0.006425873
1992,9,1993,19939,11.88333333,185.3,84.24350308,5.115,11.2,0.03475,0.0185,0.0139,0.0062125,0.481196417,0.213474041,0.694670457,1.278627759,12.64000034,141.2400055,3.341942589,8.54700628,0.015042823,0.014716205,0.010720824,0.004648267
1992,10,1993,199310,3.919354839,57.1,46.97707058,5.0975,7.375,0.0315,0.00725,0.0088,0.0073625,0.318031445,0.201642025,0.51967347,1.479484641,4.710000038,78.91000366,4.074208707,6.327138947,0.024825572,0.006458526,0.007120584,0.006260638
1992,11,1993,199311,-1.113333333,164.8,155.727984,3.693333333,5.56,0.0228,0.0902,0.00704,0.00916,0.023387206,0.008674432,0.032061638,0.032044972,-0.569999993,177.4299927,2.210620479,3.454490818,0.01309783,0.061113856,0.004614491,0.004951319
1992,12,1993,199312,-5.722580645,55,32.4099659,3.745,4.566666667,0.032,0.174666667,0.007533333,0.009616667,0.017041912,0.010672262,0.027714174,0.030422695,-5.824999809,80.41000366,3.722233883,4.294360812,0.029217867,0.160727693,0.006829521,0.009046025
1993,1,1993,19931,-8.812903226,105,45.33703511,3.716666667,4.266666667,0.032666667,0.224,0.006966667,0.009383333,0.073378911,0.063025169,0.13640408,0.347946641,-8.949999809,137.4400024,2.639376991,3.027412264,0.021976604,0.154260691,0.004875545,0.006634726
1993,2,1993,19932,-13.21071429,14.9,9.747514544,4.1475,4.25,0.056,0.26275,0.010466667,0.009825,0.017349393,0.01426944,0.031618834,0.049068863,-13.83500004,36.79000092,4.372896515,4.580618777,0.058528538,0.277908339,0.010173732,0.01047576
1993,3,1993,19933,-3.722580645,42,27.85165095,4.388,4.42,0.0528,0.3474,0.01368,0.0096,0.085390089,0.047268877,0.132658966,0.21342452,-4.25,34.63000107,3.794247985,4.414406173,0.028436778,0.404863337,0.013038462,0.007854298
1993,4,1993,19934,4.306666667,71.2,155.1993581,3.6125,4.775,0.021,0.2005,0.009075,0.0082,0.100455503,0.040702061,0.141157563,0.307181098,4.28000021,77.05000305,2.365362388,3.204534033,0.013017896,0.139347814,0.006299012,0.005404573
1993,5,1993,19935,10.72580645,89.9,49.36499097,3.814,7.04,0.041,0.0348,0.01288,0.00689,1.589399004,0.265802815,1.855201819,1.399547457,10.68500042,102.5299988,4.867441893,9.587078155,0.045824752,0.044841704,0.01781232,0.008842853
1993,6,1994,19946,14.91,126.9,67.22994584,3.94,8.675,0.04225,0.02325,0.016275,0.0057375,0.158317872,0.023917374,0.182235246,0.320449719,15.10999966,99.41999817,3.351909022,8.743132807,0.034121089,0.028093943,0.016496404,0.005054532
1993,7,1994,19947,18.53870968,65,7.912056169,5.6,16.06666667,0.324666667,0.024333333,0.072566667,0.001833333,1.892494706,0.35099767,2.243492376,1.68721784,19.00499916,79.88999939,4.783224169,14.93296824,0.149871815,0.029625995,0.073761212,0.00273075
1993,8,1994,19948,17.60967742,24.3,0.233115346,7.23,13.3,0.715,0.027,0.0502,0.0042,0.663298658,0.063478016,0.726776674,0.463756391,18.51499939,80.98999786,29.16189591,53.64498141,2.883921933,0.108903346,0.202479554,0.01694052
1993,9,1994,19949,9.99,146.3,19.71651867,6.3025,7.875,0.11925,0.04725,0.0123,0.0169375,0.090483329,0.059398172,0.149881501,0.789608136,10.67500019,137.3800049,2.335502598,3.259322965,0.037398667,0.014844219,0.004466975,0.005281624
1993,10,1994,199410,4.45483871,145.2,97.51240923,4.735,9.675,0.015,0.0095,0.007975,0.0080625,0.008545027,0.00363095,0.012175977,0.020178318,5.039999962,138.9400024,7.267621508,22.77083796,0.011741777,0.028525879,0.017552469,0.014153084
1993,11,1994,199411,-1.16,102.3,68.2629328,3.558,6.26,0.0258,0.0538,0.00678,0.00908,0.191626005,0.064787163,0.256413168,0.497598329,-1.034999967,102.5999985,3.810778078,7.184826903,0.024242678,0.074006931,0.007854515,0.010203793
1993,12,1994,199412,-7.14516129,32.2,31.76001605,3.84,4.766666667,0.028333333,0.169,0.005566667,0.010183333,0.008087687,0.004463116,0.012550803,0.042771136,-7.170000076,56.75,3.896991005,5.189420357,0.027885818,0.167343102,0.005982924,0.010620165
1994,1,1994,19941,-18.5,71,6.889468405,4.384,3.98,0.0562,0.244,0.00712,0.0106,0.085161419,0.057539645,0.142701064,0.105030733,-18.51499939,87.25,4.252505912,4.004264151,0.053004151,0.240614591,0.00701645,0.010540624
1994,2,1994,19942,-12.53571429,36,7.361765296,4.73,3.8,0.0365,0.3505,0.008275,0.0099125,N/A,N/A,N/A,N/A,-13.02499962,52.49000168,6.746426133,5.022613302,0.04212113,0.599635079,0.011391089,0.012556698
1994,3,1994,19943,-3.325806452,19.8,12.73295085,4.265,3.725,0.02975,0.2655,0.009875,0.0084,0.167931836,0.075700231,0.243632067,0.222133965,-3.835000038,32.59999847,3.663308378,3.324013136,0.023797506,0.229277734,0.008341285,0.007419044
1994,4,1994,19944,3.923333333,38.7,137.6668533,3.445,4.8,0.015,0.234,0.008325,0.0077375,0.100630208,0.033444001,0.134074209,0.130683401,4.260000229,59.27999878,2.869135985,3.865418051,0.012187723,0.199872999,0.006543365,0.00638556
1994,5,1994,19945,10.70322581,103.8,88.76750478,3.334,6.28,0.0184,0.0296,0.01564,0.00754,N/A,N/A,N/A,N/A,9.68999958,115.1699982,2.701158456,5.32688693,0.014431084,0.031065992,0.011113363,0.006647698
1994,6,1995,19956,16.25666667,97.8,26.91485657,4.08,10.575,0.09775,0.024,0.02165,0.0038625,0.010831724,0.00248204,0.013313763,0.018150472,16.47500038,94.75,4.143328611,8.958416511,0.070825713,0.025324876,0.016400654,0.004944644
1994,7,1995,19957,18.08064516,123.7,32.56595386,3.7475,13.5,0.08925,0.024,0.026325,0.002225,0.003385917,0.000966386,0.004352303,0.009830463,18.61499977,111.7699966,2.147462945,8.07147476,0.04337682,0.015025666,0.015484574,0.001579718
1994,8,1995,19958,15.25483871,104.7,14.14897492,4.204,15.28,0.1934,0.0244,0.03866,0.00082,N/A,N/A,N/A,N/A,15.88500023,108.1600037,2.120451645,8.32486801,0.08581078,0.011334832,0.02026827,0.000527818
1994,9,1995,19959,12.44,67.9,12.73641725,4.75,14.575,0.17075,0.0425,0.039125,0.001375,0.026430959,0.008168423,0.034599382,0.063589241,13.18500042,78.73999786,4.45481731,12.85741988,0.08339457,0.031735048,0.037851704,0.002345326
1994,10,1995,199510,6.9,82.1,42.87762487,3.61,10.34,0.068,0.0132,0.0205,0.00316,0.002519379,0.00117647,0.003695849,0.006208713,7.59499979,87.16000366,4.378406969,13.04575084,0.057402943,0.017695149,0.021767103,0.005721554
1994,11,1995,199511,1.483333333,125.3,80.44645938,3.0225,6.25,0.03025,0.0905,0.013925,0.008425,0.395433623,0.227012593,0.622446216,0.914658631,1.934999943,124.1800003,2.717911774,5.912501347,0.025996714,0.083669072,0.011689513,0.007530822
1994,12,1995,199512,-4.432258065,41.4,49.55997593,2.826666667,5.066666667,0.027333333,0.165333333,0.005666667,0.00915,0.531316109,0.315093165,0.846409275,0.844557474,-4.755000114,55.36999893,4.248395088,8.325715318,0.037483607,0.251039885,0.011524606,0.0135418
1995,1,1995,19951,-5.990322581,94.2,75.12900301,3.22,4.52,0.0292,0.2172,0.00786,0.0085375,0.065592105,0.050498917,0.116091022,0.16039176,-7.059999943,127.4700012,2.181724318,3.292971371,0.016255065,0.184050548,0.00587446,0.006738264
1995,2,1995,19952,-11.34285714,43.8,13.61168305,3.5575,4.325,0.0505,0.1965,0.00835,0.0093125,0.006529575,0.00274088,0.009270455,0.009813773,-12.21500015,53.04000092,3.017090469,3.619749156,0.042880626,0.165460177,0.007001515,0.007874811
1995,3,1995,19953,-0.94516129,56.3,101.6859539,3.2625,4.025,0.03,0.2815,0.007525,0.00775,0.192323273,0.157160262,0.349483535,0.364761907,-1.225000024,41.56999969,2.953876844,3.972149925,0.020968704,0.311202205,0.007179623,0.007361608
1995,4,1995,19954,1.386666667,87,84.93544634,3.105,4,0.019,0.152,0.006325,0.008075,0.640391697,0.257702913,0.89809461,1.473568004,1.284999967,95.72000122,2.068365473,2.78083869,0.012866544,0.10667738,0.004614325,0.005464723
1995,5,1995,19955,11.17741935,116.1,78.25396189,3.2325,5.45,0.0192,0.0324,0.01272,0.00687,3.172371186,0.339772187,3.512143373,2.148085455,10.68500042,95.45999908,3.566759413,4.632834994,0.018301329,0.034402791,0.013415688,0.006471413
1995,6,1996,19966,17.59666667,142.7,54.31760883,3.465,12.65,0.116,0.02875,0.038675,0.00295,2.310651266,0.212096636,2.522747902,1.712403186,17.72500038,53.06000137,1.869510123,7.539211698,0.040456732,0.018555617,0.02098046,0.002616833
1995,7,1996,19967,18.45483871,155,76.97572718,3.228,11.74,0.0976,0.0266,0.02984,0.00355,10.13437739,0.386498347,10.52087574,3.866993603,18.79500008,127.0199966,2.935716927,10.93605314,0.063703334,0.028034959,0.024890461,0.003789793
1995,8,1996,19968,18.22903226,78.8,17.82335807,5.853333333,17.5,0.531666667,0.024666667,0.0608,0.000883333,0.472888989,0.140364054,0.613253043,1.351688626,18.75,84.41000366,3.904610298,13.89164357,0.291061166,0.015226431,0.045889305,0.000789231
1995,9,1996,19969,10.58666667,89.4,17.60410832,3.535,11.475,0.2065,0.046,0.0343,0.0050375,0.001455877,0.000515044,0.001970921,0.004506324,10.85999966,84.51999664,1.920685242,7.695456336,0.070545929,0.023911096,0.020522251,0.003099703
1995,10,1996,199610,8.058064516,152.5,74.7147683,3.175,11.975,0.045,0.0235,0.0247,0.0040375,0.682807796,0.281703831,0.964511627,1.7187788,8.470000267,153.2599945,2.236828199,8.533764324,0.024814904,0.027247431,0.013512107,0.0043696
1995,11,1996,199611,-3.423333333,172.1,85.75871615,N/A,N/A,N/A,N/A,N/A,N/A,0.030596708,0.016467867,0.047064575,0.119667942,-3.744999886,189.3099976,N/A,N/A,N/A,N/A,N/A,N/A
1995,12,1996,199612,-10.13225806,70.2,23.12423297,2.81,4.45,0.0355,0.218,0.0064,0.0084,0.082585876,0.055910328,0.138496204,0.250418103,-10.73499966,90.37000275,3.184480871,5.055702123,0.040733585,0.247952112,0.007296951,0.009551662
1996,1,1996,19961,-11.63225806,117.6,61.37433099,2.765,4.4,0.06175,0.335,0.00915,0.0088625,0.148868002,0.133818774,0.282686776,0.37666194,-12.20499992,98.75,1.531611505,2.357183149,0.03169411,0.230550408,0.00450726,0.004845123
1996,2,1996,19962,-9.95862069,73.5,28.71131795,2.88,4.3,0.0385,0.33,0.0064,0.00895,0.075433833,0.080282545,0.155716377,0.125117256,-10.58500004,60.59999847,1.767152214,2.638456431,0.022991851,0.196786152,0.003816891,0.005491671
1996,3,1996,19963,-5.067741935,41.2,41.22935206,N/A,N/A,N/A,N/A,N/A,N/A,N/A,N/A,N/A,N/A,-5.800000191,52.50999832,N/A,N/A,N/A,N/A,N/A,N/A
1996,4,1996,19964,1.846666667,103.8,214.1789651,2.833333333,3.833333333,0.019,0.45,0.0058,0.007066667,0.718201521,0.225779197,0.943980717,1.500105247,1.725000024,136.0599976,1.926705887,2.49692443,0.010533123,0.324142609,0.004081997,0.004565324
1996,5,1996,19965,9.890322581,52.4,78.636999,2.824,5.125,0.0282,0.1084,0.01432,0.0059,N/A,N/A,N/A,N/A,9.454999924,63.25999832,3.355633334,7.365839413,0.032046065,0.275199048,0.013357378,0.007833118
1996,6,1997,19976,16.79333333,95.3,36.80795988,3.02,12.06666667,0.083333333,0.03,0.0374,0.0023,0.02088698,0.011620124,0.032507104,0.095634213,16.88999939,102.9499969,2.749230117,11.0498658,0.057894006,0.03217074,0.032504874,0.002684513
1996,7,1997,19977,16.57419355,179.3,56.36711735,3.56,12.82,0.1606,0.03,0.0404,0.00134,0.015636195,0.003949577,0.019585772,0.024110503,17.07999992,128.6799927,3.38788002,12.84111279,0.149609458,0.037386255,0.042145969,0.001642823
1996,8,1997,19978,17.15806452,46.1,19.06346239,6.12,16.825,0.5655,0.0205,0.0634,0.0004875,0.46793849,0.11422028,0.58215877,1.03961455,17.83499908,65.12000275,3.266795163,9.556231248,0.281528491,0.01114199,0.036270197,0.000301326
1996,9,1997,19979,13.35333333,137.1,26.82646339,4.645,15.075,0.471,0.0565,0.05705,0.001925,0.908222567,0.240302093,1.14852466,2.874283768,13.94499969,146.5899963,2.885552074,13.4371285,0.10175273,0.052920597,0.037744072,0.002932525
1996,10,1997,199710,6.248387097,73,38.11132598,3.345,10.2,0.05225,0.0075,0.0304,0.002675,0.77013556,0.12833325,0.898468809,0.969076668,6.684999943,102.8499985,2.217788553,6.966735072,0.032167663,0.004997726,0.020584852,0.001867477
1996,11,1997,199711,-2.643333333,84.7,80.56778335,3,4.95,0.0345,0.1965,0.0142,0.0070875,0.078675585,0.042450501,0.121126086,0.197026507,-2.660000086,100.7600021,2.230784124,3.861971604,0.023936754,0.154695063,0.010583898,0.005300177
1996,12,1997,199712,-3.616129032,103.7,69.51472598,2.613333333,4.6,0.032333333,0.265333333,0.012666667,0.007483333,0.091162997,0.039514447,0.130677443,0.130900372,-3.605000019,119.8000031,3.159817873,5.64294598,0.038903543,0.337425111,0.016074377,0.00920423
1997,1,1997,19971,-12.1483871,159.1,65.86491775,2.525,4.15,0.03175,0.4055,0.012,0.007475,0.236925904,0.183060105,0.419986009,0.573271195,-12.51000023,167.0700073,4.062944381,7.518822217,0.042553859,0.73556314,0.021074389,0.012243094
1997,2,1997,19972,-8.339285714,106,40.88357874,2.805,3.9,0.0345,0.363,0.01075,0.0075625,0.082936839,0.067792492,0.150729332,0.179919165,-8.824999809,103.9899979,2.464726456,3.198719715,0.022265511,0.333006338,0.008564194,0.006582503
1997,3,1997,19973,-4.909677419,67,46.49221264,2.775,3.975,0.03125,0.4315,0.01035,0.007575,0.104502064,0.07099085,0.175492914,0.270855118,-6.215000153,73.93000031,2.160763388,3.070574009,0.021878087,0.338490484,0.00881052,0.005922902
1997,4,1997,19974,2.88,45.7,233.0113541,2.584,3.58,0.0242,0.5264,0.0102,0.00643,0.084072812,0.028772006,0.112844818,0.232526327,2.805000067,56.79000092,2.041731627,2.883427551,0.018933428,0.430387087,0.008329664,0.005065055
1997,5,1997,19975,7.493548387,88.9,98.57746038,2.485,5.175,0.02475,0.1535,0.01465,0.0061,0.432458577,0.201419103,0.63387768,1.145162676,7.585000038,94.65000153,2.224711653,4.419023402,0.01672131,0.209589018,0.010622662,0.005883492
1997,6,1998,19986,17.03,42.5,12.25372116,3.86,15.7,0.207,0.023333333,0.0772,0.00145,0.588259659,0.226423002,0.814682661,1.820179439,17.42499924,68.86000061,4.40675389,17.44179632,0.255850778,0.033623762,0.08678041,0.002102466
1997,7,1998,19987,17.47741935,38.5,2.335486459,5.506666667,18,0.538,0.161333333,0.085866667,0.0007,0.913740146,0.271666489,1.185406636,2.30886526,17.79999924,41.68999863,12.96363636,42.97056277,1.49093321,0.295544836,0.196797279,0.001967934
1997,8,1998,19988,15.32258065,65.7,0.159454363,20.6,4.9,0.115,1.1,0.0164,0.0813,0.037935104,0.006589632,0.044524735,0.062087133,15.75500011,84.16999817,190.8858696,45.4048913,1.065625,10.19293478,0.151967391,0.753350543
1997,9,1998,19989,11.85666667,57.1,0.380437312,15.8,4.9,0.063,0.844,0.0214,0.0618,0.027789777,0.174566164,0.202355942,1.686742173,12.56000042,73.43000031,55.06605923,17.07744875,0.219567198,2.941503417,0.074583144,0.215384966
1997,10,1998,199810,5.95483871,104.4,9.454603811,10.11,5.475,0.01475,0.153,0.00875,0.0382,0.048397746,0.021848725,0.070246472,0.134522122,6.300000191,78.30000305,7.205809349,3.820373511,0.010278873,0.127027544,0.006079665,0.027125568
1997,11,1998,199811,-1.023333333,73.6,17.52958074,6.145,6.075,0.0215,0.1295,0.0083,0.0164,0.01055996,0.006415465,0.016975425,0.018025297,-0.870000005,76.15000153,3.963543109,5.333053194,0.009363877,0.058618499,0.007644602,0.011261716
1997,12,1998,199812,-6.006451613,29.4,5.321789368,5.433333333,4.866666667,0.028333333,0.33,0.006666667,0.014766667,0.236516706,0.162716981,0.399233687,0.502388385,-6.139999866,39.00999832,6.818519242,6.352787277,0.035654291,0.397795473,0.008992238,0.01871459
1998,1,1998,19981,-6.616129032,112.1,26.09229747,4.54,5.325,0.016,0.333,0.00865,0.01045,0.113197531,0.145448084,0.258645615,0.372781495,-7.324999809,120.6699982,5.769216938,8.835783799,0.033276113,0.4551732,0.017205983,0.014459683
1998,2,1998,19982,-3.117857143,21.3,9.213689067,4.41,4.525,0.02675,0.4075,0.006,0.010625,0.018081343,0.0247143,0.042795643,0.08146989,-3.775000095,20.94000053,3.889332205,3.993594808,0.023858728,0.360958239,0.005301223,0.009371981
1998,3,1998,19983,-1.787096774,141.6,163.6001765,3.592,4.98,0.0212,0.4316,0.009,0.00792,0.60780894,0.221691732,0.829500672,1.534897407,-2.170000076,120.3899994,4.494608526,7.979820112,0.05110412,0.808665438,0.018513271,0.010097293
1998,4,1998,19984,5.846666667,37.3,100.2421986,4.32,4.883333333,0.0185,0.136666667,0.0096,0.007366667,0.007442442,0.005184328,0.012626771,0.027788999,5.744999886,46.81000137,1.831844942,2.265520044,0.007020178,0.095448722,0.004264063,0.003353544
1998,5,1998,19985,15.03225806,20.2,7.187545995,4.946666667,8.383333333,0.048166667,0.048333333,0.039366667,0.005283333,0.176918155,0.015196069,0.192114223,0.130382979,15.02499962,40.88000107,6.479988658,10.12866685,0.049321654,0.066486339,0.042835396,0.008911827
1998,6,1999,19996,15.74666667,72.6,1.935885416,N/A,N/A,N/A,N/A,N/A,N/A,0.11786779,0.026478703,0.144346493,0.21810609,16.73500061,105.2699966,N/A,N/A,N/A,N/A,N/A,N/A
1998,7,1999,19997,17.4516129,59.8,0.143599436,6.78,8,0.064,0.06,0.0204,0.0126,0.676862383,0.228389207,0.90525159,2.479863572,18.04000092,57.54999924,N/A,N/A,N/A,N/A,N/A,N/A
1998,8,1999,19998,17.79354839,51,0.168998702,N/A,N/A,N/A,N/A,N/A,N/A,0.244652534,0.07579827,0.320450804,N/A,18.28000069,76.04000092,N/A,N/A,N/A,N/A,N/A,N/A
1998,9,1999,19999,13.36333333,71.7,3.704124597,10.4,7.9,0.014,0.84,0.0226,0.0346,0.017796639,0.004734794,0.022531433,0.041892125,13.95499992,80.23999786,72.80315102,55.30239356,0.098004242,5.880254505,0.158206847,0.242210483
1998,10,1999,199910,6.861290323,45.1,8.181227996,9.5,5.966666667,0.014666667,0.078666667,0.009466667,0.027566667,0.057961757,0.017815114,0.075776872,0.105548126,7.565000057,39.72000122,5.293292112,3.330236428,0.009912666,0.040242957,0.004952378,0.015950673
1998,11,1999,199911,1.016666667,85.4,13.34297019,7.131428571,6.457142857,0.036285714,0.133142857,0.008342857,0.019771429,0.003804692,0.002530043,0.006334734,0.014186576,1.414999962,92.27999878,6.616532531,6.922696278,0.032388669,0.133522939,0.008650819,0.017827583
1998,12,1999,199912,-3.990322581,56.1,26.36717289,6.846666667,7.933333333,0.019333333,0.240666667,0.008666667,0.012,0.094917994,0.039813233,0.134731227,0.177465722,-3.859999895,92.69999695,11.32698481,14.34182837,0.025563483,0.385228105,0.017163802,0.019948853
1999,1,1999,19991,-10.96451613,92.5,35.39860782,5.132,6.3,0.0256,0.56,0.0086,0.01066,0.127381071,0.104999932,0.232381003,0.266198583,-11.20499992,126.7399979,6.959375655,12.6426588,0.042147731,1.087618864,0.020722365,0.014685498
1999,2,1999,19992,-6.028571429,41.5,34.93603165,4.428,6.28,0.0164,0.4292,0.00724,0.00901,0.061896895,0.034674234,0.09657113,0.170105392,-6.40500021,49.93999863,4.284848841,6.143205032,0.015160012,0.418938228,0.007300298,0.008717429
1999,3,1999,19993,-2.822580645,26.1,46.84091525,3.833333333,6,0.020333333,0.388,0.007766667,0.00875,0.054158619,0.027415949,0.081574567,0.194022291,-3.299999952,24.54000092,4.011921157,8.020225843,0.018144147,0.413380986,0.012699218,0.009243157
1999,4,1999,19994,5.37,15.9,108.7650197,3.21,5.95,0.0075,0.176,0.00935,0.0074,0.697702775,0.208836947,0.906539722,1.027441911,5.375,29.95000076,1.841847511,3.675306584,0.004794376,0.189920129,0.005811846,0.004459874
1999,5,1999,19995,13.46774194,66.4,20.93109574,3.813333333,10.73333333,0.017333333,0.015333333,0.0268,0.0069,0.016560502,0.00638655,0.022947053,0.057947991,13.32499981,83.25,4.684598688,16.80720065,0.02154658,0.017364076,0.039741642,0.007072254
1999,6,2000,20006,17.41,80.5,10.92713168,4.495,13.525,0.073,0.0265,0.03505,0.0022375,0.619621187,0.072621259,0.692242447,0.570801062,18.09499931,103.2699966,7.965625229,25.32482494,0.066604113,0.06229389,0.072805813,0.005698585
1999,7,2000,20007,18.98709677,112,31.65359935,4.07,14.4,0.028,0.015,0.0293,0.0026,0.008087687,0.002268906,0.010356593,0.01500439,19.97999954,106.8300018,3.490790728,12.4656655,0.023685283,0.013499834,0.025461031,0.002236354
1999,8,2000,20008,15.76129032,64.4,4.361665023,4.04,18.8,0.188,0.024,0.0466,0.001,0.05677428,0.012726416,0.069500695,0.150043905,16.68000031,71.65000153,2.627304381,12.22606989,0.122260699,0.015607749,0.030305046,0.000650323
1999,9,2000,20009,13.52333333,131.8,10.38950871,3.56,18.6,0.002,0.018,0.0266,0.006,0.017004642,0.002897125,0.019901766,0.021905743,14.72999954,143.1399994,38.52198273,201.266539,0.021641563,0.19477407,0.287832792,0.06492469
1999,10,2000,200010,5.6,125.9,75.24716869,3.7,11,0.007,0.022,0.0105,0.00745,0.040727281,0.009327725,0.050055006,0.069848025,6.195000172,115.3700027,2.72925545,15.80285461,0.005145639,0.019883685,0.00767968,0.005750651
1999,11,2000,200011,1.726666667,95.6,74.79439651,2.945,7.725,0.0175,0.0525,0.01275,0.0083,0.26741546,0.104743765,0.372159225,0.658924735,2.210000038,105.1999969,2.730221887,7.298384524,0.015192743,0.039237278,0.011107955,0.007281349
1999,12,2000,200012,-6.129032258,101.2,57.6545488,N/A,N/A,N/A,N/A,N/A,N/A,0.188652522,0.114093063,0.302745585,0.344066196,-5.679999828,111.6999969,N/A,N/A,N/A,N/A,N/A,N/A
2000,1,2000,20001,-10.88064516,53.7,24.96429052,4.3,5.35,0.03,0.248,0.0116,0.009375,0.004765958,0.003851538,0.008617497,0.006726106,-10.98499966,59.25999832,2.290235691,3.187068908,0.015854465,0.145628774,0.006112631,0.005343074
2000,2,2000,20002,-6.45862069,68.5,27.79649839,3.74,5,0.047,0.367,0.0142,0.0097,0.298582871,0.234198365,0.532781237,0.456181872,-7.474999905,66.80999756,1.704549419,2.249295854,0.020848425,0.179034247,0.006375229,0.003832408
2000,3,2000,20003,0.709677419,51.5,85.92334739,3.288,4.68,0.0128,0.304,0.01128,0.007183333,0.31609377,0.100980326,0.417074096,0.369418442,0.779999971,54.43000031,2.840533618,4.390233761,0.01171926,0.27708775,0.011169096,0.007331351
2000,4,2000,20004,3.623333333,54.4,81.25898815,2.466666667,4.933333333,0.008666667,0.109333333,0.008533333,0.007583333,0.302682621,0.135881361,0.438563981,0.670107095,3.704999924,58.09000015,2.127762955,4.18757907,0.007174627,0.10515362,0.007279313,0.006391789
2000,5,2000,20005,11.42580645,101.5,84.13111925,2.84,7.6,0.02,0.021,0.0138,0.005366667,1.656242775,0.300167871,1.956410647,1.896761914,11.69999981,122.4199982,1.364379483,3.62643093,0.008993472,0.010771129,0.006403632,0.002741103
2000,6,2001,20016,14.57333333,124.2,28.27589301,2.92,12.2,0.054666667,0.022666667,0.0296,0.0027,N/A,N/A,N/A,N/A,15.30500031,112.0400009,1.347097844,6.166766314,0.022166237,0.009157375,0.013855671,0.002249418
2000,7,2001,20017,16.56774194,89.9,18.32677982,3.2,14.3,0.02,0.082,0.0396,0.0013,1.478217377,0.308732292,1.786949669,1.72162446,17.02499962,112.75,2.88754107,12.33137846,0.026756856,0.067254857,0.032112433,0.001636298
2000,8,2001,20018,16.21612903,88.7,55.29569346,3.65,14.9,0.061,0.034,0.0356,0.00355,0.684227955,0.073473341,0.757701296,0.773243503,16.99500084,83.94999695,3.909667285,18.29064129,0.041195187,0.045287108,0.036864588,0.005262576
2000,9,2001,20019,11.56666667,71.3,13.96142264,4.766666667,13.7,0.162666667,0.046666667,0.0458,0.000733333,1.328691449,0.258010133,1.586701581,2.322259057,12.38000011,94.97000122,4.122938114,12.216735,0.140806909,0.041183866,0.041558958,0.000658636
2000,10,2001,200110,7.087096774,21.4,6.231584935,5.67,13.525,0.0685,0.0175,0.040133333,0.001275,3.408719398,0.812905632,4.221625031,4.344029742,7.695000172,35.95000076,5.514094461,13.12416472,0.066055416,0.016832539,0.038118444,0.001217786
2000,11,2001,200111,-0.05,63.2,15.60915524,2.86,8.8,0.072,0.028,0.021,0.00455,0.441282097,0.13076706,0.572049157,0.849191755,0.045000099,101.6900024,2.210532533,8.162499083,0.041018626,0.025479254,0.008278102,0.004636815
2000,12,2001,200112,-11.00967742,72.4,20.05860664,2.68,7.25,0.047,0.056,0.0225,0.00635,1.257731623,0.64041975,1.898151373,N/A,-11.99499989,113.6200027,1.593811983,4.723501281,0.028924235,0.032854231,0.01483054,0.003674179
2001,1,2001,20011,-8.64516129,111.5,11.8058035,2.966666667,5.666666667,0.036,0.088,0.013266667,0.00735,0.599788651,0.636974374,1.236763025,1.597191498,-9.149999619,69.37000275,2.985111034,5.702192252,0.03311458,0.080946752,0.013331423,0.007416758
2001,2,2001,20012,-8.335714286,139.6,34.243924,2.87,7.65,0.026,0.115,0.0113,0.007275,0.022958596,0.019633131,0.042591726,0.050470831,-8.854999542,101.6399994,1.198834534,3.464804552,0.010631248,0.052309006,0.004722554,0.003125228
2001,3,2001,20013,-3.016129032,39.6,28.62429551,2.62,5.65,0.0165,0.152,0.01,0.0074875,0.163342394,0.08193272,0.245275114,0.383388047,-3.86500001,46.58000183,2.303798602,5.108661065,0.014012793,0.138220479,0.008854385,0.006692772
2001,4,2001,20014,5.456666667,23.2,182.9857968,2.72,6.066666667,0.008666667,0.109333333,0.0098,0.006816667,0.189333873,0.083274546,0.272608418,N/A,5.269999981,32.43999863,2.370503949,5.051877149,0.00351951,0.225356472,0.007829091,0.006564527
2001,5,2001,20015,12.60645161,105.5,47.97477437,3.16,14.2,0.028666667,0.02,0.025266667,0.003033333,1.037518667,0.129766489,1.167285155,0.915957677,12.70499992,92.69000244,2.554123885,12.77899213,0.022868151,0.015701138,0.019498537,0.002491762
2001,6,2002,20026,16.75,89,30.28139331,4.605,14.65,0.157,0.024,0.04095,0.0025125,0.540421487,0.72759508,1.268016567,9.522363679,17.02499962,88.80000305,2.440261428,7.353075529,0.042717351,0.014593088,0.017298267,0.002829736
2001,7,2002,20027,17.25483871,37.8,3.442027376,4.44,13.25,0.28,0.023,0.0488,0.000775,0.049103814,0.015686264,0.064790079,0.098304627,17.71999931,31.45999908,13.06713658,38.99539633,0.824053658,0.067690122,0.14362078,0.002280863
2001,8,2002,20028,18.74516129,108.5,1.081736438,N/A,N/A,N/A,N/A,N/A,N/A,0.324855431,0.087759046,0.412614477,0.020695711,19.42499924,102.8799973,N/A,N/A,N/A,N/A,N/A,N/A
2001,9,2002,20029,12.41333333,125.1,17.69335981,5.95,9.05,0.016,0.026,0.0148,0.0157,N/A,N/A,N/A,N/A,13.14999962,131.7400055,13.56604372,20.52037341,0.024136297,0.068213219,0.039721117,0.042390314
2001,10,2002,200210,7.041935484,165.6,85.17361189,3.76,9.366666667,0.010666667,0.010666667,0.008666667,0.01015,0.188929333,0.082738041,0.271667374,0.487383994,7.414999962,168.25,2.791937483,7.730240387,0.007284947,0.008423399,0.006838047,0.007579933
2001,11,2002,200211,3.556666667,62.1,54.50863063,3.093333333,7.033333333,0.008,0.038,0.008666667,0.008766667,0.216494711,0.087543993,0.304038704,0.098137726,3.660000086,90.33000183,2.410313012,5.403609981,0.007462247,0.027823736,0.006587832,0.006867301
2001,12,2002,200212,-2.029032258,98.5,71.35763267,2.653333333,6.3,0.012,0.132666667,0.0094,0.0073,0.239381095,0.12633045,0.365711545,N/A,-2.140000105,98.15000153,3.969366295,11.15312908,0.012480381,0.17445907,0.01694836,0.019682049
2002,1,2002,20021,-5.006451613,52.4,19.59632898,2.953333333,6.733333333,0.018,0.26,0.0082,N/A,N/A,N/A,N/A,N/A,-5.445000172,60.68999863,2.960586669,6.625920158,0.017932215,0.256541354,0.008194476,N/A
2002,2,2002,20022,-6.378571429,99,27.57142046,2.88,5.5,0.02,0.272,0.00995,N/A,N/A,N/A,N/A,N/A,-6.889999866,89.44000244,0.955743746,2.383370144,0.008666801,0.117868487,0.005171585,N/A
2002,3,2002,20023,-3.674193548,124,91.08793358,N/A,N/A,0.012,0.288,N/A,N/A,N/A,N/A,N/A,N/A,-4.480000019,105.0599976,N/A,N/A,0.010085427,0.242050251,N/A,N/A
2002,4,2002,20024,4.703333333,76,174.4139965,N/A,N/A,N/A,N/A,N/A,N/A,N/A,N/A,N/A,N/A,4.394999981,86.12000275,N/A,N/A,N/A,N/A,N/A,N/A
2002,5,2002,20025,8.761290323,109.7,55.10390036,2.57,6.1,0.014,0.064,0.0162,0.00685,0.071778223,0.048459352,0.120237575,0.560336376,8.880000114,113.0500031,2.035322219,4.83582689,0.011174455,0.05091268,0.012886526,0.005422947
2002,6,2003,20036,16.45333333,78.3,31.42941395,2.795,12.125,0.0415,0.0385,0.03725,0.0030875,0.343819877,0.09474106,0.438560937,0.736032948,16.71500015,84.31999969,3.603867912,15.96014937,0.045778022,0.052703869,0.047201649,0.004632151
2002,7,2003,20037,19.53870968,45.2,1.283903126,4.8,N/A,0.23,0.072,0.06,0.0005,0.288918179,0.073256255,0.362174433,0.536277612,19.75,54.54999924,16.42253018,N/A,0.786912904,0.246337953,0.205281627,0.00171068
2002,8,2003,20038,18.00645161,78.9,2.066235463,8.84,6,0.068,0.054,0.0192,N/A,0.012637011,0.005777307,0.018414318,0.050445796,18.47999954,65.04000092,22.77168546,15.45589511,0.175166811,0.139103056,0.049458864,N/A
2002,9,2003,20039,15.61666667,84.7,0.341082841,11.3,7.3,0.14,0.206,0.0696,0.0332,0.93341506,0.242667231,1.176082291,2.19057425,16.18000031,70.73999786,53.24659378,34.398242,0.659692312,0.970690117,0.327961321,0.15644132
2002,10,2003,200310,5.180645161,84.3,11.07439799,6.385714286,6.814285714,0.040285714,0.069142857,0.011085714,0.023033333,0.18128695,0.074691828,0.255978778,0.52993955,4.989999771,78.47000122,4.924485693,5.782196149,0.028565179,0.057451204,0.008735007,0.016949277
2002,11,2003,200311,-0.796666667,88.1,15.49084671,4.36,7.633333333,0.028,0.042,0.0091,0.0128,0.601669255,0.248414042,0.850083298,1.316514262,-1.24000001,111.3099976,2.82911264,4.688751177,0.017913261,0.027330655,0.006361505,0.008197207
2002,12,2003,200312,-5.961290323,88.5,21.26410716,4.25,6.55,0.019,0.093,0.0066,0.0117,0.137715338,0.101129719,0.238845058,0.422537433,-6.429999828,75.01000214,2.46202272,3.75981197,0.010299686,0.053243369,0.003870874,0.006739838
2003,1,2003,20031,-13.62580645,59.3,16.11587676,3.62,5.933333333,0.018666667,0.132,0.0058,0.01005,0.296825337,0.115514631,0.412339967,0.429436004,-14.56499958,95.55000305,2.624215297,4.325172669,0.01364377,0.09416016,0.004251067,0.00725493
2003,2,2003,20032,-12.36071429,45.5,10.94854391,3.285,6.266666667,0.0075,0.1275,0.0084,0.0097,0.147839441,0.050516518,0.198355959,0.201260226,-13.32999992,72.15000153,3.08889459,6.836909785,0.008219782,0.11833709,0.008090368,0.009525837
2003,3,2003,20033,-3.887096774,73.6,118.7094821,3.984,5.52,0.0068,0.3084,0.01112,0.01083,0.08156288,0.095693215,0.177256095,0.012805471,-4.65500021,71.62000275,2.392756383,4.288623117,0.005860153,0.278958385,0.00904239,0.005854139
2003,4,2003,20034,2.716666667,53.5,130.7550181,2.28,6.575,0.01,0.192,0.0088,0.0059625,0.183207543,0.029953898,0.21316144,0.23107429,2.079999924,63.61999893,2.386040255,7.533720638,0.012007202,0.234775436,0.010426617,0.006527494
2003,5,2003,20035,11.06129032,96.2,66.66032888,2.94,9.32,0.0168,0.0408,0.01584,0.00617,0.051029454,0.007282908,0.058312363,0.054326241,10.89000034,103.9000015,4.045146752,13.2102926,0.023491585,0.062304822,0.021552955,0.008502128
2003,6,2004,20046,16.17333333,80.5,26.96123778,3.225,12.575,0.0515,0.029,0.0301,0.0031625,1.861286141,0.308918205,2.170204346,2.617673641,16.10499954,78.94999695,2.683927545,11.12963006,0.017162682,0.019806472,0.021637321,0.003535145
2003,7,2004,20047,17.79354839,62.3,0.97935775,3.92,15.025,0.1135,0.1285,0.0417,0.0038125,0.327430974,0.049464253,0.376895228,0.331519421,18.27499962,67.87999725,3.542455694,13.80824729,0.119273376,0.084010054,0.037540559,0.004086239
2003,8,2004,20048,18.26129032,67.7,0.946797781,N/A,N/A,N/A,N/A,N/A,N/A,0.041882665,0.017016796,0.058899461,0.031043567,18.68000031,68.91000366,N/A,N/A,N/A,N/A,N/A,N/A
2003,9,2004,20049,13.91333333,118.5,2.403166632,N/A,N/A,N/A,N/A,N/A,N/A,N/A,N/A,N/A,N/A,13.97999954,115.0999985,N/A,N/A,N/A,N/A,N/A,N/A
2003,10,2004,200410,6.051612903,108.1,41.20670472,3.865,12.575,0.0145,0.022,0.01625,0.0088625,0.194188737,0.02514004,0.219328776,0.225065857,5.784999847,132.1399994,9.451994516,24.68500367,0.032628742,0.059426833,0.033571009,0.019915258
2003,11,2004,200411,1.49,176.9,132.706784,2.513333333,8.8,0.006,0.084,0.0104,0.010483333,0.053156976,0.017457294,0.07061427,0.129681996,1.195000052,161.9299927,2.60916258,10.08740354,0.005652348,0.090095543,0.013252536,0.010396282
2003,12,2004,200412,-4.319354839,67.3,49.99636868,3.373333333,7.1,0.015333333,0.152,0.0084,0.008666667,0.390724347,0.199071999,0.589796346,0.741165151,-5.135000229,79.05999756,3.193837467,6.886340842,0.012625185,0.138591983,0.007976757,0.008112363
2004,1,2004,20041,-15.07096774,45.9,37.07102079,3.433333333,5.033333333,0.019333333,0.268666667,0.008333333,0.00865,0.058250603,0.03991594,0.098166544,0.108652483,-16.34499931,89.18000031,3.938403748,5.646350188,0.017518055,0.300282197,0.008256258,0.009747456
2004,2,2004,20042,-6.865517241,54.9,9.780839157,2.866666667,6.433333333,0.018666667,0.204666667,0.011466667,0.007216667,N/A,N/A,N/A,N/A,-8.399999619,46.56999969,2.817005397,6.236339626,0.018363209,0.203164467,0.011180147,0.007084135
2004,3,2004,20043,-1.24516129,125.5,145.9032491,3.05,5.775,0.0165,0.303,0.05035,0.0067625,0.659852565,0.246615152,0.906467717,1.178448278,-1.889999986,105.2699966,4.82122537,12.62113838,0.046012544,0.661987569,0.270422823,0.010808896
2004,4,2004,20044,4.123333333,40.8,114.6551413,2.825,6.1,0.0145,0.161,0.0107,0.005725,0.096204342,0.015796954,0.112001296,0.129681996,4.03000021,55.93000031,2.897884005,6.129738275,0.015489859,0.199908146,0.011393582,0.006061193
2004,5,2004,20045,10.7516129,124.5,102.2321291,3.356,7.5,0.0076,0.0456,0.01268,0.00529,0.090424835,0.037324906,0.12774974,0.306124059,10.52499962,143.1399994,3.279074976,7.765106774,0.007406643,0.058437021,0.012701949,0.005611163
2004,6,2005,20056,14.55,56.9,21.29430593,4.02,11,0.058,0.0205,0.02505,0.00195,0.115934385,0.038011631,0.153946017,0.395555122,14.64000034,67.51999664,2.639704323,7.235257575,0.026640453,0.011969051,0.0158029,0.001644845
2004,7,2005,20057,18.09677419,63.9,7.87204824,4.04,14.5,0.105,0.024,0.0324,0.00065,N/A,N/A,N/A,0.113136554,18.18000031,102.5199966,2.477551218,8.072082809,0.060259861,0.01451159,0.018448309,0.000542023
2004,8,2005,20058,15.97096774,57.9,2.210956851,7.32,7.4,0.053,0.081,0.0151,0.0192,5.426838029,0.717898691,6.144736721,9.129395521,16.13999939,68.47000122,21.14064346,20.05944197,0.138083785,0.197471636,0.04112858,0.056125738
2004,9,2005,20059,15.23,25,1.12278177,6.54,8.1,0.072,0.098,0.0164,0.0178,N/A,N/A,N/A,N/A,15.02000046,35.18000031,36.8696756,45.66427712,0.405904686,0.552481378,0.092456067,0.100348658
2004,10,2005,200510,7.761290323,61,10.75675785,5.68,10.8,0.008,0.018,0.0178,0.0179,0.672770398,0.173424257,0.846194655,1.429297542,7.574999809,99.19000244,15.08776423,28.68800241,0.021250372,0.047813337,0.047282078,0.047547708
2004,11,2005,200511,1.776666667,73,14.57497485,3.813333333,10.83333333,0.018,0.021333333,0.0132,0.009333333,0.557100012,0.173651283,0.730751295,1.294817146,1.014999986,79.01999664,3.642162521,12.15781021,0.010914319,0.014676037,0.014813365,0.009264871
2004,12,2005,200512,-7.541935484,155.5,12.47472546,3.32,9.133333333,0.016,0.038666667,0.01,0.008383333,0.19651154,0.126610562,0.323122101,0.304485648,-9.199999809,131.5,4.288703971,10.22390518,0.015659878,0.044082245,0.011081049,0.009345025
2005,1,2005,20051,-11.64516129,72,43.36193847,3.716,8.3,0.014,0.0396,0.00836,0.00743,0.027600837,0.042040122,0.069640959,0.085369808,-12.57999992,81.08000183,2.799265353,4.826030036,0.009642637,0.022116343,0.006427149,0.005483929
2005,2,2005,20052,-7.328571429,43.6,18.80037162,3.473333333,5.533333333,0.009333333,0.057333333,0.0086,0.008383333,0.004956969,0.004309506,0.009266475,0.020873739,-7.784999847,60.43000031,3.199355207,5.091245655,0.008910263,0.054640797,0.008072994,0.007909539
2005,3,2005,20053,-4.832258065,44.2,24.14411349,3.206666667,6.933333333,0.01,0.073333333,0.010266667,0.0074,1.385545963,0.567065456,1.95261142,1.124553197,-5.920000076,41.31000137,6.924891909,19.80167043,0.020049983,0.18832113,0.026741867,0.015287222
2005,4,2005,20054,5.04,123.8,254.1413809,2.555,5.975,0.008,0.067,0.0102,0.006575,0.087818492,0.029872575,0.117691066,0.183924787,4.925000191,90.05000305,2.380488839,5.470235592,0.007348596,0.06769893,0.009677255,0.006147461
2005,5,2005,20055,10.40322581,27.3,36.23280232,2.94,8.58,0.0144,0.0408,0.01728,0.00534,N/A,N/A,N/A,N/A,9.835000038,31.92000008,2.919505239,8.704476276,0.010740667,0.030234321,0.014638887,0.006416995
2005,6,2006,20066,18.95333333,61.5,9.830833389,4.3,16.7,0.052,0.015333333,0.058733333,0.002233333,0.658289277,0.09209807,0.750387346,0.630885384,19.31999969,94.90000153,14.41580399,36.7868507,0.083337657,0.037640691,0.150646041,0.009494985
2005,7,2006,20067,19.78064516,33.9,N/A,N/A,N/A,N/A,N/A,N/A,N/A,N/A,N/A,N/A,N/A,20.13999939,46.88000107,N/A,N/A,N/A,N/A,N/A,N/A
2005,8,2006,20068,18.56451613,85,N/A,N/A,N/A,N/A,N/A,N/A,N/A,N/A,N/A,N/A,N/A,19.11499977,78.34999847,N/A,N/A,N/A,N/A,N/A,N/A
2005,9,2006,20069,14.96666667,94,2.343146704,15.9,9.6,0.094,N/A,0.0272,0.0347,N/A,N/A,N/A,N/A,15.61499977,102.0100021,6.3558644,3.837503034,0.037575551,N/A,0.010872925,0.013870975
2005,10,2006,200610,8.212903226,28.2,4.261462709,9.08,8.6,0.021,0.065,0.0152,0.02895,1.111992785,0.15432763,1.266320416,0.871116969,8.614999771,42.61000061,13.69182072,12.35969083,0.036067884,0.075616015,0.025141891,0.047850109
2005,11,2006,200611,0.553333333,178,54.5835986,7.085,10.075,0.0125,0.023,0.011,0.02285,N/A,N/A,N/A,N/A,1,162.4799957,4.024179502,6.098366982,0.007264285,0.011457631,0.006283596,0.012642122
2005,12,2006,200612,-7.174193548,95,38.68667826,4.24,8,0.014,0.074,0.007,0.013566667,0.04161789,0.012401953,0.054019842,0.067002364,-7.684999943,104.3099976,3.541503438,6.932395651,0.012586539,0.062944186,0.005855937,0.011026311
2006,1,2006,20061,-5.119354839,98,42.6128985,3.488,7.18,0.0076,0.0732,0.00708,0.0104,0.415384571,0.261855572,0.677240143,0.814893621,-5.375,108.1999969,2.842215746,6.024115638,0.006468327,0.059917791,0.005955613,0.008536647
2006,2,2006,20062,-9.657142857,121.2,20.9589899,3.153333333,6.8,0.012666667,0.074,0.006866667,0.0098,0.018161061,0.008707563,0.026868624,0.02617006,-10.02000046,125.8199997,3.133774145,6.846503629,0.012047583,0.073814336,0.00693985,0.009701459
2006,3,2006,20063,-2.838709677,53.3,87.29668613,2.81,6.25,0.0115,0.113,0.0086,0.008575,1.232216896,0.599138265,1.83135516,3.556040545,-3.085000038,58.18000031,3.1375435,7.734761319,0.013980247,0.172307094,0.011063939,0.009644498
2006,4,2006,20064,5.876666667,70.1,199.6840432,2.565,6.45,0.0115,0.0575,0.0111,0.0065,0.030266709,0.007404893,0.037671602,0.057580809,5.519999981,66.22000122,2.732310223,6.723916674,0.012063033,0.091417755,0.010875017,0.007029407
2006,5,2006,20065,12.7516129,46.6,27.81006522,3.02,10.54,0.01,0.0188,0.02904,0.00543,3.922768938,0.367366707,4.290135645,3.003465061,12.57999992,73.26000214,3.08283005,8.076016119,0.008837753,0.015636396,0.020774094,0.00507344
2006,6,2007,20076,16.79666667,70.5,4.997399891,3.47,14.125,0.052,0.0325,0.0476,0.00325,0.083159686,0.011859575,0.09501926,0.95634213,16.99500084,65.54000092,3.58142822,13.81721212,0.038931257,0.028177216,0.042626606,0.004449813
2006,7,2007,20077,19.66774194,165.6,10.60919586,3.86,15.2,0.044,0.016,0.0326,0.0116,0.063786818,0.011414558,0.075201376,0.087956772,20.02000046,112.1299973,27.53647858,108.4338017,0.313887321,0.114140844,0.232561969,0.082752112
2006,8,2007,20078,17.00322581,66.5,7.227071368,3.83,19.5,0.085,0.019,0.0414,0.001175,N/A,N/A,N/A,N/A,17.44000053,42.20000076,6.446732389,31.99622123,0.154651953,0.030695582,0.065039806,0.002784633
2006,9,2007,20079,11.72666667,84,36.22819265,4.08,15.2,0.02,0.01,0.0216,0.0085,N/A,N/A,N/A,N/A,12.11999989,107.1299973,16.45719592,61.31112205,0.080672529,0.040336265,0.087126331,0.034285825
2006,10,2007,200710,5.216129032,197.1,93.33286536,3.568,13.28,0.012,0.0132,0.01384,0.00697,N/A,N/A,N/A,N/A,5.735000134,160.6900024,3.976790626,15.3006356,0.011468297,0.012668492,0.015650574,0.007550159
2006,11,2007,200711,2.283333333,106.5,71.57354316,2.245,8.425,0.011,0.043,0.0104,0.0057625,N/A,N/A,N/A,N/A,2.454999924,96.41000366,1.821317411,6.806059383,0.008773593,0.036009592,0.008562287,0.004784589
2006,12,2007,200712,-2.54516129,55.8,96.34020532,2.12,7.233333333,0.011333333,0.088,0.007266667,0.0077,N/A,N/A,N/A,N/A,-2.424999952,100.4899979,1.646150122,5.670974473,0.008524914,0.06784,0.005684033,0.006059384
2007,1,2007,20071,-8.780645161,55,36.24180135,2.768,6.28,0.01,0.1148,0.00768,0.00828,0.166808546,0.09327725,0.260085796,0.382870654,-9,80.04000092,2.262816797,5.316733698,0.008073806,0.089793057,0.006040124,0.006795772
2007,2,2007,20072,-11.85714286,36,6.549101311,3.133333333,5.6,0.019333333,0.159333333,0.012133333,0.008516667,0.027176368,0.024794418,0.051970786,N/A,-12.56000042,74.05000305,3.129514813,5.562311988,0.018736171,0.162231412,0.012357834,0.008483723
2007,3,2007,20073,-2.916129032,78.5,94.25106932,2.54,6.333333333,0.0175,0.2,0.0137,0.0069375,0.402458714,0.245728131,0.648186845,0.739871669,-3.309999943,64.06999969,2.988646396,1.679793686,0.028001634,0.376852306,0.021610661,0.00828811
2007,4,2007,20074,4.013333333,105.2,112.0890696,2.385,6.275,0.012,0.118,0.01225,0.0061125,0.942942318,0.290729005,1.233671324,2.368323704,4.360000134,89.98999786,1.913113477,5.230205976,0.013453421,0.107517017,0.011184441,0.00503743
2007,5,2007,20075,12.34516129,43,51.73011944,2.8,8.62,0.0092,0.0152,0.01412,0.00462,N/A,N/A,N/A,N/A,12.02000046,53.70000076,2.477361524,7.710034205,0.008102152,0.012467532,0.012479705,0.004221464
2007,6,2008,20086,17.43333333,46.3,15.05052077,3.41,15.45,0.038,0.033,0.0371,0.001375,N/A,N/A,N/A,N/A,17.29999924,62.31999969,4.031268042,20.34049177,0.040438838,0.038040035,0.05364907,0.00200801
2007,7,2008,20087,17.41290323,87.5,6.586928749,6.15,18,0.072,0.315,0.0284,0.014325,N/A,N/A,N/A,N/A,17.77499962,102.2300034,5.514030062,15.1710175,0.065894404,0.292398113,0.025325636,0.012953741
2007,8,2008,20088,17.98387097,70,0.269298227,7.42,8.6,0.006,0.23,0.0128,0.0298,N/A,N/A,N/A,N/A,18.63999939,62.56999969,0.383704077,0.444724402,3.10E-04,0.011893792,6.62E-04,0.001541022
2007,9,2008,20089,14.09333333,75.5,1.614646633,5.78,9.3,0.03,0.028,0.0114,0.0246,N/A,N/A,N/A,N/A,14.73499966,67.47000122,1.691879378,2.722228065,0.008781381,0.008195955,0.003336925,0.007200732
2007,10,2008,200810,9.974193548,110.7,13.44048273,5.345,10.05,0.0105,0.011,0.0105,0.016875,N/A,N/A,N/A,N/A,10.35999966,113.8300018,4.153629691,8.152593291,0.008296572,0.008687067,0.008299621,0.012743603
2007,11,2008,200811,-1.136666667,75.5,15.17914471,4.08,9.375,0.015,0.0575,0.00865,0.011225,N/A,N/A,N/A,N/A,-0.754999995,98.48999786,5.932294862,14.73476388,0.01876402,0.111171574,0.015409957,0.016781269
2007,12,2008,200812,-6.716129032,116,20.55093742,3.853333333,7.466666667,0.015333333,0.04,0.005066667,0.010233333,N/A,N/A,N/A,N/A,-7.514999866,129.6600037,2.879853662,5.538745567,0.01197239,0.029320968,0.003712525,0.00761061
2008,1,2008,20081,-6.83994086,94.5,98.3843396,3.288,6.775,0.0104,0.1996,0.00592,0.00874,N/A,N/A,N/A,N/A,-7.170000076,135.9499969,1.281793891,2.478547782,0.003816328,0.090883265,0.002389148,0.003370692
2008,2,2008,20082,-9.402655172,66,31.42581926,2.845,6.5,0.0135,0.1475,0.00625,0.0080625,N/A,N/A,N/A,N/A,-10.04500008,106.4000015,2.561469189,5.907325488,0.012167827,0.139357709,0.00539137,0.007274007
2008,3,2008,20083,-5.222774194,79.5,19.36022719,2.93,5.9,0.0125,0.175,0.00645,0.008075,N/A,N/A,N/A,N/A,-6.335000038,100.8300018,3.920595688,7.864642328,0.016416752,0.251554333,0.008604155,0.01070241
2008,4,2008,20084,6.573166667,78,265.7235547,2.235,6.1,0.006,0.1685,0.0084,0.0060125,N/A,N/A,N/A,N/A,6.400000095,76.08000183,1.618614218,4.362762793,0.004713674,0.146025616,0.005745122,0.004476981
2008,5,2008,20085,9.549612903,117,82.7708477,2.67,7.625,0.015,0.0255,0.0139,0.0055375,N/A,N/A,N/A,N/A,9.225000381,123.6200027,2.606703506,6.962263451,0.01480232,0.027469718,0.012406979,0.005774949
2008,6,2009,20096,16.57776667,129.5,72.9388558,2.88,12.5,0.012,0.015,0.02005,0.0032125,N/A,N/A,N/A,N/A,17.27499962,119.6800003,2.06947747,9.34171209,0.008445367,0.009910547,0.014805572,0.002317096
2008,7,2009,20097,18.41858065,116.5,24.76520705,4.17,17.725,0.0565,0.0185,0.0443,0.001,N/A,N/A,N/A,N/A,18.55999947,100.5299988,5.33836349,22.69517257,0.048392637,0.021037959,0.050763775,0.002262243
2008,8,2009,20098,16.51387097,55.5,50.40368639,5.405,18.575,0.0775,0.0295,0.04305,0.0011,N/A,N/A,N/A,N/A,16.98999977,102.3499985,2.570763965,10.35275818,0.031013676,0.014477716,0.023952787,0.001009903
2008,9,2009,20099,12.7539,82,18.51988053,4.546666667,15.06666667,0.066666667,0.026,0.035,0.001183333,N/A,N/A,N/A,N/A,13.28999996,96.36000061,3.143365424,12.54946628,0.041503816,0.017307224,0.026555585,0.001262873
2008,10,2009,200910,5.427903226,61,23.72589303,5.14,17.12,0.0168,0.0272,0.03552,0.00153,N/A,N/A,N/A,N/A,5.909999847,80.87999725,4.789850156,22.55565395,0.014344654,0.0319484,0.040681096,0.004213274
2008,11,2009,200911,-0.708966667,114,51.77853392,2.735,8.075,0.015,0.045,0.0146,0.0056125,N/A,N/A,N/A,N/A,0.165000007,126.8600006,2.84042795,8.988288635,0.013234993,0.048451555,0.015000124,0.005940963
2008,12,2009,200912,-8.288645161,132.5,90.70984283,2.393333333,6.8,0.018666667,0.07,0.012,0.005833333,N/A,N/A,N/A,N/A,-8.329999924,184.5200043,1.287373075,3.836262775,0.008455205,0.045059563,0.006405954,0.003308996
2009,1,2009,20091,-13.06845161,47.5,30.22297251,2.42,6.075,0.017,0.103,0.0101,0.003875,N/A,N/A,N/A,N/A,-13.97500038,77.86000061,1.927474675,4.819322531,0.012585347,0.084581926,0.007918554,0.003544195
2009,2,2009,20092,-7.211964286,51.5,35.09514332,2.5,5.85,0.022,0.1345,0.01025,0.0061875,N/A,N/A,N/A,N/A,-8.18999958,92.68000031,1.517513122,3.499493618,0.012944831,0.088490894,0.005818128,0.003723156
2009,3,2009,20093,-2.384935484,53.5,113.6768779,2.496,5.18,0.02,0.2064,0.01248,0.00607,N/A,N/A,N/A,N/A,-2.984999895,58.81000137,2.668744749,5.293184448,0.024201518,0.228172239,0.016122473,0.006265531
2009,4,2009,20094,4.9179,118,195.2775384,2.28,5.6,0.007,0.108,0.0084,0.005325,N/A,N/A,N/A,N/A,4.574999809,131.1799927,1.747680845,4.01553502,0.005091022,0.078827146,0.005899647,0.003792874
2009,5,2009,20095,10.85354839,85,77.37768822,2.91,8.85,0.0175,0.0215,0.0177,0.00375,N/A,N/A,N/A,N/A,10.47999954,93.06999969,2.420261582,7.147373122,0.013052491,0.020437957,0.013335993,0.003480002
2009,6,2010,20106,15.39123333,66,21.38157115,5.224,15.32,0.1488,0.0304,0.04476,0.00073,N/A,N/A,N/A,N/A,15.16499996,67.12000275,4.525549283,14.69999459,0.088375355,0.025148151,0.037091279,0.001141619
2009,7,2010,20107,16.73297312,164.5,82.20009627,5.305,17.325,0.162,0.036,0.0491,0.0010875,N/A,N/A,N/A,N/A,16.17499924,118.8499985,2.293071617,7.911020912,0.063408671,0.01345966,0.021944866,0.000607997
2009,8,2010,20108,18.4969086,88.5,25.71664822,6.31,18.25,0.2725,0.0505,0.0472,0.0008,N/A,N/A,N/A,N/A,17.35499954,81.94999695,4.98053202,14.88657951,0.197198988,0.037081507,0.035875239,0.000742731
2009,9,2010,20109,14.05748333,68.9,14.35232377,6.64,17.3,0.37,0.064,0.0548,0.0008,N/A,N/A,N/A,N/A,13.31499958,55.31000137,1.594902357,4.15539319,0.088872571,0.015372553,0.013162748,0.000192157
2009,10,2010,201010,5.472327957,116.6,45.39476039,3.24,11.85,0.015,0.005,0.0218,0.00405,N/A,N/A,N/A,N/A,5.255000114,144.6100006,2.279532341,9.131712291,0.008215949,0.00273865,0.016628753,0.00280964
2009,11,2010,201011,3.493911111,53.7,84.00968864,2.44,7.45,0.0161,0.051,0.0111,0.00575,N/A,N/A,N/A,N/A,3.150000095,82.38999939,1.54814795,4.761823376,0.010456002,0.037483827,0.006898677,0.003793666
2009,12,2010,201012,-6.417333333,80.5,46.67182702,2.16,6,0.02,0.11,0.01,0.0061,N/A,N/A,N/A,N/A,-7.389999866,123.5400009,1.707944948,4.744291522,0.015814305,0.086978678,0.007907153,0.004823363
2010,1,2010,20101,-8.430645161,79.3,28.47982298,2.53,5.65,0.025,0.148,0.0119,0.0051,N/A,N/A,N/A,N/A,-9.550000191,57.56999969,1.816972067,4.035144607,0.017746136,0.105881818,0.008471679,0.003509324
2010,2,2010,20102,-7.084821429,42,17.31716993,2.54,5.65,0.027,0.191,0.0117,0.00655,N/A,N/A,N/A,N/A,-8.039999962,31.25,2.380962184,5.322160652,0.025064958,0.178246513,0.010997962,0.006157659
2010,3,2010,20103,2.212483871,13.4,94.52117879,2.08,5.5,0.004666667,0.075333333,0.007266667,0.004966667,N/A,N/A,N/A,N/A,1.600000024,12.71000004,1.239089554,2.965529228,0.002497234,0.052293196,0.003975011,0.002938901
2010,4,2010,20104,8.4532,34,44.35455034,2.75,7.1,0.008,0.045,0.014,0.004775,N/A,N/A,N/A,N/A,7.889999866,45.13000107,4.252339382,11.52289397,0.010805145,0.096417388,0.023847142,0.007538274
2010,5,2010,20105,16.10058065,92.2,21.70699157,4.406666667,14.5,0.084666667,0.025333333,0.037866667,0.001833333,N/A,N/A,N/A,N/A,13.76000023,80.02999878,2.571371752,8.559761219,0.025240042,0.019141787,0.01731597,0.002289675
2010,6,2011,20116,16.19333333,157.4,24.34961813,5.112,17.32,0.184,0.036,0.05004,0.0011,N/A,N/A,N/A,N/A,16.00499916,141.0500031,1.889557419,6.992633519,0.056965502,0.011591588,0.02083378,0.000485346
2010,7,2011,20117,20.72903226,117,8.721297415,6.26,17.8,0.25,0.046,0.0534,0.0006,N/A,N/A,N/A,N/A,20.03000069,72.48000336,5.570343529,15.83899598,0.222457809,0.040932237,0.047516988,0.000533899
2010,8,2011,20118,19.13548387,90,5.904432572,4.6,13.1,0.14,0.03,0.045,0.0043,N/A,N/A,N/A,N/A,18.88999939,90.79000092,7.115887209,20.26480922,0.21657048,0.04640796,0.06961194,0.006651808
2010,9,2011,20119,13.64666667,171.2,39.53894194,4.3,16.45,0.074,0.029,0.0354,0.0023875,N/A,N/A,N/A,N/A,13.13000011,173.6999969,3.872044173,16.13779518,0.049809998,0.023127789,0.032169322,0.002772529
2010,10,2011,201110,7.174193548,77.472,43.67164133,3.91,12.75,0.052,0.0255,0.02595,0.002125,N/A,N/A,N/A,N/A,6.625,84.5,3.440092428,13.2695295,0.033462333,0.023305775,0.023035791,0.003085725
2010,11,2011,201111,1.806666667,93.024,64.4080584,2.635,7.6,0.0285,0.1295,0.01105,0.0055125,N/A,N/A,N/A,N/A,1.075000048,105.1299973,3.200774364,9.49681237,0.03259326,0.186992989,0.013412102,0.007091064
2010,12,2011,201112,-7.729225806,65.376,96.53021109,1.68,5.7,0.036,0.222,0.0088,0.0066,N/A,N/A,N/A,N/A,-7.929999828,79.41999817,1.773686634,6.017865367,0.038007571,0.23438002,0.00929074,0.006968055
2011,1,2011,20111,-11.422,60.912,46.75479238,2.52,5.25,0.03,0.216,0.0094,0.006375,N/A,N/A,N/A,N/A,-12.10499954,76.06999969,1.365029656,2.866833482,0.015987248,0.119666481,0.004979409,0.003414556
2011,2,2011,20112,-8.481678571,33.84,13.94099097,2.62,5.4,0.032,0.209,0.0109,0.0065,N/A,N/A,N/A,N/A,-9.06000042,66.62999725,2.555593958,5.248324734,0.029925033,0.200833468,0.010611351,0.006287033
2011,3,2011,20113,-3.663451613,65.952,37.55583551,2.683333333,5.366666667,0.029,0.279,0.011266667,0.006683333,N/A,N/A,N/A,N/A,-4.664999962,79.30000305,2.216097869,4.481243126,0.022552738,0.245890271,0.009060128,0.005599187
2011,4,2011,20114,3.647333333,97.344,195.3948566,2.288,5.24,0.0232,0.2804,0.0342,0.00513,N/A,N/A,N/A,N/A,3.815000057,120.0800018,2.232914983,5.293559761,0.021669273,0.291988149,0.043176641,0.004885472
2011,5,2011,20115,12.98132258,78.192,109.3527623,2.856,8.28,0.0148,0.0396,0.0156,0.00417,N/A,N/A,N/A,N/A,12.35999966,93.51000214,1.752276069,5.613592792,0.01078507,0.034647695,0.010677142,0.002862426
2011,6,2012,20126,16.46906667,81.504,26.46942427,4.265,15.1,0.125,0.034,0.0463,0.0011875,N/A,N/A,N/A,N/A,16.31999969,78.54000092,3.03501506,11.14136983,0.078076218,0.022780415,0.032245285,0.000922976
2011,7,2012,20127,20.48883871,104.688,1.895253761,N/A,N/A,N/A,N/A,N/A,N/A,N/A,N/A,N/A,N/A,20.50499916,79.25,N/A,N/A,N/A,N/A,N/A,N/A
2011,8,2012,20128,17.87487097,125.424,5.606034102,8.29,7.7,0.1,0.054,0.0346,0.02435,N/A,N/A,N/A,N/A,18.27000046,83.62999725,34.98452311,26.2318751,0.119917143,0.173765806,0.095917422,0.124075955
2011,9,2012,20129,14.23746667,66.672,2.752320963,5.96,2.8,0.032,0.03,0.0114,0.0311,N/A,N/A,N/A,N/A,14.53499985,83.34999847,16.83287154,7.908060453,0.090377834,0.084729219,0.032197103,0.087835957
2011,10,2012,201210,7.695032258,103.968,26.64967703,4.816,12.54,0.0192,0.0376,0.01668,0.01017,N/A,N/A,N/A,N/A,8.159999847,137.4199982,4.572798387,16.26143145,0.014923387,0.048791935,0.019172702,0.008668135
2011,11,2012,201211,3.171066667,88.272,29.43059579,3.828,9.46,0.022,0.0824,0.01088,0.00669,N/A,N/A,N/A,N/A,3.055000067,116.4199982,3.177503607,9.104908572,0.01557092,0.09556397,0.010054898,0.005592194
2011,12,2012,201212,-3.262,81.936,87.99281043,3.14,6.35,0.011,0.233,0.0089,0.0065,N/A,N/A,N/A,N/A,-4.275000095,91.04000092,2.056078709,4.175083713,0.007137407,0.155828291,0.005583407,0.00429342
2012,1,2012,20121,-7.004870968,94.176,18.96467001,3.07,5.4,0.02,0.285,0.0093,0.006625,N/A,N/A,N/A,N/A,-7.659999847,102.3399963,4.793780844,8.752428715,0.028546518,0.470388594,0.015666729,0.010516046
2012,2,2012,20122,-4.731172414,40.032,15.1351655,2.86,5.85,0.023,0.199,0.0088,0.00585,N/A,N/A,N/A,N/A,-5.53000021,49.52000046,2.84955511,5.805894646,0.023042256,0.199185915,0.008774555,0.005838523
2012,3,2012,20123,1.597096774,44.352,155.7080522,2.764,5.84,0.0416,0.2432,0.01784,0.00557,N/A,N/A,N/A,N/A,2.619999886,57.58000183,2.963553554,7.434151171,0.030908317,0.309761975,0.019984119,0.00668381
2012,4,2012,20124,3.809533333,48.672,28.44527182,3.275,6.25,0.0145,0.083,0.0103,0.005325,N/A,N/A,N/A,N/A,4.045000076,58.08000183,2.773807275,5.349393736,0.012300146,0.07395945,0.008638252,0.004529544
2012,5,2012,20125,13.82383871,32.744,29.11515346,3.505,9.425,0.052,0.041,0.0331,0.003725,N/A,N/A,N/A,N/A,13.81000042,36.45999908,3.39017576,8.573903176,0.035585826,0.048981606,0.025794349,0.004656805
2012,6,2013,20136,17.56426667,96.32,10.72677232,5.133333333,16.33333333,0.130666667,0.028666667,0.047666667,0.001016667,N/A,N/A,N/A,N/A,17.625,93.56999969,4.08967523,13.88826951,0.081929229,0.021368557,0.037322669,0.001344886
2012,7,2013,20137,20.29809677,26.25,N/A,N/A,N/A,N/A,N/A,N/A,N/A,N/A,N/A,N/A,N/A,20.04000092,49.5,N/A,N/A,N/A,N/A,N/A,N/A
2012,8,2013,20138,18.361,49.78,9.609725176,N/A,N/A,N/A,N/A,N/A,N/A,N/A,N/A,N/A,N/A,18.25499916,109.8199997,N/A,N/A,N/A,N/A,N/A,N/A
2012,9,2013,20139,13.0613,103.48,19.83820261,8.54,5.766666667,0.033333333,0.041333333,0.0076,0.027833333,N/A,N/A,N/A,N/A,12.94499969,131.6199951,3.732369387,2.797702254,0.012670802,0.016487856,0.00361445,0.013069937
2012,10,2013,201310,7.951483871,139.98,50.88500702,6.116,7.88,0.016,0.018,0.00656,0.0147,N/A,N/A,N/A,N/A,7.579999924,157.7100067,3.66380953,6.494235498,0.006632917,0.013260343,0.005283653,0.007821896
2012,11,2013,201311,0.062033333,65.57,65.43088465,3.506666667,6.733333333,0.011333333,0.042666667,0.004866667,0.007433333,N/A,N/A,N/A,N/A,0.00999999,52.41999817,1.944690939,3.732010649,0.00595473,0.022722276,0.002671205,0.004079083
2012,12,2013,201312,-4.037032258,81.94,55.15821063,3.1,6.8,0.009,0.081,0.005,0.0076,N/A,N/A,N/A,N/A,-4.485000134,81.56999969,3.5335977,8.589448381,0.008082531,0.082504643,0.006322151,0.008437161
2013,1,2013,20131,-8.824096774,117.62,61.3431334,3.42,5.633333333,0.012666667,0.182666667,0.0068,0.007733333,N/A,N/A,N/A,N/A,-8.760000229,136.8300018,4.321297055,7.913380706,0.008072397,0.26467324,0.009417923,0.00974564
2013,2,2013,20132,-9.430357143,75.13,36.99514544,3.15,5.2,0.014,0.164,0.0057,0.0063,N/A,N/A,N/A,N/A,-9.449999809,86.31999969,3.07873413,5.435043336,0.011392832,0.16828728,0.005898562,0.006142602
2013,3,2013,20133,-2.98983871,52.3,50.66315747,3.585,5.45,0.017,0.194,0.00845,0.0058625,N/A,N/A,N/A,N/A,-2.914999962,52.70000076,5.371404074,8.942472888,0.025388004,0.332109943,0.014551738,0.008287517
2013,4,2013,20134,2.5181,168.68,276.4054724,2.982857143,5.285714286,0.007428571,0.156285714,0.0082,0.004757143,N/A,N/A,N/A,N/A,3.109999895,139.8699951,3.220404555,7.573775977,0.011440772,0.214642058,0.014675599,0.005318309
2013,5,2013,20135,12.47090323,123.63,68.37212437,3.915,8.15,0.0185,0.0185,0.01575,0.0038125,N/A,N/A,N/A,N/A,12.54500008,105.0500031,3.429915016,7.175574483,0.015303541,0.015848911,0.013783089,0.003116655
2013,6,2014,20146,16.05013333,97.75,67.68317753,3.705,10.075,0.025,0.0145,0.01745,0.00245,N/A,N/A,N/A,N/A,16.16500092,72.12000275,2.682326957,7.213682108,0.013588769,0.011441961,0.01080222,0.002090411
2013,7,2014,20147,18.7483871,89.62,3.494130391,N/A,N/A,N/A,N/A,N/A,N/A,N/A,N/A,N/A,N/A,19.14500046,86.72000122,N/A,N/A,N/A,N/A,N/A,N/A
2013,8,2014,20148,17.12919355,125.68,12.42097492,4.65,11.75,0.044,0.016,0.0257,0.007125,N/A,N/A,N/A,N/A,17.29000092,97.41999817,7.730036978,18.52603084,0.058820624,0.025112747,0.039851859,0.014265883
2013,9,2014,20149,13.01536667,92.02,13.60561685,4.533333333,11.6,0.067333333,0.025333333,0.021466667,0.003566667,N/A,N/A,N/A,N/A,12.59500027,92.37000275,4.913019108,12.73859873,0.061733758,0.033801274,0.023424459,0.004237898
2013,10,2014,201410,8.163,190.98,84.56974122,3.72,13.23333333,0.012666667,0.032,0.013733333,0.004483333,N/A,N/A,N/A,N/A,7.71999979,173.0500031,4.289053367,14.35454257,0.015577933,0.041063321,0.014477594,0.005405241
2013,11,2014,201411,-1.2388,106.49,99.00122768,2.533333333,6.766666667,0.014,0.073333333,0.0064,0.005183333,N/A,N/A,N/A,N/A,-1.715000033,107.2900009,2.460976357,6.660761023,0.010024597,0.052656052,0.005998109,0.004564075
2013,12,2014,201412,-10.20196774,88.94,23.43459178,3.31,5.45,0.026,0.135,0.0087,0.0055,N/A,N/A,N/A,N/A,-10.21500015,100.0999985,4.426218105,7.288186894,0.03464888,0.182432512,0.010937582,0.007632555
2014,1,2014,20141,-13.11945161,88.88,28.33781344,3.38,5.2,0.024,0.144,0.0086,0.0057,N/A,N/A,N/A,N/A,-13.375,115.5299988,1.486786544,2.287363914,0.010557064,0.063342385,0.003782948,0.002507303
2014,2,2014,20142,-12.12089286,37.62,16.92902708,3.06,5.15,0.022,0.139,0.0085,0.006025,N/A,N/A,N/A,N/A,-11.96000004,54.04000092,3.301119017,5.616483235,0.023489327,0.151009368,0.009356171,0.006446737
2014,3,2014,20143,-8.390774194,5.14,19.11892477,3.17,5.4,0.019,0.174,0.0097,0.005575,N/A,N/A,N/A,N/A,-8.574999809,65.83999634,2.465639561,4.201833469,0.014756686,0.135530505,0.00755019,0.004334372
2014,4,2014,20144,2.2564,N/A,256.8359157,2.77,5.15,0.019,0.2525,0.0301,0.004425,N/A,N/A,N/A,N/A,3.005000114,103.2900009,4.617784406,9.732298429,0.036694256,0.493779642,0.081016413,0.007307618
2014,5,2014,20145,11.49354839,N/A,114.5566941,3.708,6.8,0.0208,0.0532,0.0144,0.00349,N/A,N/A,N/A,N/A,11.95499992,74.34999847,3.769418584,6.760533168,0.016204489,0.074526447,0.012794688,0.004236232
