Year,Month ,Water Year,CSMeanTempC,CSPrecipitationmm,Runoffmm,StrCamgL,StrDOCmgL,StrNH4NmgL,StrNO3NmgL,StrTPmgL,StrSO4SmgL,depNH4Nkgha,depNO3Nkgha,depTotNkgha,depSO4Skgha,NAMGridTempC,NAMGridPrecipitationmm,FWACamgL,FWADOCmgL,FWANH4NmgL,FWANO3NmgL,FWATPmgL,FWASO4SmgL
1976,10,1977,N/A,170.894,14.99207767,N/A,N/A,N/A,N/A,N/A,N/A,N/A,N/A,N/A,N/A,N/A,N/A,N/A,N/A,N/A,N/A,N/A,N/A
1976,11,1977,N/A,18.8,12.18994951,1.7,N/A,N/A,0.007225,N/A,3.5175,N/A,N/A,N/A,N/A,N/A,N/A,0.02807597,N/A,N/A,1.12E-04,N/A,0.059067919
1976,12,1977,N/A,207.36,68.33610874,1.12,N/A,0.004,0.00532,N/A,2.714,N/A,N/A,N/A,N/A,N/A,N/A,1.057871123,N/A,0.003044233,0.003995556,N/A,2.59749219
1977,1,1977,N/A,86.664,49.91067961,1.075,N/A,0.0125,0.0062,N/A,2.405,N/A,N/A,N/A,N/A,N/A,N/A,0.683823529,N/A,0.003256303,0.002917647,N/A,1.443193277
1977,2,1977,N/A,46.43,10.18974757,1.15,N/A,0.01,0.0038,N/A,2.8325,N/A,N/A,N/A,N/A,N/A,N/A,1.267318378,N/A,0.011069767,0.005376645,N/A,3.093357481
1977,3,1977,N/A,130.4,52.52071456,1.04,N/A,0.009,0.00388,N/A,2.738,N/A,N/A,N/A,N/A,N/A,N/A,0.587921388,N/A,0.004147939,0.00184634,N/A,1.301832155
1977,4,1977,N/A,28.704,0.238229126,N/A,N/A,0.02,0.01205,N/A,1.95,N/A,N/A,N/A,N/A,N/A,N/A,N/A,N/A,N/A,0.002323944,N/A,0.871478873
1977,5,1977,N/A,49.936,N/A,3.8,N/A,0.1,0.01365,N/A,1.8,N/A,N/A,N/A,N/A,N/A,N/A,N/A,N/A,N/A,N/A,N/A,N/A
1977,6,1977,N/A,201.518,0.504559223,3.96,N/A,0.004,0.01014,N/A,1.66,N/A,N/A,N/A,N/A,N/A,N/A,5.075311721,N/A,N/A,0.050753117,N/A,3.489276808
1977,7,1977,N/A,41.352,N/A,2.7,N/A,0.115,0.03275,N/A,0.7,N/A,N/A,N/A,N/A,N/A,N/A,N/A,N/A,N/A,N/A,N/A,N/A
1977,8,1977,N/A,202.184,1.296419417,3.725,N/A,N/A,0.0255,N/A,2.9,N/A,N/A,N/A,N/A,N/A,N/A,5.011298932,N/A,N/A,0.037075137,N/A,4.08711582
1977,9,1977,N/A,102.516,0.018454369,2.84,N/A,0.0398,0.0184,N/A,2.04,N/A,N/A,N/A,N/A,N/A,N/A,N/A,N/A,N/A,N/A,N/A,N/A
1977,10,1978,N/A,100.992,0.257102913,2.25,N/A,0.03725,0.015,N/A,2.035,N/A,N/A,N/A,N/A,N/A,N/A,1.719412724,N/A,0.022352365,0.007737357,N/A,1.547471452
1977,11,1978,N/A,60.2,0.228163107,2.35,N/A,0.024,0.0525,N/A,2.3925,N/A,N/A,N/A,N/A,N/A,N/A,1.585477941,N/A,0.006341912,0.016488971,N/A,1.29375
1977,12,1978,N/A,163.674,30.14017864,3.5,N/A,0.032,0.0366,N/A,3.832,N/A,N/A,N/A,N/A,N/A,N/A,2.462744705,N/A,0.036196432,0.058365258,N/A,3.027888397
1978,1,1978,N/A,165.76,68.78446602,2.7,N/A,0.0275,0.01425,N/A,2.605,N/A,N/A,N/A,N/A,N/A,N/A,2.816463415,N/A,0.031189024,0.014318598,N/A,2.755030488
1978,2,1978,N/A,40.392,15.96386796,1.625,N/A,0.0675,0.02175,N/A,2.7625,N/A,N/A,N/A,N/A,N/A,N/A,1.870442961,N/A,0.059998949,0.042883506,N/A,3.476956019
1978,3,1978,N/A,95.452,28.73848544,2.16,N/A,0.032,0.0086,N/A,2.876,N/A,N/A,N/A,N/A,N/A,N/A,2.236135143,N/A,0.042033684,0.005013295,N/A,3.316642586
1978,4,1978,N/A,60.81,2.087021359,2.875,N/A,0.0725,0.01275,N/A,1.9575,N/A,N/A,N/A,N/A,N/A,N/A,2.617313103,N/A,0.099944735,0.012876306,N/A,1.63644996
1978,5,1978,N/A,117.554,21.87555728,1.775,N/A,0.04,0.07925,N/A,2.4875,N/A,N/A,N/A,N/A,N/A,N/A,1.057305827,N/A,0.018032862,0.013504439,N/A,1.601828134
1978,6,1978,N/A,108.462,0.943269903,2.5,N/A,0.032,0.0132,N/A,2.2,N/A,N/A,N/A,N/A,N/A,N/A,2.324232992,N/A,0.029052912,0.015494887,N/A,2.663183637
1978,7,1978,N/A,115.266,N/A,2.825,N/A,0.1125,0.01425,N/A,1.58,N/A,N/A,N/A,N/A,N/A,N/A,N/A,N/A,N/A,N/A,N/A,N/A
1978,8,1978,N/A,201.672,1.066998058,3.58,N/A,0.048,0.036,N/A,2.184,N/A,N/A,N/A,N/A,N/A,N/A,0.750141509,N/A,0.005556604,0.007501415,N/A,0.533433962
1978,9,1978,N/A,68.424,N/A,2.5,N/A,0.0825,0.062,N/A,1.75,N/A,N/A,N/A,N/A,N/A,N/A,N/A,N/A,N/A,N/A,N/A,N/A
1978,10,1979,N/A,12.348,N/A,2.425,N/A,0.065,0.02125,N/A,1.3075,N/A,N/A,N/A,N/A,N/A,N/A,N/A,N/A,N/A,N/A,N/A,N/A
1978,11,1979,N/A,69.546,N/A,3.46,N/A,0.526,0.0198,N/A,1.902,N/A,N/A,N/A,N/A,N/A,N/A,N/A,N/A,N/A,N/A,N/A,N/A
1978,12,1979,N/A,150.008,4.851821359,3.85,N/A,0.05,0.009,N/A,4.0125,N/A,N/A,N/A,N/A,N/A,N/A,0.548690353,N/A,0.003657936,3.66E-04,N/A,0.713297459
1979,1,1979,N/A,123.902,21.09250485,2.55,N/A,0.0205,0.00175,N/A,3.5625,N/A,N/A,N/A,N/A,N/A,N/A,1.826959634,N/A,0.01686384,0.001470635,N/A,2.513478027
1979,2,1979,N/A,97.994,60.2136699,2.5,N/A,0.0115,0.00675,N/A,3.52,N/A,N/A,N/A,N/A,N/A,N/A,2.996057535,N/A,0.012760659,0.011058991,N/A,4.028038867
1979,3,1979,N/A,155.706,52.48380583,2.54,N/A,0.0216,0.007,N/A,2.766,N/A,N/A,N/A,N/A,N/A,N/A,1.208934351,N/A,0.010503856,0.003418708,N/A,1.372437767
1979,4,1979,N/A,80.114,5.093405825,2.375,N/A,0.04,0.00625,N/A,2.0575,N/A,N/A,N/A,N/A,N/A,N/A,3.478631423,N/A,0.053162055,0.018565958,N/A,3.137722332
1979,5,1979,N/A,202.696,53.84607379,2.52,N/A,0.028,0.0052,N/A,2.148,N/A,N/A,N/A,N/A,N/A,N/A,3.393722845,N/A,0.021952065,0.004604351,N/A,2.457681874
1979,6,1979,N/A,50.29,0.151829126,3.375,N/A,0.0625,0.01125,N/A,2.105,N/A,N/A,N/A,N/A,N/A,N/A,3.662983425,N/A,0.183149171,0.009861878,N/A,4.536464088
1979,7,1979,N/A,119.528,N/A,4.25,N/A,0.2375,0.00625,N/A,1.875,N/A,N/A,N/A,N/A,N/A,N/A,N/A,N/A,N/A,N/A,N/A,N/A
1979,8,1979,N/A,79.098,N/A,4.9,N/A,0.388,0.0046,N/A,2.61,N/A,N/A,N/A,N/A,N/A,N/A,N/A,N/A,N/A,N/A,N/A,N/A
1979,9,1979,N/A,360.982,116.0347806,3.375,N/A,0.0625,0.0125,N/A,1.4875,N/A,N/A,N/A,N/A,N/A,N/A,4.620257214,N/A,0.069886086,0.012326554,N/A,2.541677962
1979,10,1980,N/A,119.734,16.59257476,2.825,N/A,0.0375,0.01325,N/A,0.8625,N/A,N/A,N/A,N/A,17.13186127,59.25766179,8.897268775,N/A,0.056846263,0.038958829,N/A,2.650301749
1979,11,1980,N/A,91.034,5.995572816,2.65,N/A,0.065,0.01525,N/A,1.5125,N/A,N/A,N/A,N/A,12.18539566,51.65844206,1.167890871,N/A,0.008342078,0.00542235,N/A,1.501573977
1979,12,1980,N/A,82.09,27.25039223,1.75,N/A,0.03,0.013,N/A,1.9375,N/A,N/A,N/A,N/A,8.242485455,57.02110338,3.526171274,N/A,0.0490357,0.032085229,N/A,3.609108154
1980,1,1980,N/A,124.052,45.63933204,1.74,N/A,0.016,0.0106,N/A,1.66,N/A,N/A,N/A,N/A,8.761074574,105.3368851,1.534183208,N/A,0.01735175,0.011229352,N/A,1.562671666
1980,2,1980,N/A,41.45,25.66918835,1.45,N/A,0.025,0.00525,N/A,1.6,N/A,N/A,N/A,N/A,6.718159518,43.43642968,1.373308879,N/A,0.028157985,0.007212448,N/A,1.556922159
1980,3,1980,N/A,210.566,152.7254214,1.6,N/A,0.0275,0.00475,N/A,1.4875,N/A,N/A,N/A,N/A,11.66140423,226.5461075,1.470669006,N/A,0.03000931,0.003618144,N/A,1.406819411
1980,4,1980,N/A,147.422,56.43891262,1.65,N/A,0.04,0.01125,N/A,0.4125,N/A,N/A,N/A,N/A,17.66109537,61.4368838,1.862044365,N/A,0.039204102,0.014432728,N/A,1.103555902
1980,5,1980,N/A,118.312,2.610034951,2.14,N/A,0.03,0.004,N/A,1.4,N/A,N/A,N/A,N/A,21.64599664,93.05051883,2.889281697,N/A,0.029889121,0.003985216,N/A,2.839466495
1980,6,1980,N/A,156.87,14.60327767,2.775,N/A,0.0575,0.017,N/A,1.95,N/A,N/A,N/A,N/A,25.05928358,66.40805306,1.981733586,N/A,0.051697398,0.019817336,N/A,2.929519214
1980,7,1980,N/A,110.746,0.009227184,2.68,N/A,0.084,0.0174,N/A,1.47,N/A,N/A,N/A,N/A,27.74153672,109.2035734,N/A,N/A,N/A,N/A,N/A,N/A
1980,8,1980,N/A,52.94,N/A,3.925,N/A,0.2325,0.01725,N/A,1.5625,N/A,N/A,N/A,N/A,27.27133421,54.42350667,N/A,N/A,N/A,N/A,N/A,N/A
1980,9,1980,N/A,149.554,0.180768932,4.075,N/A,0.2475,0.0125,N/A,3.4875,N/A,N/A,N/A,N/A,25.80914165,131.6610994,N/A,N/A,N/A,N/A,N/A,N/A
1980,10,1981,N/A,78.79,0.218935922,3.04,N/A,0.182,0.0304,N/A,2.86,N/A,N/A,N/A,N/A,17.0142122,65.64850507,6.299770115,N/A,0.226145594,0.056536398,N/A,7.753563218
1980,11,1981,N/A,82.956,N/A,3.075,N/A,0.0825,0.0145,N/A,2.975,N/A,N/A,N/A,N/A,12.67391218,23.74331188,N/A,N/A,N/A,N/A,N/A,N/A
1980,12,1981,N/A,75.998,0.781374757,2.94,N/A,0.036,0.0122,N/A,3.38,N/A,N/A,N/A,N/A,7.779895535,159.8123992,1.695931294,N/A,0.012113795,0.013325174,N/A,2.180483092
1981,1,1981,N/A,29.612,0.199642718,2.675,N/A,0.035,0.01175,N/A,2.675,N/A,N/A,N/A,N/A,4.712579925,23.8309745,2.806932773,N/A,0.036796218,0.014392857,N/A,3.056039916
1981,2,1981,N/A,59.942,4.174881553,3.8,N/A,0.05,0.0145,N/A,4.2875,N/A,N/A,N/A,N/A,9.429216081,62.64960928,4.609704641,N/A,0.047623066,0.0207609,N/A,6.874120956
1981,3,1981,N/A,79.552,7.855269903,2.625,N/A,0.025,0.0195,N/A,3.7375,N/A,N/A,N/A,N/A,11.44174819,82.69428432,2.578160874,N/A,0.056789471,0.044998331,N/A,3.900572641
1981,4,1981,N/A,60.202,4.83001165,3.06,N/A,0.02,0.0202,N/A,2.63,N/A,N/A,N/A,N/A,19.25619284,44.11311707,3.772768322,N/A,0.031964224,0.016956929,N/A,4.558353595
1981,5,1981,N/A,126.34,1.439860194,3.05,N/A,0.0675,0.0135,N/A,1.75,N/A,N/A,N/A,N/A,20.80394043,101.2351312,3.200233032,N/A,0.038964463,0.017640111,N/A,2.616217594
1981,6,1981,N/A,131.468,0.932365049,3.725,N/A,0.05,0.02725,N/A,2.2125,N/A,N/A,N/A,N/A,27.50771952,107.4326605,6.0951417,N/A,0.098920378,0.02115722,N/A,2.298414305
1981,7,1981,N/A,165.306,7.759223301,3.46,N/A,0.078,0.0198,N/A,1.744,N/A,N/A,N/A,N/A,27.42542412,200.8844752,0.804324324,N/A,0.012567568,0.004524324,N/A,0.565540541
1981,8,1981,N/A,206.806,31.38878447,2.55,N/A,0.025,0.0165,N/A,1.6725,N/A,N/A,N/A,N/A,25.21445808,216.0754603,1.636468953,N/A,0.02386336,0.017968249,N/A,1.085707285
1981,9,1981,N/A,45.464,0.208869903,2.75,N/A,0.035,0.025,N/A,1.5225,N/A,N/A,N/A,N/A,22.63817071,22.51318134,2.560240964,N/A,0.020481928,0.02253012,N/A,2.406626506
1981,10,1982,N/A,57.456,N/A,2.9,N/A,0.06,0.011,N/A,1.24,N/A,N/A,N/A,N/A,17.73411408,90.86116974,N/A,N/A,N/A,N/A,N/A,N/A
1981,11,1982,N/A,25.86,N/A,3.8,N/A,0.03,0.006,N/A,1.1,N/A,N/A,N/A,N/A,14.68853115,32.12928695,N/A,N/A,N/A,N/A,N/A,N/A
1981,12,1982,N/A,144.978,N/A,3.675,N/A,0.04,0.01575,N/A,1.9,N/A,N/A,N/A,N/A,12.84248943,112.1718199,N/A,N/A,N/A,N/A,N/A,N/A
1982,1,1982,N/A,154.028,N/A,N/A,N/A,N/A,N/A,N/A,N/A,N/A,N/A,N/A,N/A,6.850084113,112.769091,N/A,N/A,N/A,N/A,N/A,N/A
1982,2,1982,N/A,124.258,N/A,1.866666667,N/A,0.02,0.005,N/A,2.15,N/A,N/A,N/A,N/A,11.14596911,119.0368186,N/A,N/A,N/A,N/A,N/A,N/A
1982,3,1982,N/A,32.412,N/A,1.55,N/A,0.055,0.0055,N/A,1.925,N/A,N/A,N/A,N/A,14.63532544,37.46376622,N/A,N/A,N/A,N/A,N/A,N/A
1982,4,1982,N/A,165.706,N/A,3.1,N/A,0.02,0.012,N/A,2.1,N/A,N/A,N/A,N/A,16.46012374,130.3538946,N/A,N/A,N/A,N/A,N/A,N/A
1982,5,1982,N/A,82.956,N/A,2.15,N/A,0.055,0.0185,N/A,1.275,N/A,N/A,N/A,N/A,22.28619353,47.71324688,N/A,N/A,N/A,N/A,N/A,N/A
1982,6,1982,N/A,288.388,N/A,N/A,N/A,N/A,N/A,N/A,N/A,N/A,N/A,N/A,N/A,25.45032558,230.3254525,N/A,N/A,N/A,N/A,N/A,N/A
1982,7,1982,N/A,230.884,N/A,3.133333333,N/A,N/A,0.008333333,N/A,1.4,N/A,N/A,N/A,N/A,26.85894067,150.319089,N/A,N/A,N/A,N/A,N/A,N/A
1982,8,1982,N/A,145.59,N/A,3.45,N/A,N/A,0.008,N/A,1.55,N/A,N/A,N/A,N/A,26.1288973,94.4115557,N/A,N/A,N/A,N/A,N/A,N/A
1982,9,1982,N/A,141.37,N/A,2.4,N/A,N/A,0.014,N/A,2.2,N/A,N/A,N/A,N/A,22.89630668,121.2285728,N/A,N/A,N/A,N/A,N/A,N/A
1982,10,1983,N/A,88.844,N/A,2.6,N/A,0.01,0.01425,N/A,1.3125,N/A,N/A,N/A,N/A,19.1623475,47.34337698,N/A,N/A,N/A,N/A,N/A,N/A
1982,11,1983,N/A,54.406,N/A,N/A,N/A,N/A,N/A,N/A,N/A,N/A,N/A,N/A,N/A,12.86357478,92.23402846,N/A,N/A,N/A,N/A,N/A,N/A
1982,12,1983,N/A,96.778,N/A,N/A,N/A,N/A,N/A,N/A,N/A,N/A,N/A,N/A,N/A,8.897131344,129.6885753,N/A,N/A,N/A,N/A,N/A,N/A
1983,1,1983,N/A,144.018,N/A,N/A,N/A,N/A,N/A,N/A,N/A,N/A,N/A,N/A,N/A,6.546589991,127.7864929,N/A,N/A,N/A,N/A,N/A,N/A
1983,2,1983,N/A,204.72,N/A,N/A,N/A,N/A,N/A,N/A,N/A,N/A,N/A,N/A,N/A,8.399346451,144.833831,N/A,N/A,N/A,N/A,N/A,N/A
1983,3,1983,N/A,265.076,N/A,N/A,N/A,N/A,N/A,N/A,N/A,N/A,N/A,N/A,N/A,12.77217417,255.8400689,N/A,N/A,N/A,N/A,N/A,N/A
1983,4,1983,N/A,163.324,N/A,N/A,N/A,N/A,N/A,N/A,N/A,N/A,N/A,N/A,N/A,15.02022139,92.6601291,N/A,N/A,N/A,N/A,N/A,N/A
1983,5,1983,N/A,16.964,N/A,N/A,N/A,N/A,N/A,N/A,N/A,N/A,N/A,N/A,N/A,21.10904458,32.17383236,N/A,N/A,N/A,N/A,N/A,N/A
1983,6,1983,N/A,92.304,N/A,N/A,N/A,N/A,N/A,N/A,N/A,N/A,N/A,N/A,N/A,24.12000992,73.60077846,N/A,N/A,N/A,N/A,N/A,N/A
1983,7,1983,N/A,172.16,N/A,N/A,N/A,N/A,N/A,N/A,N/A,N/A,N/A,N/A,N/A,27.55751675,134.6495387,N/A,N/A,N/A,N/A,N/A,N/A
1983,8,1983,N/A,112.014,N/A,N/A,N/A,N/A,N/A,N/A,N/A,N/A,N/A,N/A,N/A,27.4626156,62.73051975,N/A,N/A,N/A,N/A,N/A,N/A
1983,9,1983,N/A,105.916,N/A,N/A,N/A,N/A,N/A,N/A,N/A,N/A,N/A,N/A,N/A,23.39325895,125.2765606,N/A,N/A,N/A,N/A,N/A,N/A
1983,10,1984,N/A,41.454,N/A,N/A,N/A,N/A,N/A,N/A,N/A,N/A,N/A,N/A,N/A,21.00474247,43.07038944,N/A,N/A,N/A,N/A,N/A,N/A
1983,11,1984,N/A,83.062,N/A,N/A,N/A,N/A,N/A,N/A,N/A,N/A,N/A,N/A,N/A,11.52529765,26.89850696,N/A,N/A,N/A,N/A,N/A,N/A
1983,12,1984,N/A,156.566,N/A,N/A,N/A,N/A,N/A,N/A,N/A,N/A,N/A,N/A,N/A,12.96060971,23.11909001,N/A,N/A,N/A,N/A,N/A,N/A
1984,1,1984,N/A,89.204,N/A,N/A,N/A,N/A,N/A,N/A,N/A,N/A,N/A,N/A,N/A,6.781298891,99.1053875,N/A,N/A,N/A,N/A,N/A,N/A
1984,2,1984,N/A,116.892,N/A,N/A,N/A,N/A,N/A,N/A,N/A,N/A,N/A,N/A,N/A,10.50911426,108.4175963,N/A,N/A,N/A,N/A,N/A,N/A
1984,3,1984,N/A,182.42,N/A,N/A,N/A,N/A,N/A,N/A,N/A,N/A,N/A,N/A,N/A,13.02198789,152.7363615,N/A,N/A,N/A,N/A,N/A,N/A
1984,4,1984,N/A,121.818,N/A,N/A,N/A,N/A,N/A,N/A,N/A,N/A,N/A,N/A,N/A,16.63817071,115.2773994,N/A,N/A,N/A,N/A,N/A,N/A
1984,5,1984,N/A,139.09,N/A,N/A,N/A,N/A,N/A,N/A,N/A,N/A,N/A,N/A,N/A,21.26522683,148.2147412,N/A,N/A,N/A,N/A,N/A,N/A
1984,6,1984,N/A,N/A,N/A,N/A,N/A,N/A,N/A,N/A,N/A,N/A,N/A,N/A,N/A,25.32281749,70.0204553,N/A,N/A,N/A,N/A,N/A,N/A
1984,7,1984,N/A,N/A,N/A,N/A,N/A,N/A,N/A,N/A,N/A,N/A,N/A,N/A,N/A,25.95251721,180.6931187,N/A,N/A,N/A,N/A,N/A,N/A
1984,8,1984,N/A,N/A,N/A,N/A,N/A,N/A,N/A,N/A,N/A,N/A,N/A,N/A,N/A,26.43664974,89.1873381,N/A,N/A,N/A,N/A,N/A,N/A
1984,9,1984,N/A,N/A,N/A,N/A,N/A,N/A,N/A,N/A,N/A,N/A,N/A,N/A,N/A,22.11370047,122.2225982,N/A,N/A,N/A,N/A,N/A,N/A
1984,10,1985,N/A,N/A,N/A,N/A,N/A,N/A,N/A,N/A,N/A,0.000739599,0.004568872,0.005308471,0.012645819,21.36225011,90.57454617,N/A,N/A,N/A,N/A,N/A,N/A
1984,11,1985,N/A,N/A,N/A,N/A,N/A,N/A,N/A,N/A,N/A,N/A,N/A,N/A,N/A,18.51586419,173.5159089,N/A,N/A,N/A,N/A,N/A,N/A
1984,12,1985,N/A,N/A,N/A,N/A,N/A,N/A,N/A,N/A,N/A,0.004330983,0.005541517,0.0098725,0.015374129,8.156401343,48.86831155,N/A,N/A,N/A,N/A,N/A,N/A
1985,1,1985,N/A,N/A,N/A,N/A,N/A,N/A,N/A,N/A,N/A,0.001113032,0.001870954,0.002983987,0.019517471,5.438803044,57.23720915,N/A,N/A,N/A,N/A,N/A,N/A
1985,2,1985,N/A,N/A,N/A,N/A,N/A,N/A,N/A,N/A,N/A,0.008627009,0.013532707,0.022159716,0.035618378,9.536330867,97.62344093,N/A,N/A,N/A,N/A,N/A,N/A
1985,3,1985,N/A,N/A,N/A,N/A,N/A,N/A,N/A,N/A,N/A,0.004461261,0.007713001,0.012174263,0.018159184,14.41184604,34.25876731,N/A,N/A,N/A,N/A,N/A,N/A
1985,4,1985,N/A,N/A,N/A,N/A,N/A,N/A,N/A,N/A,N/A,0.00179476,0.004277669,0.006072429,0.010044695,18.33532581,18.0833115,N/A,N/A,N/A,N/A,N/A,N/A
1985,5,1985,N/A,N/A,N/A,N/A,N/A,N/A,N/A,N/A,N/A,0.003305367,0.007710476,0.011015843,0.019799403,21.96532503,72.1250001,N/A,N/A,N/A,N/A,N/A,N/A
1985,6,1985,N/A,N/A,N/A,N/A,N/A,N/A,N/A,N/A,N/A,0.026873729,0.035901903,0.062775632,0.108422223,25.86665005,129.1677241,N/A,N/A,N/A,N/A,N/A,N/A
1985,7,1985,N/A,N/A,N/A,N/A,N/A,N/A,N/A,N/A,N/A,0.003230569,0.003518533,0.006749102,0.039680992,26.6751239,218.297278,N/A,N/A,N/A,N/A,N/A,N/A
1985,8,1985,N/A,N/A,N/A,N/A,N/A,N/A,N/A,N/A,N/A,0.001686286,0.036549539,0.038235824,0.146357943,25.86022158,195.2365631,N/A,N/A,N/A,N/A,N/A,N/A
1985,9,1985,N/A,N/A,N/A,N/A,N/A,N/A,N/A,N/A,N/A,0.020618274,0.020705761,0.041324035,0.076897343,23.54130714,44.76753109,N/A,N/A,N/A,N/A,N/A,N/A
1985,10,1986,N/A,N/A,N/A,N/A,N/A,N/A,N/A,N/A,N/A,0.004247674,0.009212274,0.013459948,0.02579726,19.57519877,99.68130057,N/A,N/A,N/A,N/A,N/A,N/A
1985,11,1986,N/A,N/A,N/A,N/A,N/A,N/A,N/A,N/A,N/A,0.00503519,0.010412724,0.015447914,0.045446215,16.24019968,94.08259736,N/A,N/A,N/A,N/A,N/A,N/A
1985,12,1986,N/A,N/A,N/A,N/A,N/A,N/A,N/A,N/A,N/A,0.001079815,0.001298506,0.002378321,0.014430413,10.3264809,101.1765561,N/A,N/A,N/A,N/A,N/A,N/A
1986,1,1986,N/A,N/A,N/A,N/A,N/A,N/A,N/A,N/A,N/A,0.00303137,0.008411601,0.011442971,0.02446495,7.005814206,48.79311725,N/A,N/A,N/A,N/A,N/A,N/A
1986,2,1986,N/A,N/A,N/A,N/A,N/A,N/A,N/A,N/A,N/A,0.006497057,0.007350835,0.013847892,0.026648735,12.0280729,75.86324513,N/A,N/A,N/A,N/A,N/A,N/A
1986,3,1986,N/A,N/A,N/A,N/A,N/A,N/A,N/A,N/A,N/A,0.00727812,0.010569617,0.017847737,0.029444525,13.40884217,88.33948234,N/A,N/A,N/A,N/A,N/A,N/A
1986,4,1986,N/A,N/A,N/A,N/A,N/A,N/A,N/A,N/A,N/A,N/A,N/A,N/A,N/A,17.78261529,19.00980542,N/A,N/A,N/A,N/A,N/A,N/A
1986,5,1986,N/A,N/A,N/A,N/A,N/A,N/A,N/A,N/A,N/A,0.012489836,0.013157252,0.025647088,0.031528867,22.1637009,51.49513034,N/A,N/A,N/A,N/A,N/A,N/A
1986,6,1986,N/A,N/A,N/A,N/A,N/A,N/A,N/A,N/A,N/A,0.00424262,0.028224834,0.032467454,0.036462827,26.42035362,90.84402644,N/A,N/A,N/A,N/A,N/A,N/A
1986,7,1986,N/A,N/A,N/A,N/A,N/A,N/A,N/A,N/A,N/A,0.002521586,0.015741872,0.018263458,0.041706846,28.93716395,80.62045248,N/A,N/A,N/A,N/A,N/A,N/A
1986,8,1986,N/A,N/A,N/A,N/A,N/A,N/A,N/A,N/A,N/A,0.006941873,0.021710986,0.028652859,0.061457454,26.09727825,267.4983673,N/A,N/A,N/A,N/A,N/A,N/A
1986,9,1986,N/A,N/A,N/A,N/A,N/A,N/A,N/A,N/A,N/A,0.000412157,0.000743444,0.001155601,0.012366403,24.70703296,43.70207683,N/A,N/A,N/A,N/A,N/A,N/A
1986,10,1987,N/A,N/A,N/A,N/A,N/A,N/A,N/A,N/A,N/A,0.007802805,0.019322884,0.027125688,0.054864806,15.15543904,30.2214941,N/A,N/A,N/A,N/A,N/A,N/A
1986,11,1987,N/A,N/A,N/A,N/A,N/A,N/A,N/A,N/A,N/A,0.005219597,0.016684917,0.021904514,0.044979748,14.49234781,107.0983785,N/A,N/A,N/A,N/A,N/A,N/A
1986,12,1987,N/A,N/A,N/A,N/A,N/A,N/A,N/A,N/A,N/A,0.005007866,0.006778024,0.011785889,0.018380595,10.76391234,34.38746752,N/A,N/A,N/A,N/A,N/A,N/A
1987,1,1987,N/A,N/A,N/A,N/A,N/A,N/A,N/A,N/A,N/A,0.010333546,0.024985452,0.035318997,0.065934739,7.552450106,169.8455205,N/A,N/A,N/A,N/A,N/A,N/A
1987,2,1987,N/A,N/A,N/A,N/A,N/A,N/A,N/A,N/A,N/A,0.007685214,0.022917872,0.030603086,0.056600979,8.174981737,120.745842,N/A,N/A,N/A,N/A,N/A,N/A
1987,3,1987,N/A,N/A,N/A,N/A,N/A,N/A,N/A,N/A,N/A,0.005797594,0.01586492,0.021662515,0.046561713,12.6791421,130.1290292,N/A,N/A,N/A,N/A,N/A,N/A
1987,4,1987,N/A,N/A,N/A,N/A,N/A,N/A,N/A,N/A,N/A,0.007182939,0.011585688,0.018768627,0.030570533,15.83532525,42.28772676,N/A,N/A,N/A,N/A,N/A,N/A
1987,5,1987,N/A,N/A,N/A,N/A,N/A,N/A,N/A,N/A,N/A,0.002816611,0.007843285,0.010659896,0.020725927,21.98981367,55.60350611,N/A,N/A,N/A,N/A,N/A,N/A
1987,6,1987,N/A,N/A,N/A,N/A,N/A,N/A,N/A,N/A,N/A,0.00522886,0.01747204,0.0227009,0.043007729,25.87585538,132.0613019,N/A,N/A,N/A,N/A,N/A,N/A
1987,7,1987,N/A,N/A,N/A,N/A,N/A,N/A,N/A,N/A,N/A,0.00019645,0.007430015,0.007626465,0.008685465,27.58804682,51.00279315,N/A,N/A,N/A,N/A,N/A,N/A
1987,8,1987,N/A,N/A,N/A,N/A,N/A,N/A,N/A,N/A,N/A,0.02242229,0.05268318,0.075105469,0.137559003,27.74456771,152.4731778,N/A,N/A,N/A,N/A,N/A,N/A
1987,9,1987,N/A,N/A,N/A,N/A,N/A,N/A,N/A,N/A,N/A,0.001183436,0.007987801,0.009171237,0.028447022,24.33464496,298.7577949,N/A,N/A,N/A,N/A,N/A,N/A
1987,10,1988,N/A,N/A,N/A,N/A,N/A,N/A,N/A,N/A,N/A,0.000248474,0.002580738,0.002829213,0.00649535,15.91172036,34.32636276,N/A,N/A,N/A,N/A,N/A,N/A
1987,11,1988,N/A,N/A,N/A,N/A,N/A,N/A,N/A,N/A,N/A,0.000738395,0.004643511,0.005381906,0.02179652,14.4965782,44.62116851,N/A,N/A,N/A,N/A,N/A,N/A
1987,12,1988,N/A,N/A,N/A,N/A,N/A,N/A,N/A,N/A,N/A,0.003952805,0.006979041,0.010931846,0.017226211,8.693360044,20.03051927,N/A,N/A,N/A,N/A,N/A,N/A
1988,1,1988,N/A,N/A,N/A,N/A,N/A,N/A,N/A,N/A,N/A,0.000545867,0.00779763,0.008343497,0.026851915,5.235438842,93.14896066,N/A,N/A,N/A,N/A,N/A,N/A
1988,2,1988,N/A,N/A,N/A,N/A,N/A,N/A,N/A,N/A,N/A,0.002531525,0.009798741,0.012330266,0.023937606,8.523342164,50.08545613,N/A,N/A,N/A,N/A,N/A,N/A
1988,3,1988,N/A,N/A,N/A,N/A,N/A,N/A,N/A,N/A,N/A,0.000529561,0.005119233,0.005648793,0.011024564,12.91889672,58.75662353,N/A,N/A,N/A,N/A,N/A,N/A
1988,4,1988,N/A,N/A,N/A,N/A,N/A,N/A,N/A,N/A,N/A,0.01080956,0.027255526,0.038065086,0.070252067,17.11022158,83.53539167,N/A,N/A,N/A,N/A,N/A,N/A
1988,5,1988,N/A,N/A,N/A,N/A,N/A,N/A,N/A,N/A,N/A,0.011597534,0.02198237,0.033579904,0.073029736,20.79512361,86.6860413,N/A,N/A,N/A,N/A,N/A,N/A
1988,6,1988,N/A,N/A,N/A,N/A,N/A,N/A,N/A,N/A,N/A,0.000332334,0.011409105,0.011741439,0.024108256,23.89143243,61.78681824,N/A,N/A,N/A,N/A,N/A,N/A
1988,7,1988,N/A,N/A,N/A,N/A,N/A,N/A,N/A,N/A,N/A,0.004141755,0.018444183,0.022585938,0.053737639,26.72467188,89.56116931,N/A,N/A,N/A,N/A,N/A,N/A
1988,8,1988,N/A,N/A,N/A,N/A,N/A,N/A,N/A,N/A,N/A,0.0012652,0.020502589,0.021767789,0.058163763,27.0582874,212.1609707,N/A,N/A,N/A,N/A,N/A,N/A
1988,9,1988,N/A,N/A,N/A,N/A,N/A,N/A,N/A,N/A,N/A,0.00881602,0.027444215,0.036260235,0.087604729,23.66360274,199.810001,N/A,N/A,N/A,N/A,N/A,N/A
1988,10,1989,N/A,N/A,N/A,N/A,N/A,N/A,N/A,N/A,N/A,0.003072787,0.007985843,0.01105863,0.02003394,19.36552699,102.1010413,N/A,N/A,N/A,N/A,N/A,N/A
1988,11,1989,N/A,N/A,N/A,N/A,N/A,N/A,N/A,N/A,N/A,0.000183405,0.003254884,0.003438289,0.008061487,14.81843347,46.00941646,N/A,N/A,N/A,N/A,N/A,N/A
1988,12,1989,N/A,N/A,N/A,N/A,N/A,N/A,N/A,N/A,N/A,0.001379125,0.007634011,0.009013136,0.020906269,5.175402805,105.6971436,N/A,N/A,N/A,N/A,N/A,N/A
1989,1,1989,N/A,N/A,N/A,N/A,N/A,N/A,N/A,N/A,N/A,0.001776466,0.005505268,0.007281734,0.013310615,11.33348597,60.64545488,N/A,N/A,N/A,N/A,N/A,N/A
1989,2,1989,N/A,N/A,N/A,N/A,N/A,N/A,N/A,N/A,N/A,0.003988104,0.008798753,0.012786857,0.017572593,11.1290707,44.35909021,N/A,N/A,N/A,N/A,N/A,N/A
1989,3,1989,N/A,N/A,N/A,N/A,N/A,N/A,N/A,N/A,N/A,0.022605539,0.033113352,0.055718892,0.083304195,13.88032532,108.0084427,N/A,N/A,N/A,N/A,N/A,N/A
1989,4,1989,N/A,N/A,N/A,N/A,N/A,N/A,N/A,N/A,N/A,0.015217648,0.022336598,0.037554246,0.047747398,16.98028131,108.4985686,N/A,N/A,N/A,N/A,N/A,N/A
1989,5,1989,N/A,N/A,N/A,N/A,N/A,N/A,N/A,N/A,N/A,0.010404236,0.012360029,0.022764266,0.02592734,20.53337324,63.34662323,N/A,N/A,N/A,N/A,N/A,N/A
1989,6,1989,N/A,N/A,N/A,N/A,N/A,N/A,N/A,N/A,N/A,0.016640233,0.015901207,0.03254144,0.091577745,26.0310943,138.6970194,N/A,N/A,N/A,N/A,N/A,N/A
1989,7,1989,N/A,N/A,N/A,N/A,N/A,N/A,N/A,N/A,N/A,0.027421265,0.056889808,0.084311073,0.165029212,26.95394004,145.4006492,N/A,N/A,N/A,N/A,N/A,N/A
1989,8,1989,N/A,N/A,N/A,N/A,N/A,N/A,N/A,N/A,N/A,0.010850123,0.040915295,0.051765418,0.109537232,25.90998139,161.7695411,N/A,N/A,N/A,N/A,N/A,N/A
1989,9,1989,N/A,N/A,N/A,N/A,N/A,N/A,N/A,N/A,N/A,0.006793269,0.023211126,0.030004396,0.059200939,23.76855917,246.6542856,N/A,N/A,N/A,N/A,N/A,N/A
1989,10,1990,N/A,N/A,N/A,2.648571429,N/A,0.026857143,0.024857143,N/A,0.327,0.004073378,0.006171823,0.010245201,0.016134413,20.05748994,308.1017529,N/A,N/A,N/A,N/A,N/A,N/A
1989,11,1990,N/A,N/A,17.49138641,1.875076923,N/A,0.014,0.013,N/A,0.295153846,0.005473033,0.010010204,0.015483237,0.020188018,14.73391257,56.91376654,1.584186723,N/A,0.008189585,0.001272706,N/A,0.237940651
1989,12,1990,N/A,N/A,45.19139417,1.5615,N/A,0.008,0.0045,N/A,0.21725,0.008063858,0.020789999,0.028853857,0.049674205,12.53734789,54.98474044,1.705346473,N/A,0.008860051,0.005459913,N/A,0.238057375
1990,1,1990,N/A,N/A,30.30123495,1.6905,N/A,0.012,0.00325,N/A,0.22925,0.006162432,0.007411253,0.013573685,0.017134736,11.84325915,70.13980449,1.339232096,N/A,0.009575561,0.002081513,N/A,0.178808031
1990,2,1990,N/A,N/A,7.900986408,2.6912,N/A,0.022,0.0104,N/A,0.3366,0.005927818,0.008635986,0.014563804,0.02586568,13.86012375,52.32675347,2.57544113,N/A,0.020550971,0.009639919,N/A,0.31828262
1990,3,1990,N/A,N/A,11.19970485,2.911,N/A,0.03275,0.003,N/A,0.37725,0.004421692,0.007458501,0.011880193,0.020272079,15.46012321,83.04460932,0.494923539,N/A,0.006103528,6.13E-04,N/A,0.061941664
1990,4,1990,N/A,N/A,26.22994951,2.854333333,N/A,0.030333333,0.004,N/A,0.34,0.00593608,0.007400378,0.013336458,0.021278245,17.44365656,33.60882985,2.764410208,N/A,0.03419866,0.005018468,N/A,0.331517933
1990,5,1990,N/A,N/A,2.240528155,4.0684,N/A,0.059,0.0042,N/A,0.4368,0.016697188,0.024836587,0.041533775,0.06162355,22.23870047,74.81532575,5.990964133,N/A,0.042363572,0.005196069,N/A,0.634543654
1990,6,1990,N/A,N/A,0.801506796,5.09625,N/A,0.04,0.019,N/A,0.49475,0.012753133,0.021690165,0.034443298,0.058529097,25.96394027,53.94538912,2.358296703,N/A,0.010290424,0.003131868,N/A,0.243838305
1990,7,1990,N/A,N/A,N/A,5.437,N/A,0.028,0.01025,N/A,0.47025,0.003181371,0.006146102,0.009327472,0.024137286,27.78623658,114.5417521,N/A,N/A,N/A,N/A,N/A,N/A
1990,8,1990,N/A,N/A,3.45935534,3.6184,N/A,0.0394,0.012,N/A,0.3774,0.040304886,0.062478858,0.102783743,0.198114277,26.94295841,206.6674675,0.842721169,N/A,0.0107395,0.00259937,N/A,0.088471023
1990,9,1990,N/A,N/A,0.818702913,3.701,N/A,0.0105,0.00375,N/A,0.423,0.004156896,0.008746928,0.012903824,0.010830417,24.45793105,27.27772768,0.833191598,N/A,0.002612705,0.001567623,N/A,0.10111168
1990,10,1991,N/A,N/A,110.4015845,2.893666667,N/A,0.014222222,0.002333333,N/A,0.315222222,0.005467279,0.011437296,0.016904575,0.052523514,18.75901667,32.4161046,1.559516379,N/A,0.009985246,0.001143464,N/A,0.1872454
1990,11,1991,N/A,N/A,64.23504466,1.883692308,N/A,0.009230769,0.001,N/A,0.266230769,0.002953178,0.002654646,0.005607824,0.009425991,12.14891254,52.52590821,0.735418819,N/A,0.004411531,0.00033077,N/A,0.098152029
1990,12,1991,N/A,N/A,7.003013592,2.61825,N/A,0.009,0.00275,N/A,0.3265,0.010598504,0.011052765,0.021651269,0.029199213,11.27734822,40.43389637,2.063566419,N/A,0.006621639,0.002214485,N/A,0.257033853
1991,1,1991,N/A,N/A,108.1426019,2.0193,N/A,0.0084,0.0025,N/A,0.2659,0.004184174,0.016948817,0.02113299,0.048170456,9.470214311,184.1640298,1.801424139,N/A,0.009858827,0.003294291,N/A,0.242959975
1991,2,1991,N/A,N/A,28.29935534,1.7484,N/A,0.0134,0.0014,N/A,0.2332,0.005337645,0.008939143,0.014276789,0.020032883,11.38879884,38.85441453,1.17419334,N/A,0.010647578,0.002793485,N/A,0.160156531
1991,3,1991,N/A,N/A,55.31445437,1.70375,N/A,0.011,0.0085,N/A,0.25525,0.016122187,0.017382412,0.033504599,0.072285651,14.73900033,136.8462335,0.736280263,N/A,0.004775907,0.002062197,N/A,0.098767487
1991,4,1991,N/A,N/A,9.167627184,3.1035,N/A,0.011666667,0.001666667,N/A,0.262,0.008949148,0.017493686,0.026442834,0.042985201,19.27355905,78.351363,2.26542513,N/A,0.009792753,0.001819471,N/A,0.154568693
1991,5,1991,N/A,N/A,2.705242718,2.852,N/A,0.022,0.003333333,N/A,0.3072,0.038544314,0.064298122,0.102842436,0.160033275,23.91964405,116.3571427,10.21573712,N/A,0.165038553,0.00516186,N/A,0.799453953
1991,6,1991,N/A,N/A,N/A,3.72,N/A,0.09625,0.0135,N/A,0.36425,0.002977171,0.015251215,0.018228387,0.034479112,25.26727832,86.43506454,N/A,N/A,N/A,N/A,N/A,N/A
1991,7,1991,N/A,N/A,42.53228738,3.2572,N/A,0.086,0.0148,N/A,0.324,0.02041416,0.055029327,0.075443487,0.144002138,27.78804758,198.82552,3.640157147,N/A,0.033428814,0.011783106,N/A,0.410863107
1991,8,1991,N/A,N/A,186.0963728,2.30275,N/A,0.04075,0.007,N/A,0.256,0.018292516,0.040655938,0.058948454,0.147127486,26.68384143,216.7622724,1.660466923,N/A,0.030382273,0.00812356,N/A,0.183376522
1991,9,1991,N/A,N/A,2.525732039,2.446,N/A,0.104,0.005,N/A,0.282,0.002194804,0.005924767,0.008119571,0.016924257,24.0847424,59.36337659,6.640999668,N/A,0.282364663,0.013575224,N/A,0.765642644
1991,10,1992,N/A,N/A,N/A,N/A,N/A,N/A,N/A,N/A,N/A,0.00208539,0.005404607,0.007489997,0.011245845,17.17867347,109.4430492,N/A,N/A,N/A,N/A,N/A,N/A
1991,11,1992,N/A,N/A,N/A,N/A,N/A,N/A,N/A,N/A,N/A,0.00229271,0.00747668,0.00976939,0.017552795,14.58234796,151.5808477,N/A,N/A,N/A,N/A,N/A,N/A
1991,12,1992,N/A,N/A,N/A,N/A,N/A,N/A,N/A,N/A,N/A,0.003087121,0.007070308,0.01015743,0.017272883,9.438708677,61.94519407,N/A,N/A,N/A,N/A,N/A,N/A
1992,1,1992,N/A,N/A,N/A,N/A,N/A,N/A,N/A,N/A,N/A,0.002374637,0.014116626,0.016491263,0.023206019,8.822616435,108.4513651,N/A,N/A,N/A,N/A,N/A,N/A
1992,2,1992,N/A,N/A,24.74563107,N/A,N/A,N/A,N/A,N/A,N/A,0.004597549,0.007788187,0.012385736,0.022535746,11.43630664,69.56084611,N/A,N/A,N/A,N/A,N/A,N/A
1992,3,1992,N/A,N/A,36.03005825,N/A,N/A,N/A,N/A,N/A,N/A,0.008260549,0.009908687,0.018169235,0.022772686,13.0280729,79.53025709,N/A,N/A,N/A,N/A,N/A,N/A
1992,4,1992,N/A,N/A,8.606866019,N/A,N/A,N/A,N/A,N/A,N/A,0.002079356,0.003651338,0.005730695,0.020624297,16.61095296,54.86785809,N/A,N/A,N/A,N/A,N/A,N/A
1992,5,1992,N/A,N/A,7.462695146,N/A,N/A,N/A,N/A,N/A,N/A,0.004196652,0.011860644,0.016057296,0.027278139,20.09498158,97.45883099,N/A,N/A,N/A,N/A,N/A,N/A
1992,6,1992,N/A,N/A,143.8023146,N/A,N/A,N/A,N/A,N/A,N/A,0.021289604,0.048526772,0.069816376,0.111100276,24.12012935,170.5227934,N/A,N/A,N/A,N/A,N/A,N/A
1992,7,1992,N/A,N/A,8.827060194,2.19,N/A,0.0434,0.0165,N/A,0.194,0.014160763,0.047089467,0.06125023,0.086234016,27.97565257,90.56908868,1.245155374,N/A,0.024675682,0.009381308,N/A,0.110301435
1992,8,1992,N/A,N/A,105.2729476,N/A,N/A,N/A,N/A,N/A,N/A,0.00621236,0.013064823,0.019277183,0.063846421,25.90884181,267.1949911,N/A,N/A,N/A,N/A,N/A,N/A
1992,9,1992,N/A,N/A,34.61955728,N/A,N/A,N/A,N/A,N/A,N/A,0.00052661,0.004596263,0.005122873,0.025769023,23.64355917,134.3474696,N/A,N/A,N/A,N/A,N/A,N/A
1992,10,1993,N/A,N/A,56.40074563,N/A,N/A,N/A,N/A,N/A,N/A,0.00860109,0.02278455,0.03138564,0.058682798,18.5623479,109.1904554,N/A,N/A,N/A,N/A,N/A,N/A
1992,11,1993,16.233,N/A,0.788490354,N/A,N/A,N/A,N/A,N/A,N/A,0.021103226,0.014947455,0.03605068,0.045461453,13.94239166,53.56214442,N/A,N/A,N/A,N/A,N/A,N/A
1992,12,1993,11.79806452,N/A,1.241151649,4.443333333,N/A,0.020166667,0.012366667,N/A,0.324,0.004464453,0.011824695,0.016289148,0.030561864,8.269122031,59.15766082,4.810520918,N/A,0.021777712,0.013313545,N/A,0.350810701
1993,1,1993,13.2483871,N/A,1.674519741,3.555,N/A,0.0149,0.012975,N/A,0.25625,0.011537442,0.023243788,0.03478123,0.051920057,10.88867256,172.387918,3.527471042,N/A,0.015090762,0.013029891,N/A,0.255106265
1993,2,1993,10.76518519,N/A,1.884958562,3.77,N/A,0.021975,0.014975,N/A,0.259,0.003822248,0.011479989,0.015302237,0.02839817,8.574346641,67.72402573,3.740408545,N/A,0.02174984,0.014841277,N/A,0.257300208
1993,3,1993,13.76366667,N/A,2.499317075,4.002,N/A,0.00508,0.02158,N/A,0.268,0.014065566,0.024846818,0.038912384,0.050835556,11.95032502,127.6711018,3.996742228,N/A,0.005182806,0.021847923,N/A,0.26869246
1993,4,1993,16.08692308,N/A,2.831318089,5.1075,N/A,0.007475,0.0362,N/A,0.2865,0.001409058,0.007205058,0.008614117,0.021682222,15.43595336,66.0911021,5.199510597,N/A,0.007371372,0.037316073,N/A,0.290585378
1993,5,1993,22.41533333,N/A,3.352073642,7.206666667,N/A,0.086033333,0.099533333,N/A,0.339666667,0.008406131,0.010139171,0.018545302,0.02019634,21.64942713,51.45422111,7.2926472,N/A,0.087219684,0.10069202,N/A,0.341610091
1993,6,1993,26.58896552,N/A,3.656566379,5.564,N/A,0.244366667,0.03586,N/A,0.3072,0.011090025,0.036481056,0.047571081,0.07602093,25.81348863,68.21805087,5.611690761,N/A,0.232167168,0.036039775,N/A,0.309078772
1993,7,1993,29.67935484,N/A,4.204830209,7.585,N/A,0.000075,0.10045,N/A,0.38,0.013042536,0.024571052,0.037613587,0.054814105,29.03848901,81.42753547,7.627713524,N/A,7.56649E-05,0.102918059,N/A,0.382279052
1993,8,1993,27.34214286,N/A,4.6381983,8.5975,N/A,0.118325,0.028025,N/A,0.522,0.012724062,0.018187409,0.03091147,0.038836526,26.85761605,110.9743522,8.532495154,N/A,0.118158475,0.027444425,N/A,0.518822471
1993,9,1993,25.378,N/A,4.901203145,6.584,N/A,0.25618,0.07078,N/A,0.4214,0.004425761,0.036560154,0.040985915,0.063266766,24.79988454,116.6155822,6.614329884,N/A,0.254939561,0.06948706,N/A,0.419914145
1993,10,1994,19.56709677,N/A,5.490954867,9.185,N/A,0.34295,0.0053,N/A,0.4945,0.016843679,0.011348291,0.02819197,0.025114888,17.93867257,175.6716912,9.209746491,N/A,0.349000797,0.005364221,N/A,0.495352252
1993,11,1994,15.45034483,N/A,5.726451435,12.205,N/A,0.09395,0.01265,N/A,0.5915,0.001200783,0.003393671,0.004594454,0.008148678,15.90391265,78.23519412,12.13736794,N/A,0.092566351,0.012326044,N/A,0.589135152
1993,12,1994,9.165806452,N/A,6.343711433,10.188,N/A,0.01392,0.01072,N/A,0.6166,0.009990729,0.017562424,0.027553153,0.037252748,11.57214626,179.2794173,10.18681,N/A,0.014037149,0.010860243,N/A,0.617488971
1994,1,1994,8.307741935,N/A,6.777079524,3.6675,N/A,0.09595,0.104925,N/A,0.44175,0.007763701,0.009078335,0.016842036,0.029832463,7.06594412,119.2107148,3.649548668,N/A,0.09395751,0.102626033,N/A,0.440617534
1994,2,1994,12.06962963,N/A,6.493722238,2.7275,N/A,0.000725,0.01765,N/A,0.3465,0.007476457,0.012539131,0.020015588,0.029054618,10.71901614,45.11233726,2.734400384,N/A,0.000724733,0.017488805,N/A,0.345377077
1994,3,1994,15.92290323,N/A,7.601876859,1.902,N/A,N/A,0.0716,N/A,0.3018,0.013014031,0.017636684,0.030650715,0.049320817,15.06066317,122.1734407,1.908590865,N/A,N/A,0.071944991,N/A,0.302796353
1994,4,1994,19.30733333,N/A,7.76927917,3.066666667,N/A,N/A,0.0715,N/A,0.40325,0.008486194,0.018186568,0.026672762,0.034511075,18.98556485,22.05480467,3.075982632,N/A,N/A,0.071207026,N/A,0.404590585
1994,5,1994,20.92645161,N/A,8.454633426,3.4525,N/A,N/A,0.02375,N/A,0.30575,0.002652462,0.002960259,0.005612721,0.004927507,20.53022159,45.88084317,3.444298711,N/A,N/A,0.023591265,N/A,0.305155159
1994,6,1994,26.19466667,N/A,8.594527461,3.406,N/A,N/A,0.013,N/A,0.3266,0.034735274,0.040586341,0.075321615,0.095254334,25.92079538,188.5512338,3.400718889,N/A,N/A,0.01297875,N/A,0.325723698
1994,7,1994,27.93129032,N/A,9.307389993,2.895,N/A,N/A,0.00825,N/A,0.29475,0.01206649,0.037364484,0.049430974,0.075395,26.89085549,180.3918806,2.896937568,N/A,N/A,0.008299566,N/A,0.294804447
1994,8,1994,26.71935484,N/A,9.740758084,2.78,N/A,N/A,0.0224,N/A,0.2646,0.010023046,0.019424231,0.029447277,0.046721167,25.58502559,146.6175384,2.781489703,N/A,N/A,0.022254761,N/A,0.264875839
1994,9,1994,24.123,N/A,9.839164226,2.1125,N/A,N/A,0.00825,N/A,0.22725,0.004125285,0.024746686,0.028871971,0.07639534,22.98769159,149.4683068,2.116925719,N/A,N/A,0.008290734,N/A,0.22767401
1994,10,1995,19.12806452,N/A,10.59351465,3.585,N/A,N/A,0.0095,N/A,0.23975,0.008457526,0.017362697,0.025820224,0.054403972,20.13714587,164.9074037,3.594089014,N/A,N/A,0.009509897,N/A,0.239826209
1994,11,1995,16.99666667,N/A,10.66441252,2.282,N/A,N/A,0.0056,N/A,0.2424,0.004684127,0.008547305,0.013231432,0.020958831,11.64877094,60.25525992,2.287106035,N/A,N/A,0.005560928,N/A,0.242468503
1994,12,1995,12.75870968,N/A,11.44627122,1.765,N/A,N/A,0.00125,N/A,0.18125,0.008534895,0.015575753,0.024110648,0.027357681,7.800084102,47.71032467,1.764926721,N/A,N/A,0.001257633,N/A,0.181592276
1995,1,1995,9.81,N/A,11.87963931,N/A,N/A,N/A,N/A,N/A,N/A,0.009798581,0.017211343,0.027009924,0.044005059,8.912485531,125.7993505,N/A,N/A,N/A,N/A,N/A,N/A
1995,2,1995,10.2225,N/A,11.10248591,N/A,N/A,N/A,N/A,N/A,N/A,0.01028104,0.020558259,0.030839298,0.046798323,8.767935028,97.69123345,N/A,N/A,N/A,N/A,N/A,N/A
1995,3,1995,15.18096774,N/A,12.70443664,N/A,N/A,N/A,N/A,N/A,N/A,0.007034786,0.010967,0.018001786,0.021792671,14.59046696,48.19480562,N/A,N/A,N/A,N/A,N/A,N/A
1995,4,1995,14.45333333,N/A,12.70724025,N/A,N/A,N/A,N/A,N/A,N/A,0.011644247,0.008704525,0.020348772,0.020114365,18.91698799,29.36149372,N/A,N/A,N/A,N/A,N/A,N/A
1995,5,1995,23.68633333,N/A,13.55719321,N/A,N/A,N/A,N/A,N/A,N/A,0.015638532,0.012579372,0.028217904,0.023466153,23.03022735,68.03194824,N/A,N/A,N/A,N/A,N/A,N/A
1995,6,1995,25.65866667,N/A,13.53248854,N/A,N/A,N/A,N/A,N/A,N/A,0.043800211,0.055582401,0.099382612,0.140771055,24.88002567,188.6992804,N/A,N/A,N/A,N/A,N/A,N/A
1995,7,1995,28.61774194,N/A,14.40994978,N/A,N/A,N/A,N/A,N/A,N/A,0.022441189,0.043193689,0.065634878,0.095520717,27.61227764,141.523895,N/A,N/A,N/A,N/A,N/A,N/A
1995,8,1995,28.00225806,N/A,14.84331787,N/A,N/A,N/A,N/A,N/A,N/A,0.002340161,0.002904885,0.005245046,0.043528313,27.07870062,273.6705227,N/A,N/A,N/A,N/A,N/A,N/A
1995,9,1995,24.259,N/A,14.77712531,N/A,N/A,N/A,N/A,N/A,N/A,0.008444955,0.013388267,0.021833223,0.022389361,23.21106708,118.2456487,N/A,N/A,N/A,N/A,N/A,N/A
1995,10,1996,21.62935484,N/A,15.69607443,N/A,N/A,N/A,N/A,N/A,N/A,0.00230699,0.006615934,0.008922924,0.02159712,18.17485581,105.6264273,N/A,N/A,N/A,N/A,N/A,N/A
1995,11,1996,12.547,N/A,15.6023736,N/A,N/A,N/A,N/A,N/A,N/A,0.00713069,0.011684915,0.018815604,0.02589911,11.6967202,34.71370065,N/A,N/A,N/A,N/A,N/A,N/A
1995,12,1996,8.58862069,N/A,16.548831,N/A,N/A,N/A,N/A,N/A,N/A,0.008535881,0.016599421,0.025135302,0.038439582,10.67106688,63.7702602,N/A,N/A,N/A,N/A,N/A,N/A
1996,1,1996,9.2,N/A,20.6856699,N/A,N/A,N/A,N/A,N/A,N/A,0.005516314,0.01003052,0.015546834,0.021091344,8.011168777,61.0498057,N/A,N/A,N/A,N/A,N/A,N/A
1996,2,1996,10.84357143,N/A,26.2681165,N/A,N/A,N/A,N/A,N/A,N/A,0.006149737,0.014648808,0.020798545,0.016333367,9.916429105,46.02870126,N/A,N/A,N/A,N/A,N/A,N/A
1996,3,1996,14.48,N/A,64.57351456,N/A,N/A,N/A,N/A,N/A,N/A,0.01948826,0.024338641,0.0438269,0.04729406,11.09665015,136.1902608,N/A,N/A,N/A,N/A,N/A,N/A
1996,4,1996,17.608,N/A,16.72217476,N/A,N/A,N/A,N/A,N/A,N/A,0.014403988,0.015875237,0.030279225,0.042861993,17.00360283,65.66344095,N/A,N/A,N/A,N/A,N/A,N/A
1996,5,1996,16.83,N/A,7.121708738,N/A,N/A,N/A,N/A,N/A,N/A,0.006376174,0.010658653,0.017034827,0.021918658,22.85237556,65.83097101,N/A,N/A,N/A,N/A,N/A,N/A
1996,6,1996,N/A,N/A,2.982058252,N/A,N/A,N/A,N/A,N/A,N/A,0.021868464,0.040631829,0.062500293,0.073886291,25.29860291,80.43519716,N/A,N/A,N/A,N/A,N/A,N/A
1996,7,1996,N/A,N/A,29.68776699,N/A,N/A,N/A,N/A,N/A,N/A,0.010630503,0.027188301,0.037818804,0.05749477,27.41605142,166.6668867,N/A,N/A,N/A,N/A,N/A,N/A
1996,8,1996,N/A,N/A,91.04248544,N/A,N/A,N/A,N/A,N/A,N/A,0.013330517,0.033092711,0.046423229,0.056188567,25.74002515,143.3398053,N/A,N/A,N/A,N/A,N/A,N/A
1996,9,1996,N/A,N/A,115.8828583,N/A,N/A,N/A,N/A,N/A,N/A,0.003954001,0.005143856,0.009097857,0.021042896,23.69748933,193.6629189,N/A,N/A,N/A,N/A,N/A,N/A
1996,10,1997,N/A,N/A,1.147421359,N/A,N/A,N/A,N/A,N/A,N/A,0.001461494,0.002267725,0.003729219,0.002718461,18.61391236,102.2179217,N/A,N/A,N/A,N/A,N/A,N/A
1996,11,1997,N/A,N/A,12.17243883,N/A,N/A,N/A,N/A,N/A,N/A,0.001775038,0.00440247,0.006177508,0.009752625,12.12300104,102.5822728,N/A,N/A,N/A,N/A,N/A,N/A
1996,12,1997,11.48636364,N/A,20.91005825,N/A,N/A,N/A,N/A,N/A,N/A,0.004463234,0.007968915,0.012432149,0.018423317,9.306589758,129.97493,N/A,N/A,N/A,N/A,N/A,N/A
1997,1,1997,10.18709677,N/A,78.87145631,N/A,N/A,N/A,N/A,N/A,N/A,0.00645654,0.012444579,0.018901119,0.035839622,9.152710562,80.84617109,N/A,N/A,N/A,N/A,N/A,N/A
1997,2,1997,12.5,N/A,98.83992233,N/A,N/A,N/A,N/A,N/A,N/A,0.009270627,0.013145727,0.022416354,0.038422547,11.49293086,87.93246599,N/A,N/A,N/A,N/A,N/A,N/A
1997,3,1997,17.68387097,N/A,29.46407767,N/A,N/A,N/A,N/A,N/A,N/A,0.006003587,0.00880424,0.014807827,0.025036729,16.92198787,63.48305222,N/A,N/A,N/A,N/A,N/A,N/A
1997,4,1997,17.52,N/A,64.4518835,N/A,N/A,N/A,N/A,N/A,N/A,0.01946033,0.018887156,0.038347485,0.034172282,16.23258733,117.3869453,N/A,N/A,N/A,N/A,N/A,N/A
1997,5,1997,20.53870968,N/A,17.19192233,N/A,N/A,N/A,N/A,N/A,N/A,0.008511236,0.011505611,0.020016847,0.022990554,19.92998185,54.33850692,N/A,N/A,N/A,N/A,N/A,N/A
1997,6,1997,24.29,N/A,33.38143689,N/A,N/A,N/A,N/A,N/A,N/A,0.009350589,0.025423414,0.034774003,0.047945255,23.33727802,195.3999297,N/A,N/A,N/A,N/A,N/A,N/A
1997,7,1997,27.82580645,N/A,54.92781137,N/A,N/A,N/A,N/A,N/A,N/A,0.01483009,0.033742206,0.048572297,0.057087481,27.05947009,175.6266865,N/A,N/A,N/A,N/A,N/A,N/A
1997,8,1997,25.49166667,N/A,0.79809154,N/A,N/A,N/A,N/A,N/A,N/A,0.012263592,0.023200662,0.035464255,0.048286131,25.69355841,84.11707791,N/A,N/A,N/A,N/A,N/A,N/A
1997,9,1997,23.38888889,N/A,50.38881553,N/A,N/A,N/A,N/A,N/A,N/A,0.019223363,0.034939842,0.054163204,0.086293403,23.97248895,196.3048099,N/A,N/A,N/A,N/A,N/A,N/A
1997,10,1998,19.20967742,N/A,51.97001942,N/A,N/A,N/A,N/A,N/A,N/A,0.008127902,0.011368668,0.01949657,0.026783641,19.73763151,38.4117527,N/A,N/A,N/A,N/A,N/A,N/A
1997,11,1998,12.92666667,N/A,90.88776699,N/A,N/A,N/A,N/A,N/A,N/A,0.002053601,0.007480227,0.009533827,0.022636796,15.77119043,21.30266147,N/A,N/A,N/A,N/A,N/A,N/A
1997,12,1998,10.27,N/A,136.5413592,N/A,N/A,N/A,N/A,N/A,N/A,0.012653969,0.02378518,0.036439149,0.074285621,12.69401652,105.9043515,N/A,N/A,N/A,N/A,N/A,N/A
1998,1,1998,11.97419355,N/A,232.1098252,N/A,N/A,N/A,N/A,N/A,N/A,0.005396114,0.024072,0.029468115,0.067557244,10.55239167,173.1308466,N/A,N/A,N/A,N/A,N/A,N/A
1998,2,1998,12.00714286,N/A,326.7387961,N/A,N/A,N/A,N/A,N/A,N/A,0.005723774,0.020775857,0.026499631,0.037789374,10.77269177,209.7118891,N/A,N/A,N/A,N/A,N/A,N/A
1998,3,1998,13.6,N/A,203.0525825,N/A,N/A,N/A,N/A,N/A,N/A,0.009108443,0.014174182,0.023282625,0.03923381,12.69693404,125.5856515,N/A,N/A,N/A,N/A,N/A,N/A
1998,4,1998,18.11,N/A,73.36450485,N/A,N/A,N/A,N/A,N/A,N/A,0.052155591,0.028195945,0.080351537,0.062297336,17.75855894,109.959222,N/A,N/A,N/A,N/A,N/A,N/A
1998,5,1998,23.82580645,N/A,77.45382524,N/A,N/A,N/A,N/A,N/A,N/A,0.023915317,0.022013475,0.045928792,0.044469456,23.40783359,95.14207701,N/A,N/A,N/A,N/A,N/A,N/A
1998,6,1998,28.06666667,N/A,N/A,N/A,N/A,N/A,N/A,N/A,N/A,0.013625083,0.02209029,0.035715373,0.059255754,27.5463063,73.41461112,N/A,N/A,N/A,N/A,N/A,N/A
1998,7,1998,29.01612903,N/A,N/A,N/A,N/A,N/A,N/A,N/A,N/A,0.009199478,0.010795728,0.019995206,0.028902696,28.36237579,158.7845405,N/A,N/A,N/A,N/A,N/A,N/A
1998,8,1998,27.46774194,N/A,13.40458252,N/A,N/A,N/A,N/A,N/A,N/A,0.01178785,0.026490462,0.038278312,0.05902259,26.94012335,109.7162348,N/A,N/A,N/A,N/A,N/A,N/A
1998,9,1998,25.56,N/A,3.565048544,N/A,N/A,N/A,N/A,N/A,N/A,0.011819794,0.010498699,0.022318493,0.03589937,24.9597424,148.0496736,N/A,N/A,N/A,N/A,N/A,N/A
1998,10,1999,20.36774194,N/A,0.012582524,N/A,N/A,N/A,N/A,N/A,N/A,N/A,N/A,N/A,N/A,18.39499711,131.2164912,N/A,N/A,N/A,N/A,N/A,N/A
1998,11,1999,16.50333333,N/A,N/A,N/A,N/A,N/A,N/A,N/A,N/A,0.00429115,0.003004062,0.007295211,0.010476086,15.29606688,36.87785738,N/A,N/A,N/A,N/A,N/A,N/A
1998,12,1999,13.13548387,N/A,1.446328053,N/A,N/A,N/A,N/A,N/A,N/A,0.003243986,0.011577106,0.014821092,0.02252692,9.638004972,62.27324585,N/A,N/A,N/A,N/A,N/A,N/A
1999,1,1999,11.74193548,N/A,71.75040981,N/A,N/A,N/A,N/A,N/A,N/A,0.007259376,0.021709387,0.028968763,0.051885718,11.19725014,137.4819476,N/A,N/A,N/A,N/A,N/A,N/A
1999,2,1999,11.83928571,N/A,64.75805825,N/A,N/A,N/A,N/A,N/A,N/A,0.015344214,0.014081019,0.029425233,0.017278739,10.89911424,54.19415528,N/A,N/A,N/A,N/A,N/A,N/A
1999,3,1999,12.13548387,N/A,182.3866499,N/A,N/A,N/A,N/A,N/A,N/A,0.019347212,0.022515045,0.041862257,0.054072626,11.79684591,72.08532497,N/A,N/A,N/A,N/A,N/A,N/A
1999,4,1999,20.03,N/A,229.116418,N/A,N/A,N/A,N/A,N/A,N/A,N/A,N/A,N/A,N/A,19.33251822,100.2474032,N/A,N/A,N/A,N/A,N/A,N/A
1999,5,1999,21.47741935,N/A,222.9455534,N/A,N/A,N/A,N/A,N/A,N/A,0.015166369,0.020713824,0.035880193,0.039331666,20.94207556,72.94713989,N/A,N/A,N/A,N/A,N/A,N/A
1999,6,1999,24.86,N/A,2.117355042,N/A,N/A,N/A,N/A,N/A,N/A,0.020799217,0.031092567,0.051891784,0.067144645,24.32846048,115.314935,N/A,N/A,N/A,N/A,N/A,N/A
1999,7,1999,28.49354839,N/A,1.577880817,N/A,N/A,N/A,N/A,N/A,N/A,0.000500986,0.035418195,0.035919181,0.02709569,27.8499276,121.6243523,N/A,N/A,N/A,N/A,N/A,N/A
1999,8,1999,28.79677419,N/A,4.152317938,N/A,N/A,N/A,N/A,N/A,N/A,0.016172565,0.040934795,0.05710736,0.07046102,28.34956803,118.3527279,N/A,N/A,N/A,N/A,N/A,N/A
1999,9,1999,23.63333333,N/A,6.46957924,N/A,N/A,N/A,N/A,N/A,N/A,0.00238644,0.008331556,0.010717996,0.028323671,22.9476914,272.46579,N/A,N/A,N/A,N/A,N/A,N/A
1999,10,2000,19.23870968,N/A,9.218145823,N/A,N/A,N/A,N/A,N/A,N/A,0.002801795,0.007641914,0.010443709,0.015315035,17.60538886,0.356883116,N/A,N/A,N/A,N/A,N/A,N/A
1999,11,2000,15.78,N/A,11.37199332,N/A,N/A,N/A,N/A,N/A,N/A,N/A,N/A,N/A,N/A,12.34620123,74.31396128,N/A,N/A,N/A,N/A,N/A,N/A
1999,12,2000,10.24516129,N/A,14.28397371,N/A,N/A,N/A,N/A,N/A,N/A,0.006362524,0.005975909,0.012338433,0.011053321,5.436785816,44.74038949,N/A,N/A,N/A,N/A,N/A,N/A
2000,1,2000,8.783333333,N/A,16.85841083,N/A,N/A,N/A,N/A,N/A,N/A,0.01996512,0.043275487,0.063240607,0.093247354,7.791948176,128.2970105,N/A,N/A,N/A,N/A,N/A,N/A
2000,2,2000,11.55172414,N/A,18.1014273,N/A,N/A,N/A,N/A,N/A,N/A,0.006154396,0.006159399,0.012313794,0.013446435,10.90006515,28.57253238,N/A,N/A,N/A,N/A,N/A,N/A
2000,3,2000,16.12903226,N/A,21.84119236,N/A,N/A,N/A,N/A,N/A,N/A,0.011814452,0.016622208,0.02843666,0.043105876,15.12538926,97.00110314,N/A,N/A,N/A,N/A,N/A,N/A
2000,4,2000,17.42333333,N/A,23.58784481,N/A,N/A,N/A,N/A,N/A,N/A,0.009969795,0.012390154,0.022359949,0.019409259,16.6242529,52.37013049,N/A,N/A,N/A,N/A,N/A,N/A
2000,5,2000,23.92903226,N/A,26.90702024,N/A,N/A,N/A,N/A,N/A,N/A,0.001843337,0.003946869,0.005790206,0.003931817,23.61957836,33.37272716,N/A,N/A,N/A,N/A,N/A,N/A
2000,6,2000,24.56666667,N/A,28.49025889,N/A,N/A,N/A,N/A,N/A,N/A,0.015366282,0.029266378,0.04463266,0.049378995,25.94957829,100.4505199,N/A,N/A,N/A,N/A,N/A,N/A
2000,7,2000,N/A,N/A,31.97284813,N/A,N/A,N/A,N/A,N/A,N/A,0.034793728,0.063818404,0.098612132,0.135861896,27.02555178,163.7233763,N/A,N/A,N/A,N/A,N/A,N/A
2000,8,2000,N/A,N/A,34.54728525,N/A,N/A,N/A,N/A,N/A,N/A,0.007930427,0.024040521,0.031970948,0.037049831,26.50350621,120.9143498,N/A,N/A,N/A,N/A,N/A,N/A
2000,9,2000,N/A,N/A,35.88406373,N/A,N/A,N/A,N/A,N/A,N/A,0.009200728,0.023234663,0.032435392,0.048866686,23.52022681,244.3923349,N/A,N/A,N/A,N/A,N/A,N/A
2000,10,2001,N/A,N/A,39.61311313,N/A,N/A,N/A,N/A,N/A,N/A,N/A,N/A,N/A,N/A,17.68022725,14.47538994,N/A,N/A,N/A,N/A,N/A,N/A
2000,11,2001,N/A,N/A,40.78647782,N/A,N/A,N/A,N/A,N/A,N/A,0.005624804,0.011758797,0.017383601,0.027255474,16.51538984,14.31655842,N/A,N/A,N/A,N/A,N/A,N/A
2000,12,2001,N/A,N/A,44.67894102,N/A,N/A,N/A,N/A,N/A,N/A,0.006176681,0.01150084,0.017677521,0.025050228,13.20350662,31.78233809,N/A,N/A,N/A,N/A,N/A,N/A
2001,1,2001,N/A,N/A,47.25337814,N/A,N/A,N/A,N/A,N/A,N/A,0.003714161,0.007044684,0.010758845,0.018525787,7.515551945,36.92454588,N/A,N/A,N/A,N/A,N/A,N/A
2001,2,2001,N/A,N/A,44.8932542,N/A,N/A,N/A,N/A,N/A,N/A,0.011095958,0.013345409,0.024441366,0.031744285,11.71850637,58.13013,N/A,N/A,N/A,N/A,N/A,N/A
2001,3,2001,N/A,N/A,52.15311331,N/A,N/A,N/A,N/A,N/A,N/A,0.01755242,0.024272489,0.041824909,0.059463483,12.52006504,164.3156457,N/A,N/A,N/A,N/A,N/A,N/A
2001,4,2001,N/A,N/A,52.92196185,N/A,N/A,N/A,N/A,N/A,N/A,0.006005544,0.007518197,0.013523741,0.011765373,17.80490251,17.93363704,N/A,N/A,N/A,N/A,N/A,N/A
2001,5,2001,N/A,N/A,57.21894119,N/A,N/A,N/A,N/A,N/A,N/A,0.026068346,0.023497768,0.049566114,0.051485438,22.11801953,63.84915676,N/A,N/A,N/A,N/A,N/A,N/A
2001,6,2001,N/A,N/A,57.82437594,N/A,N/A,N/A,N/A,N/A,N/A,0.027258615,0.04846784,0.075726455,0.110894429,25.81957728,118.4259085,N/A,N/A,N/A,N/A,N/A,N/A
2001,7,2001,N/A,N/A,62.28476908,N/A,N/A,N/A,N/A,N/A,N/A,0.017582656,0.025426509,0.043009165,0.053829617,26.37178585,163.4181161,N/A,N/A,N/A,N/A,N/A,N/A
2001,8,2001,N/A,N/A,64.8592062,N/A,N/A,N/A,N/A,N/A,N/A,0.002940646,0.006719756,0.009660402,0.016853754,27.08974005,95.99357015,N/A,N/A,N/A,N/A,N/A,N/A
2001,9,2001,N/A,N/A,65.21818078,N/A,N/A,N/A,N/A,N/A,N/A,0.008101533,0.023457873,0.031559406,0.047816068,22.82006487,88.18175507,N/A,N/A,N/A,N/A,N/A,N/A
2001,10,2002,N/A,N/A,69.92503408,N/A,N/A,N/A,N/A,N/A,N/A,0.00110644,0.00135646,0.0024629,0.003657234,20.90038894,127.7150627,N/A,N/A,N/A,N/A,N/A,N/A
2001,11,2002,N/A,N/A,90.28026589,N/A,N/A,N/A,N/A,N/A,N/A,0.00128837,0.002018027,0.003306397,0.00539618,12.67931811,104.3233775,N/A,N/A,N/A,N/A,N/A,N/A
2001,12,2002,N/A,N/A,96.55073479,N/A,N/A,N/A,N/A,N/A,N/A,0.001572881,0.002979163,0.004552043,0.006332433,8.197435051,104.2931176,N/A,N/A,N/A,N/A,N/A,N/A
2002,1,2002,N/A,N/A,99.86532258,N/A,N/A,N/A,N/A,N/A,N/A,0.007636715,0.014139846,0.021776562,0.028611785,9.923506322,64.57006484,N/A,N/A,N/A,N/A,N/A,N/A
2002,2,2002,N/A,N/A,93.04989544,N/A,N/A,N/A,N/A,N/A,N/A,0.001971317,0.007770675,0.009741992,0.022581268,10.27694831,49.85616738,N/A,N/A,N/A,N/A,N/A,N/A
2002,3,2002,N/A,N/A,106.1737316,N/A,N/A,N/A,N/A,N/A,N/A,0.01215049,0.016855583,0.029006073,0.039271842,14.66243517,90.25590689,N/A,N/A,N/A,N/A,N/A,N/A
2002,4,2002,N/A,N/A,105.9047016,N/A,N/A,N/A,N/A,N/A,N/A,0.002915099,0.004365451,0.00728055,0.008284198,20.41646124,42.38584392,N/A,N/A,N/A,N/A,N/A,N/A
2002,5,2002,N/A,N/A,112.695985,N/A,N/A,N/A,N/A,N/A,N/A,0.02097207,0.017880139,0.038852209,0.034475782,21.24006494,76.02168977,N/A,N/A,N/A,N/A,N/A,N/A
2002,6,2002,N/A,N/A,112.2165597,N/A,N/A,N/A,N/A,N/A,N/A,0.005585452,0.013651817,0.019237269,0.025560004,25.64301986,115.6927278,N/A,N/A,N/A,N/A,N/A,N/A
2002,7,2002,N/A,N/A,119.2182384,N/A,N/A,N/A,N/A,N/A,N/A,0.012566723,0.02493887,0.037505593,0.046029207,28.00457859,120.8888317,N/A,N/A,N/A,N/A,N/A,N/A
2002,8,2002,N/A,N/A,122.5328262,N/A,N/A,N/A,N/A,N/A,N/A,0.018386113,0.037648442,0.056034556,0.060120894,26.67457867,235.8950028,N/A,N/A,N/A,N/A,N/A,N/A
2002,9,2002,N/A,N/A,121.7360835,N/A,N/A,N/A,N/A,N/A,N/A,0.006204401,0.010994524,0.017198925,0.023000366,25.56866853,144.7068153,N/A,N/A,N/A,N/A,N/A,N/A
2002,10,2003,N/A,N/A,129.0550796,N/A,N/A,N/A,N/A,N/A,N/A,0.044890283,0.030715441,0.075605724,0.0960589,18.52571356,115.4190925,N/A,N/A,N/A,N/A,N/A,N/A
2002,11,2003,N/A,N/A,128.0479416,N/A,N/A,N/A,N/A,N/A,N/A,0.052470765,0.027477952,0.079948717,0.082936706,16.00990246,19.79077884,N/A,N/A,N/A,N/A,N/A,N/A
2002,12,2003,N/A,N/A,135.577333,N/A,N/A,N/A,N/A,N/A,N/A,0.015378457,0.008948232,0.024326689,0.024108389,7.540551861,64.50311852,N/A,N/A,N/A,N/A,N/A,N/A
2003,1,2003,5.828709677,N/A,20.533743,N/A,N/A,N/A,N/A,N/A,N/A,0.006455826,0.009850553,0.016306379,0.01559874,6.473019457,27.62077995,N/A,N/A,N/A,N/A,N/A,N/A
2003,2,2003,7.7985,N/A,12.780018,N/A,N/A,N/A,N/A,N/A,N/A,0.012049462,0.016682418,0.02873188,0.031656714,9.256947852,79.1114934,N/A,N/A,N/A,N/A,N/A,N/A
2003,3,2003,N/A,N/A,147.649338,N/A,N/A,0.1,0.2,0.1,N/A,0.044599413,0.035695823,0.080295236,0.082749044,15.16834384,180.6372756,N/A,N/A,0.107699963,0.215399925,0.112445913,N/A
2003,4,2003,17.4325,N/A,18.99045,2.515,N/A,0.250726496,0.216217949,0.1,N/A,0.013687707,0.019695006,0.033382712,0.037939356,17.08211093,113.492726,3.329996409,N/A,0.216458985,0.185052496,0.084468406,N/A
2003,5,2003,22.45129032,N/A,17.720424,3.43,N/A,0.155,0.6675,0.1,N/A,0.021715505,0.019018917,0.040734422,0.042058487,22.20210992,119.6626626,10.72470736,N/A,0.472381672,1.826693676,0.315558454,N/A
2003,6,2003,25.64433333,N/A,13.16384426,2.974,N/A,0.280380952,0.277142857,0.1,N/A,0.017011756,0.030344876,0.047356632,0.054048175,25.2514611,168.1865572,2.663317748,N/A,0.253498347,0.244865374,0.089164352,N/A
2003,7,2003,27.53548387,N/A,208.1475417,2.071502976,N/A,0.127406994,0.208169643,0.1,N/A,0.014911178,0.0405893,0.055500478,0.08732677,26.80974008,216.5734407,5.290049687,N/A,0.346417031,0.564315939,0.275028319,N/A
2003,8,2003,27.90741935,N/A,53.754624,2.88,N/A,0.1,0.2,0.1,N/A,0.019534421,0.040482063,0.060016485,0.09249331,26.97081158,105.1579189,6.776521474,N/A,0.235295884,0.470591769,0.235295884,N/A
2003,9,2003,23.325,N/A,82.709964,N/A,N/A,N/A,N/A,N/A,N/A,0.006478771,0.014827838,0.021306609,0.025955738,23.17834499,100.3811694,N/A,N/A,N/A,N/A,N/A,N/A
2003,10,2004,18.45548387,N/A,1.58787,N/A,N/A,N/A,N/A,N/A,N/A,0.008918578,0.009168728,0.018087307,0.02509269,19.88801945,40.79389448,N/A,N/A,N/A,N/A,N/A,N/A
2003,11,2004,15.721,N/A,0.296082,N/A,N/A,N/A,N/A,N/A,N/A,0.002131536,0.003455045,0.005586581,0.007777062,14.88178551,34.60331042,N/A,N/A,N/A,N/A,N/A,N/A
2003,12,2004,6.670645161,N/A,0.847314,N/A,N/A,N/A,N/A,N/A,N/A,0.005423726,0.009606537,0.015030263,0.020580408,8.948668845,40.22733686,N/A,N/A,N/A,N/A,N/A,N/A
2004,1,2004,6.383548387,N/A,1.202472,N/A,N/A,N/A,N/A,N/A,N/A,0.018671486,0.019788618,0.038460104,0.030804486,7.095551884,37.91116811,N/A,N/A,N/A,N/A,N/A,N/A
2004,2,2004,8.084482759,N/A,35.380152,N/A,N/A,N/A,N/A,N/A,N/A,0.014969515,0.020186236,0.035155751,0.049293977,8.073993528,117.5022096,N/A,N/A,N/A,N/A,N/A,N/A
2004,3,2004,14.28258065,N/A,8.531568,3.45,15.5,0.1,0.2,0.1,N/A,0.005048996,0.006626227,0.011675223,0.008672386,14.58646075,20.16357107,0.670163679,3.010880298,0.019425034,0.038850068,0.019425034,N/A
2004,4,2004,17.23366667,N/A,4.058964,3.71,19.6,0.1,0.2,0.1,N/A,0.00866317,0.0131945,0.02185767,0.026785854,17.57301945,58.83402621,6.503333954,34.35723598,0.17529202,0.350584041,0.17529202,N/A
2004,5,2004,23.87322581,N/A,3.522096,3.26,21.24,0.1,0.2,0.1,N/A,0.022499588,0.023860843,0.046360431,0.056233363,23.73785686,67.13922099,17.8669962,118.1911787,0.560836502,1.121673004,0.560836502,N/A
2004,6,2004,27.19766667,N/A,N/A,N/A,N/A,N/A,N/A,N/A,N/A,0.012532263,0.025095761,0.037628024,0.059345032,26.43457777,97.32649072,N/A,N/A,N/A,N/A,N/A,N/A
2004,7,2004,28.03419355,N/A,0.000756,N/A,N/A,N/A,N/A,N/A,N/A,0.021468995,0.028154352,0.049623347,0.067008692,27.17990251,119.3765608,N/A,N/A,N/A,N/A,N/A,N/A
2004,8,2004,26.15935484,N/A,17.148618,4.6515,26.43733333,0.115666667,0.2,0.1,N/A,0.007016632,0.016538612,0.023555244,0.036907869,25.58941536,287.0764348,48.03490698,286.0187145,1.246146369,2.066666667,1.033333333,N/A
2004,9,2004,24.52733333,N/A,3.041712,4.304444444,26.20888889,0.315555556,0.2,0.1,N/A,0.007372323,0.019252666,0.026624989,0.059975255,24.09801925,130.8627871,11.866427,69.87672058,1.05709653,0.591511622,0.295755811,N/A
2004,10,2005,19.99096774,N/A,N/A,N/A,N/A,N/A,N/A,N/A,N/A,0.002629012,0.003215927,0.005844939,0.008438006,19.6181813,150.7829843,N/A,N/A,N/A,N/A,N/A,N/A
2004,11,2005,14.28866667,N/A,N/A,N/A,N/A,N/A,N/A,N/A,N/A,0.003114469,0.006536899,0.009651368,0.011331533,14.85162344,109.8379231,N/A,N/A,N/A,N/A,N/A,N/A
2004,12,2005,8.536774194,N/A,N/A,N/A,N/A,N/A,N/A,N/A,N/A,0.001929775,0.004862446,0.006792221,0.014865813,8.851785777,79.04071634,N/A,N/A,N/A,N/A,N/A,N/A
2005,1,2005,9.148709677,N/A,N/A,N/A,N/A,N/A,N/A,N/A,N/A,0.002062336,0.003787975,0.005850311,0.008148518,9.68162336,43.03084396,N/A,N/A,N/A,N/A,N/A,N/A
2005,2,2005,9.507142857,N/A,1.518966,4.455,39.81,0.1,0.2,0.1,N/A,0.012078176,0.015151334,0.02722951,0.035650935,10.01818188,81.31038899,46.38146397,210.3483451,0.988943795,1.977887589,0.988943795,N/A
2005,3,2005,12.17387097,N/A,21.770964,4.200227273,19.19454545,0.100909091,0.208181818,0.1,N/A,0.007251176,0.010459242,0.017710419,0.023982801,12.13038937,110.0731192,9.333276346,53.14967673,0.259953971,0.525458243,0.258711616,N/A
2005,4,2005,16.26466667,N/A,6.801138,3.3825,21.535,0.1,0.2,0.1,N/A,0.007727362,0.011580454,0.019307815,0.024166143,16.38941532,40.97610488,14.04435159,88.31349715,0.414978126,0.829956251,0.414978126,N/A
2005,5,2005,20.07483871,N/A,1.67238,N/A,N/A,N/A,N/A,N/A,N/A,0.035939,0.029597211,0.065536211,0.090746458,20.34801979,107.1470144,N/A,N/A,N/A,N/A,N/A,N/A
2005,6,2005,25.62633333,N/A,77.081868,3.161041667,25.72845833,0.104791667,0.200208333,0.1,N/A,0.012528807,0.023571361,0.036100169,0.042613552,25.44597434,128.8416246,8.677066371,73.07316074,0.3291112,0.635111514,0.316686773,N/A
2005,7,2005,28.45580645,N/A,57.163482,2.938125,28.59382813,0.070833333,0.092395833,0.1,N/A,0.016656531,0.023089531,0.039746062,0.069604546,28.23409054,110.5127932,4.847688083,46.49794631,0.123743288,0.187235154,0.173730248,N/A
2005,8,2005,27.60096774,N/A,47.73735,2.75175,25.34225,0.062,0.02,0.011,N/A,0.010883031,0.025143698,0.036026729,0.061965713,27.31253295,172.7005878,6.00587162,62.79707457,0.144760786,0.047274084,0.025810382,N/A
2005,9,2005,25.53533333,N/A,1.578474,3.1,29.35,0.09,0.02,0.01,N/A,0.000950103,0.001717736,0.00266784,0.002621738,25.79081134,18.93162343,24.37070234,230.7355205,0.707536519,0.157230338,0.078615169,N/A
2005,10,2006,18.9316129,N/A,30.73545,3.15875,26.39196429,0.039285714,0.02,0.01,N/A,0.013216002,0.013522247,0.026738249,0.029129313,17.85850635,77.46473857,10.74849758,78.43890083,0.121125912,0.069877555,0.034938777,N/A
2005,11,2006,14.193,N/A,6.42249,2.83,24.7575,0.0275,0.02,0.01,N/A,0.003792672,0.004519475,0.008312147,0.011618875,13.68457797,117.9829867,10.53308551,99.8396702,0.106901879,0.077058898,0.038529449,N/A
2005,12,2006,8.010645161,N/A,22.056732,2.551785714,14.01,0.02,0.023928571,0.011428571,N/A,0.009255789,0.015796295,0.025052083,0.036643732,12.6966237,71.2777269,3.956653337,21.91105733,0.031921303,0.038803072,0.019582804,N/A
2006,1,2006,10.96225806,N/A,21.821022,3.573,14.632,0.092,0.0465,0.01,N/A,0.008237293,0.010252986,0.018490279,0.017562284,11.54490231,66.33837896,6.933591614,32.81674458,0.150378918,0.058203489,0.020139225,N/A
2006,2,2006,8.548928571,N/A,25.922754,2.473636364,11.41272727,0.027727273,0.033636364,0.010909091,N/A,0.010197149,0.012572459,0.022769608,0.025539946,9.138993468,76.15331095,4.387994351,23.83352257,0.05206076,0.077597202,0.020700195,N/A
2006,3,2006,12.27451613,N/A,6.572826,2.496666667,13.15666667,0.026666667,0.026666667,0.01,N/A,0.012346373,0.012302243,0.024648616,0.03376169,13.27538983,24.85629853,7.740939158,35.69563615,0.064070249,0.092536388,0.031142878,N/A
2006,4,2006,18.88433333,N/A,0.203904,N/A,N/A,N/A,N/A,N/A,N/A,0.007940405,0.006615876,0.014556281,0.018449998,19.39850667,61.98266332,N/A,N/A,N/A,N/A,N/A,N/A
2006,5,2006,20.95806452,N/A,0.030078,N/A,N/A,N/A,N/A,N/A,N/A,N/A,N/A,N/A,N/A,21.40603931,77.59214317,N/A,N/A,N/A,N/A,N/A,N/A
2006,6,2006,25.077,N/A,N/A,N/A,N/A,N/A,N/A,N/A,N/A,0.017908002,0.036522426,0.054430428,0.087015684,25.15834453,145.3787643,N/A,N/A,N/A,N/A,N/A,N/A
2006,7,2006,27.38129032,N/A,0.733914,10.81,38.23,0.56,0.03,0.27,N/A,0.021857376,0.029292235,0.051149611,0.076687364,27.43350652,86.85149423,200.6566978,709.6304864,10.39479656,0.556864101,5.011776911,N/A
2006,8,2006,27.78258065,N/A,6.18543,4.72,21.59,0.0825,0.02,0.0475,N/A,0.028414517,0.036571377,0.064985894,0.107517034,27.78457743,145.0455215,7.814785747,57.17582679,0.279786874,0.052939107,0.204307848,N/A
2006,9,2006,23.30266667,N/A,16.817517,3.364545455,26.8580303,0.031363636,0.021818182,0.010909091,N/A,0.009406022,0.011609528,0.02101555,0.035113808,23.54506525,141.302462,5.707283866,44.72380646,0.052697848,0.039392492,0.019696246,N/A
2006,10,2007,17.28774194,N/A,N/A,N/A,N/A,N/A,N/A,N/A,N/A,0.003257846,0.007742419,0.011000265,0.015668933,21.53662386,97.85473796,N/A,N/A,N/A,N/A,N/A,N/A
2006,11,2007,13.06366667,N/A,16.147188,3.405,19.56214286,0.024285714,0.022857143,0.011666667,N/A,0.00679476,0.010103781,0.016898541,0.027113655,13.42350632,2.971168859,8.29965724,46.85161132,0.060317206,0.057067755,0.035002107,N/A
2006,12,2007,12.07516129,N/A,19.942038,3.377857143,17.03642857,0.028571429,0.028571429,0.012142857,N/A,0.003797882,0.005581816,0.009379698,0.022007929,13.15006515,95.70116737,12.86012703,68.02244312,0.128839498,0.104376988,0.051467002,N/A
2007,1,2007,9.989354839,N/A,29.891214,3.57,14.21807692,0.02,0.020384615,0.011025641,N/A,0.006579069,0.008705953,0.015285022,0.020588048,10.82990219,78.13376429,1.824769397,25.19132758,0.034811376,0.036278269,0.018917268,N/A
2007,2,2007,8.141071429,N/A,35.048484,N/A,14.22711538,0.020961538,0.025769231,0.01,N/A,0.005009473,0.008015843,0.013025316,0.018635803,8.788831339,58.80272585,N/A,22.53962022,0.033189894,0.039218029,0.015607077,N/A
2007,3,2007,14.3083871,N/A,2.810214,2.61505,17.965,0.2155,0.036,0.005,N/A,0.006004876,0.008844302,0.014849178,0.018042889,15.21646087,35.11883079,2.228349618,15.41853125,0.187684893,0.031537903,0.0043753,N/A
2007,4,2007,16.161,N/A,0.011016,N/A,N/A,N/A,N/A,N/A,N/A,0.014014908,0.013082609,0.027097517,0.038218098,17.0467858,57.96565068,N/A,N/A,N/A,N/A,N/A,N/A
2007,5,2007,20.70903226,N/A,N/A,N/A,N/A,N/A,N/A,N/A,N/A,0.005878915,0.004994698,0.010873613,0.00819888,21.26474,39.23824739,N/A,N/A,N/A,N/A,N/A,N/A
2007,6,2007,25.31933333,N/A,N/A,N/A,N/A,N/A,N/A,N/A,N/A,0.036001095,0.040623629,0.076624724,0.111050644,25.49785709,102.2823353,N/A,N/A,N/A,N/A,N/A,N/A
2007,7,2007,26.69225806,N/A,N/A,N/A,N/A,N/A,N/A,N/A,N/A,0.008424153,0.022556702,0.030980855,0.042112175,26.57474066,118.4135712,N/A,N/A,N/A,N/A,N/A,N/A
2007,8,2007,28.68193548,N/A,N/A,N/A,N/A,N/A,N/A,N/A,N/A,0.016912242,0.02917818,0.046090422,0.075014564,28.75344104,107.3513628,N/A,N/A,N/A,N/A,N/A,N/A
2007,9,2007,24.57666667,N/A,N/A,N/A,N/A,N/A,N/A,N/A,N/A,0.004591803,0.010486907,0.01507871,0.015554498,24.80457783,90.5892868,N/A,N/A,N/A,N/A,N/A,N/A
2007,10,2008,21.26709677,N/A,0.480546,N/A,N/A,N/A,N/A,N/A,N/A,0.00472747,0.005550648,0.010278118,0.015907769,17.68538992,160.1071424,N/A,N/A,N/A,N/A,N/A,N/A
2007,11,2008,12.419,N/A,0.000864,N/A,N/A,N/A,N/A,N/A,N/A,0.001893374,0.002065675,0.003959049,0.005604373,11.91538982,84.30837646,N/A,N/A,N/A,N/A,N/A,N/A
2007,12,2008,12.67516129,N/A,0.6777,4.103333333,19.62666667,0.132,0.005333333,0.011333333,N/A,0.004070753,0.009696623,0.013767376,0.028321554,12.72678578,35.21798721,15.35329137,71.69478274,0.516295325,0.019619336,0.041780425,N/A
2008,1,2008,7.793548387,N/A,3.044358,4.121388889,14.16194444,0.062527778,0.006277778,0.007916667,N/A,0.004495776,0.005285833,0.009781609,0.01629374,8.629480263,75.83201252,11.99350063,42.34173924,0.19832768,0.022180458,0.018466211,N/A
2008,2,2008,11.55344828,N/A,8.896284,3.499090909,13.49318182,0.043090909,0.007636364,0.003227273,N/A,0.011294271,0.010466159,0.021760431,0.024881245,12.14834433,83.81298704,7.283342288,28.44884516,0.087252433,0.013033986,0.006289988,N/A
2008,3,2008,13.1716129,N/A,24.71958,3.134285714,14.12321429,0.050678571,0.004857143,0.003178571,N/A,0.013054408,0.016320424,0.029374832,0.044443942,13.81022734,71.19662481,4.754988279,24.05620323,0.078193541,0.009898842,0.005556577,N/A
2008,4,2008,17.57233333,N/A,24.788754,2.926,20.4966,0.0611,0.00826,0.00758,N/A,0.012293068,0.010541178,0.022834246,0.027620738,17.78769492,72.94727271,9.826531039,69.75234392,0.178923133,0.058218963,0.024889163,N/A
2008,5,2008,20.87548387,N/A,N/A,N/A,N/A,N/A,N/A,N/A,N/A,0.017201326,0.017341952,0.034543279,0.044512328,21.33538966,88.75181812,N/A,N/A,N/A,N/A,N/A,N/A
2008,6,2008,26.96433333,N/A,4.234248,5.12875,21.18125,0.327625,0.008125,0.0275,N/A,0.018915985,0.017816448,0.036732432,0.041065153,27.1525325,74.88636413,27.93168169,90.07359253,1.025619644,0.052172356,0.11516721,N/A
2008,7,2008,27.11483871,N/A,0.372654,N/A,N/A,N/A,N/A,N/A,N/A,0.013051947,0.020379947,0.033431894,0.039396067,27.00301975,137.9729926,N/A,N/A,N/A,N/A,N/A,N/A
2008,8,2008,27.08096774,N/A,5.965218,3.973,32.40666667,0.131566667,0.012,0.006,N/A,0.051501669,0.0478229,0.099324569,0.187320406,26.98883151,208.8915625,20.7514284,118.3444209,0.51592555,0.053374683,0.027722167,N/A
2008,9,2008,24.13033333,N/A,87.06825,2.684473443,26.0490625,0.080106685,0.015674242,0.007343407,N/A,0.005295141,0.009001134,0.014296275,0.026917701,24.3214608,157.5087649,5.116969718,66.08803158,0.160268611,0.016475146,0.023660783,N/A
2008,10,2009,16.94870968,N/A,137.976642,2.249358974,19.25701389,0.057044872,0.014019231,0.013403846,N/A,0.010152229,0.010566502,0.020718731,0.030443089,18.67087692,97.90870018,3.395942154,35.82527457,0.148143559,0.029089959,0.043569439,N/A
2008,11,2009,11.30866667,N/A,8.307198,2.3,19.19,0.081666667,0.007333333,0.012666667,N/A,0.00724807,0.009854992,0.017103062,0.024921258,14.52457813,86.53285648,7.809350156,60.08553664,0.407849087,0.043186815,0.051406294,N/A
2008,12,2009,12.26419355,N/A,11.646828,2.4925,14.35875,0.12325,0.0101,0.0148125,N/A,0.003056908,0.003006879,0.006063787,0.007178689,9.62899327,224.5676623,5.665747055,35.83654068,0.268068282,0.030024461,0.035378765,N/A
2009,1,2009,7.950967742,N/A,3.472308,2.78,9.1775,0.154,0.0125,0.0255,N/A,0.006873697,0.007528143,0.014401841,0.016654428,8.548830974,36.15493433,2.967769587,9.71806153,0.15280536,0.012847726,0.029206949,N/A
2009,2,2009,8.389642857,N/A,3.136806,3.235,9.375,0.1285,0.0125,0.06,N/A,0.012694315,0.013404975,0.02609929,0.030352698,9.015064921,33.40623425,3.634839987,11.24276713,0.107414795,0.01924292,0.019363666,N/A
2009,3,2009,13.38548387,N/A,37.076292,2.632916667,12.84875,0.091458333,0.008916667,0.003277778,N/A,0.010147299,0.010382886,0.020530185,0.018222678,13.40178594,103.0846104,4.987746326,28.67913502,0.139010217,0.021972879,0.006509885,N/A
2009,4,2009,17.13933333,N/A,55.703808,2.328653061,18.50012245,0.196077551,0.093089796,0.007373469,N/A,0.002313171,0.004460449,0.006773619,0.00676567,17.37269478,82.94642555,8.645944458,68.53987698,0.705234197,0.387425089,0.033185343,N/A
2009,5,2009,22.51677419,N/A,0.685692,11.61666667,15.35333333,0.162,0.033333333,0.004,N/A,0.028091757,0.015650132,0.043741889,0.03042774,22.45850614,141.2007847,25.61820339,24.84280464,0.272607786,0.079059196,0.00556379,N/A
2009,6,2009,26.73766667,N/A,47.759058,2.880255102,22.08465986,0.144278912,0.013739796,0.007517007,N/A,0.020870498,0.017536434,0.038406932,0.041347065,26.72506496,114.4839581,5.381032356,41.88407596,0.276442266,0.034426189,0.015439289,N/A
2009,7,2009,26.85677419,N/A,4.285386,3.178666667,16.60333333,0.1374,0.010666667,0.009533333,N/A,0.02102039,0.023833874,0.044854264,0.046968369,26.7480194,146.6005211,9.827062891,52.84315102,0.356570821,0.054470999,0.029858189,N/A
2009,8,2009,27.3216129,N/A,0.755244,3.715,20.45,0.1475,0.0135,0.0045,N/A,0.0133542,0.021464086,0.034818286,0.047455154,27.36613672,115.0307151,11.77509045,64.26863435,0.490978514,0.046789254,0.013175997,N/A
2009,9,2009,23.964,N/A,3.292542,3.46625,14.40125,0.150875,0.01,0.011,N/A,0.000199028,0.001310077,0.001509105,0.000972969,24.16727238,47.49168753,20.19820802,99.18129069,1.620195517,0.125964033,0.140065603,N/A
2009,10,2010,18.70806452,N/A,N/A,N/A,N/A,N/A,N/A,N/A,N/A,0.007015126,0.008396493,0.015411618,0.020655768,19.46743459,34.50357157,N/A,N/A,N/A,N/A,N/A,N/A
2009,11,2010,13.97766667,N/A,0.83295,5.806666667,22.85666667,0.046,0.010666667,0.006,N/A,0.002450794,0.004052952,0.006503746,0.011267346,13.72211038,14.3145456,6.348376013,26.01862561,0.053998703,0.011054781,0.006975041,N/A
2009,12,2010,9.121612903,N/A,105.089184,3.132692308,14.90392857,0.050489011,0.006989011,0.003403846,N/A,0.005654481,0.010325506,0.015979988,0.030984901,4.994642673,51.06389613,2.015718051,10.64743515,0.034202808,0.00585609,0.002378441,N/A
2010,1,2010,5.422258065,N/A,125.469432,3.072833333,9.609977778,0.046906667,0.005725556,0.002886667,N/A,0.008374893,0.010275026,0.018649919,0.020928277,6.276785789,109.5422756,5.161821166,17.06901621,0.076367061,0.012458131,0.005353867,N/A
2010,2,2010,6.24,N/A,75.406032,2.900245098,8.148529412,0.028416667,0.006735294,0.002112745,N/A,0.008890966,0.011005458,0.019896424,0.021499796,6.321785583,77.00318289,4.22546532,11.91498951,0.042067855,0.008925574,0.003544996,N/A
2010,3,2010,12.08559385,N/A,49.209444,2.448529412,10.74382353,0.052705882,0.005764706,0.007676471,N/A,0.008084481,0.010058265,0.018142747,0.014369123,12.19629902,72.8694136,3.405081873,17.3838,0.086872085,0.009803888,0.013482526,N/A
2010,4,2010,18.19593193,N/A,3.31155,2.76,13.45,0.0935,0.006,0.003,N/A,0.008387053,0.009398822,0.017785875,0.014329247,18.33081219,28.13714278,18.81722544,92.17245495,0.509925887,0.039340481,0.021236771,N/A
2010,5,2010,22.52615255,N/A,0.331722,N/A,N/A,N/A,N/A,N/A,N/A,0.008491296,0.012700423,0.021191719,0.020046595,23.51769518,80.8329876,N/A,N/A,N/A,N/A,N/A,N/A
2010,6,2010,26.67511111,N/A,4.067874,N/A,N/A,N/A,N/A,N/A,N/A,0.022395478,0.025768926,0.048164404,0.03836587,28.20301933,124.2039595,N/A,N/A,N/A,N/A,N/A,N/A
2010,7,2010,26.50460685,N/A,0.286146,8.28,20.86,1.545,0.175,0.389,N/A,0.019537605,0.037716028,0.057253633,0.072122994,28.14801908,163.1414313,0.871907907,2.19661823,0.162692961,0.018428005,0.040962823,N/A
2010,8,2010,26.51516801,N/A,0.235062,N/A,N/A,N/A,N/A,N/A,N/A,0.016919067,0.024130528,0.041049595,0.060283411,28.2031817,176.5125361,N/A,N/A,N/A,N/A,N/A,N/A
2010,9,2010,24.27413194,N/A,35.638704,4.557375,18.12575,0.0621125,0.0085,0.012525,N/A,0.011771528,0.016223596,0.027995124,0.030511469,25.55506548,188.2840261,28.40711292,143.0862859,0.412192033,0.056168807,0.054972737,N/A
2010,10,2011,18.53313743,N/A,9.665082,4.498333333,23.475,0.065666667,0.004,0.002666667,N/A,0.002319383,0.002277407,0.004596789,0.003484532,17.69227259,56.02324729,40.6629674,215.4375454,0.542843082,0.021873876,0.029430108,N/A
2010,11,2011,13.20156736,N/A,N/A,N/A,N/A,N/A,N/A,N/A,N/A,N/A,N/A,N/A,N/A,14.61055221,47.72590885,N/A,N/A,N/A,N/A,N/A,N/A
2010,12,2011,4.497515121,N/A,N/A,N/A,N/A,N/A,N/A,N/A,N/A,0.006073121,0.007925415,0.013998537,0.016289041,12.25652576,17.20077928,N/A,N/A,N/A,N/A,N/A,N/A
2011,1,2011,6.071055108,N/A,0.666792,5.266666667,20.03666667,0.195666667,0.010333333,0.010333333,N/A,0.007439434,0.007137863,0.014577297,0.013289691,6.238506364,42.66350498,12.98169771,51.05237393,0.530555745,0.029938047,0.026410755,N/A
2011,2,2011,11.38184896,N/A,16.129098,3.750833333,12.74816667,0.045683333,0.008766667,0.004816667,N/A,0.007868588,0.009295701,0.017164289,0.015830097,11.59538953,84.55006661,9.258447103,31.73802428,0.114563602,0.014954938,0.011523364,N/A
2011,3,2011,13.95374664,N/A,8.761446,3.559166667,18.27,0.122083333,0.018,0.00675,N/A,0.012277126,0.010661106,0.022938233,0.021454028,14.41415599,93.46441621,14.96784725,75.08216406,0.471211375,0.073064377,0.024927402,N/A
2011,4,2011,19.16116319,N/A,5.610492,3.476666667,17.61333333,0.121666667,0.012333333,0.005,N/A,0.01765275,0.013036992,0.030689741,0.025132057,19.28646095,64.64961297,10.23548576,52.61588962,0.373433271,0.0338353,0.013365801,N/A
2011,5,2011,21.73549059,N/A,N/A,N/A,N/A,N/A,N/A,N/A,N/A,0.014109422,0.013381436,0.027490858,0.023775862,22.71662357,53.06259901,N/A,N/A,N/A,N/A,N/A,N/A
2011,6,2011,26.71134722,N/A,N/A,N/A,N/A,N/A,N/A,N/A,N/A,0.011168139,0.008268337,0.019436476,0.015958487,27.82113665,40.73545396,N/A,N/A,N/A,N/A,N/A,N/A
2011,7,2011,26.9969254,N/A,N/A,N/A,N/A,N/A,N/A,N/A,N/A,0.012748824,0.01804163,0.030790453,0.035604073,28.59736989,124.4452612,N/A,N/A,N/A,N/A,N/A,N/A
2011,8,2011,26.34247312,N/A,N/A,8.59,36.56333333,0.206333333,0.010333333,0.008666667,N/A,0.017353105,0.019735468,0.037088573,0.040023461,28.00490327,148.1626637,N/A,N/A,N/A,N/A,N/A,N/A
2011,9,2011,23.05001042,N/A,N/A,6.94,41.58,0.164,0.012,0.009,N/A,0.005806376,0.010980269,0.016786646,0.015411035,24.4700652,115.4176649,N/A,N/A,N/A,N/A,N/A,N/A
2011,10,2012,16.6087836,N/A,N/A,N/A,N/A,N/A,N/A,N/A,N/A,0.002826293,0.005191554,0.008017847,0.012155474,19.03727263,42.31519476,N/A,N/A,N/A,N/A,N/A,N/A
2011,11,2012,14.09504514,N/A,N/A,N/A,N/A,N/A,N/A,N/A,N/A,0.001459165,0.002452786,0.003911951,0.006321368,11.36431817,49.66396235,N/A,N/A,N/A,N/A,N/A,N/A
2011,12,2012,11.95297043,N/A,N/A,N/A,N/A,N/A,N/A,N/A,N/A,0.002354184,0.002402156,0.00475634,0.005638403,12.3088312,95.335322,N/A,N/A,N/A,N/A,N/A,N/A
2012,1,2012,10.99030242,N/A,N/A,N/A,N/A,N/A,N/A,N/A,N/A,0.003489882,0.004122332,0.007612215,0.005959297,10.8362016,28.2748697,N/A,N/A,N/A,N/A,N/A,N/A
2012,2,2012,12.02319468,N/A,N/A,N/A,N/A,N/A,N/A,N/A,N/A,0.003017564,0.00392134,0.006938904,0.00790115,11.88964283,52.04331296,N/A,N/A,N/A,N/A,N/A,N/A
2012,3,2012,17.21614651,N/A,3.285576,4.145,22.019,0.0969,0.0262,0.0141,N/A,0.013323001,0.01293897,0.02626197,0.025384955,17.92646147,94.2603245,21.61503889,125.3726523,0.559093183,0.160326616,0.047118125,N/A
2012,4,2012,18.23898264,N/A,N/A,N/A,N/A,N/A,N/A,N/A,N/A,0.00455593,0.004631129,0.009187059,0.006364603,18.73538928,42.22655821,N/A,N/A,N/A,N/A,N/A,N/A
2012,5,2012,22.13253024,N/A,N/A,N/A,N/A,N/A,N/A,N/A,N/A,0.022473934,0.019561699,0.042035633,0.038745325,23.27866821,137.9751333,N/A,N/A,N/A,N/A,N/A,N/A
2012,6,2012,23.02186458,N/A,24.380082,3.406047619,N/A,0.182652381,0.018771429,0.01052381,N/A,0.011360241,0.015056476,0.026416717,0.024246108,24.09974028,129.2026011,15.47653336,N/A,0.809352105,0.083924288,0.052171674,N/A
2012,7,2012,N/A,N/A,N/A,N/A,N/A,N/A,N/A,N/A,N/A,0.015988081,0.01718681,0.033174891,0.023690174,28.66516323,127.0127926,N/A,N/A,N/A,N/A,N/A,N/A
2012,8,2012,N/A,N/A,0.00756,N/A,N/A,N/A,N/A,N/A,N/A,0.018145823,0.027995952,0.046141775,0.03286714,26.33474082,242.3611049,N/A,N/A,N/A,N/A,N/A,N/A
2012,9,2012,22.85728472,N/A,0.002106,6.71,N/A,0.259,0.015,0.006,N/A,N/A,N/A,N/A,N/A,24.23710977,48.52376549,201.3,N/A,7.77,0.45,0.18,N/A
2012,10,2013,17.92685786,N/A,N/A,N/A,N/A,N/A,N/A,N/A,N/A,0.002495349,0.002808403,0.005303752,0.00516765,19.14555209,35.25694805,N/A,N/A,N/A,N/A,N/A,N/A
2012,11,2013,10.66785972,N/A,N/A,N/A,N/A,N/A,N/A,N/A,N/A,0.011279999,0.002846588,0.014126587,0.004400483,12.61431817,69.75181753,N/A,N/A,N/A,N/A,N/A,N/A
2012,12,2013,11.82902117,N/A,N/A,N/A,N/A,N/A,N/A,N/A,N/A,0.011304792,0.011787399,0.023092191,0.023058284,11.98431806,76.45578033,N/A,N/A,N/A,N/A,N/A,N/A
2013,1,2013,11.41920531,N/A,N/A,N/A,N/A,N/A,N/A,N/A,N/A,0.000458854,0.001252322,0.001711177,0.002554231,11.83711012,21.00383132,N/A,N/A,N/A,N/A,N/A,N/A
2013,2,2013,9.268991815,N/A,29.494962,3.35075,N/A,0.125525,0.011683333,0.007975,N/A,0.027682357,0.018084303,0.04576666,0.03289286,9.610714553,180.423373,7.71801071,N/A,0.24594312,0.033929517,0.019972422,N/A
2013,3,2013,10.05269657,N/A,31.44636,3.352966667,N/A,0.072046667,0.023493333,0.005853333,N/A,0.020212135,0.015093019,0.035305153,0.026027797,10.15022749,77.7059718,7.664691876,N/A,0.16488961,0.051097513,0.017066118,N/A
2013,4,2013,16.85439271,N/A,34.913268,3.321133333,21.5045,0.093466667,0.015197778,0.007715556,N/A,0.013857391,0.012667969,0.026525361,0.024553938,17.50957775,108.5053265,5.093375567,61.89194243,0.14735315,0.021795241,0.013274194,N/A
2013,5,2013,20.15365827,N/A,17.566416,3.292083333,21.68645833,0.139625,0.0120625,0.009708333,N/A,0.024374389,0.015064302,0.03943869,0.023837656,20.91146095,71.89656032,8.143408598,54.73792492,0.246963364,0.041226646,0.024604141,N/A
2013,6,2013,24.56889931,N/A,28.85247,2.918839286,21.81800595,0.094883929,0.010619048,0.005729167,N/A,0.033583153,0.023991958,0.057575111,0.036919334,25.87801975,204.3113033,5.289735551,37.80253921,0.196896839,0.020023406,0.009096392,N/A
2013,7,2013,N/A,N/A,75.289932,3.228214286,25.96382143,0.133057143,0.012221429,0.005417857,N/A,0.007681969,0.019820439,0.027502408,0.027681115,26.82990213,220.9958494,8.619264306,68.41344713,0.279336631,0.021570575,0.014176651,N/A
2013,8,2013,N/A,N/A,0.404298,3.61,24.74,0.756,0.068,0.009,N/A,0.016164738,0.019998193,0.036162931,0.036379082,26.28178569,154.6279193,0.254103112,1.741415787,0.053213837,0.00478643,6.33E-04,N/A
2013,9,2013,22.59617361,N/A,N/A,N/A,N/A,N/A,N/A,N/A,N/A,0.004243318,0.003797101,0.00804042,0.005464254,24.15366821,52.42370207,N/A,N/A,N/A,N/A,N/A,N/A
2013,10,2014,18.00179402,N/A,N/A,N/A,N/A,N/A,N/A,N/A,N/A,0.002992126,0.003672469,0.006664596,0.004087181,19.6838318,32.32363627,N/A,N/A,N/A,N/A,N/A,N/A
2013,11,2014,12.02879167,N/A,0.618408,6.64,27.7,0.178,0.018,0.014,N/A,0.002358517,0.002187176,0.004545693,0.005251715,11.2452274,101.1207779,14.3851205,60.01021656,0.385625218,0.038995809,0.030330073,N/A
2013,12,2014,11.91590222,N/A,0.840564,5.045,21.16,0.165,0.009,0.018,N/A,0.006968071,0.009330542,0.016298613,0.019824967,11.05490254,84.66824747,18.93359951,85.35935436,1.491190415,0.081337659,0.081337659,N/A
2014,1,2014,6.076644825,N/A,2.935872,3.772222222,11.30888889,0.125444444,0.017666667,0.007777778,N/A,0.011431243,0.009597643,0.021028885,0.015680392,6.453506516,58.67194864,4.928252546,16.31240182,0.179373905,0.027397297,0.011125895,N/A
2014,2,2014,10.03846652,N/A,9.922068,3.407272727,11.70606061,0.112469697,0.016712121,0.00569697,N/A,0.017222369,0.01094309,0.028165459,0.02200036,10.33211,69.5844142,6.462733319,24.42331746,0.20188719,0.041190836,0.009511798,N/A
2014,3,2014,11.03943784,N/A,37.431072,2.773781513,13.38406162,0.087747899,0.012845938,0.004380952,N/A,0.004055223,0.004013435,0.008068658,0.008097267,11.12538926,122.7395427,3.961322394,23.53086839,0.109648691,0.020951246,0.006902998,N/A
2014,4,2014,18.19158924,N/A,65.026854,2.463777778,17.45286111,0.056690278,0.015023611,0.005481944,N/A,0.008969003,0.006843489,0.015812491,0.009806319,18.39892909,93.64532629,4.433577679,36.25323757,0.098608273,0.041925066,0.01060564,N/A
2014,5,2014,22.07298387,N/A,0.801954,N/A,N/A,N/A,N/A,N/A,N/A,0.02162072,0.021216105,0.042836825,0.03279655,23.09974028,76.4017543,N/A,N/A,N/A,N/A,N/A,N/A
2014,6,2014,24.91419792,N/A,0.01674,N/A,N/A,N/A,N/A,N/A,N/A,0.02097815,0.013508214,0.034486364,0.013806059,26.48097419,63.70759709,N/A,N/A,N/A,N/A,N/A,N/A
2014,7,2014,25.53409274,N/A,0.00216,N/A,N/A,N/A,N/A,N/A,N/A,0.007940335,0.016303341,0.024243676,0.015533087,27.02474023,139.5405824,N/A,N/A,N/A,N/A,N/A,N/A
2014,8,2014,25.48362903,N/A,N/A,N/A,N/A,N/A,N/A,N/A,N/A,0.010170826,0.015715784,0.02588661,0.018918308,26.83866952,138.5862968,N/A,N/A,N/A,N/A,N/A,N/A
2014,9,2014,22.77169792,N/A,53.12925,3.873931973,20.11252381,0.125763265,0.028291667,0.014878231,N/A,0.00252088,0.008134179,0.010655058,0.009837016,24.55506548,194.3332533,14.9174228,79.70988235,0.627049633,0.226928079,0.108269431,N/A
2014,10,2015,N/A,N/A,6.85125,3.4,23.825,0.11325,0.0065,0.00525,N/A,0.007269385,0.008090891,0.015360275,0.009873069,19.01506516,394.1409137,23.79352621,164.2284428,0.860944156,0.054727553,0.030285076,N/A
2014,11,2015,N/A,N/A,5.767632,4.68,27.28,0.0465,0.006,0.001,N/A,0.000614741,0.0006622,0.001276941,0.0005291,16.36711024,138.0014995,22.14296354,152.994954,0.27647297,0.031485001,0.0052475,N/A
2014,12,2015,10.32249462,N/A,16.76268,2.310333333,17.90966667,0.0914,0.013466667,0.0012,N/A,0.007981543,0.006928549,0.014910092,0.0122,16.75678554,104.9304531,9.767663025,83.62281644,0.418976834,0.051309351,0.005189649,N/A
2015,1,2015,8.148833669,N/A,70.934724,2.302261905,13.80619048,0.03085119,0.006910256,0.001714286,N/A,0.004186596,0.003935152,0.008121748,0.007879462,8.331785351,84.77967775,4.134076811,25.29903837,0.064030759,0.0109169,0.004495138,N/A
2015,2,2015,6.000176711,N/A,64.672614,2.037615385,10.476,0.045730769,0.003509091,0.003138462,N/A,0.005042474,0.004649181,0.009691654,0.006859397,6.28603895,105.4937641,3.160032899,19.04723405,0.066000987,0.012657585,0.005923351,N/A
2015,3,2015,14.22166465,N/A,77.037912,2.335416667,13.96318182,0.060416667,0.010545455,0.0035,N/A,0.017680509,0.013933645,0.031614154,0.033275932,14.45974029,72.97214369,3.658024902,21.33421049,0.097323235,0.011325361,0.003921196,N/A
2015,4,2015,18.56358993,N/A,6.69924,3.086666667,23.15333333,0.146,0.012333333,0.012,N/A,0.009538917,0.009628228,0.019167145,0.011921461,19.02629835,69.27052243,4.148786877,31.73430598,0.227575044,0.019242141,0.018230211,N/A
2015,5,2015,21.24416331,N/A,0.545454,3.23,26.98,0.19,0.017,0.016,N/A,0.009743575,0.007184998,0.016928573,0.007043989,22.29990335,41.35013013,11.70711118,97.78881101,0.688653599,0.061616375,0.057991882,N/A
2015,6,2015,25.98907986,N/A,3.241944,2.806666667,22.07,0.082666667,0.012333333,0.006666667,N/A,0.016054229,0.011517573,0.027571803,0.008942869,27.55113619,93.04421839,1.456576054,11.48746752,0.0346119,0.007285962,0.003332667,N/A
2015,7,2015,26.45511089,N/A,3.666762,0.96,25.03,1.4445,0.011,0.242,N/A,0.009757186,0.010507638,0.020264824,0.009165823,28.30597376,89.74487017,0.778015404,21.39042001,1.457558569,0.009348666,0.23972647,N/A
2015,8,2015,25.15096102,N/A,12.17295,0.583,16.105,0.2003,0.014,0.0297,N/A,0.012997243,0.012186308,0.025183552,0.013114582,27.02785778,213.623569,6.469140233,197.9605227,1.48975517,0.133572079,0.429895678,N/A
2015,9,2015,23.54966667,N/A,8.59302,0.892,22.116,0.1588,0.0126,0.008466667,N/A,0.021134782,0.013592142,0.034726924,0.01850205,24.64301933,107.5068203,4.952287187,123.9903013,0.577448061,0.063331691,0.026022962,N/A
2015,10,2016,18.01900672,N/A,278.193312,2.060748299,21.0995068,0.055882653,0.017414966,0.003789116,N/A,0.034940102,0.028438534,0.063378636,0.077488737,20.3681813,208.9122078,2.755022926,28.83334534,0.07680465,0.012924118,0.00789412,N/A
2015,11,2016,N/A,N/A,76.765644,2.337291667,25.67738095,0.0565,0.00765625,0.003791667,N/A,0.020457581,0.005460135,0.025917715,0.014088241,14.29178539,14.58032465,5.482619188,54.3372331,0.163866942,0.021883991,0.008719698,N/A
2015,12,2016,N/A,N/A,43.469352,2.331166667,18.576,0.093483333,0.01255,0.004083333,N/A,0.003375522,0.006048561,0.009424083,0.005894477,11.57383119,125.8427264,5.250023578,42.98193112,0.26878542,0.027565902,0.01141054,N/A
2016,1,2016,N/A,N/A,51.330996,1.982352941,12.77558824,0.059705882,0.006382353,0.002176471,N/A,0.007755928,0.008634235,0.016390163,0.010235176,7.881623185,83.92194877,3.007149898,20.10046668,0.093974718,0.012096946,0.003020934,N/A
2016,2,2016,N/A,N/A,127.544112,1.739722222,10.3412037,0.05532963,0.010973148,0.001612037,N/A,0.011176929,0.011981986,0.023158916,0.023101616,10.23834445,142.6851993,2.05085502,14.8414672,0.069144772,0.013237237,0.002520121,N/A
2016,3,2016,N/A,N/A,12.74643,2.233333333,10.55833333,0.107333333,0.008333333,0.005333333,N/A,0.005064774,0.006555076,0.01161985,0.009427537,16.80269503,67.51285682,6.282952749,27.81310404,0.232175284,0.02394346,0.015340608,N/A
2016,4,2016,N/A,N/A,2.44188,2.663333333,16.79,0.119,0.01,0.006333333,N/A,0.015064153,0.020692326,0.035756479,0.030046888,17.79064897,49.16948046,5.837282176,35.09932994,0.244482309,0.021014153,0.014733967,N/A
2016,5,2016,N/A,N/A,N/A,N/A,N/A,N/A,N/A,N/A,N/A,0.024515669,0.011930629,0.036446299,0.015153405,22.15941506,134.5630533,N/A,N/A,N/A,N/A,N/A,N/A
2016,6,2016,N/A,N/A,0.956772,4.63,22.84,0.2035,0.008,0.1165,N/A,0.019772801,0.004202239,0.023975041,0.005738493,26.92801971,112.9054539,17.89082289,151.905723,1.060812733,0.026603454,0.711642398,N/A
2016,7,2016,N/A,N/A,1.70235,3.32,16.695,0.134375,0.008375,0.006,N/A,0.011753413,0.020391482,0.032144895,0.012810802,29.23613644,118.6890894,15.37033838,78.62641856,0.588845738,0.037842494,0.029137542,N/A
2016,8,2016,N/A,N/A,36.713304,2.511515152,17.96844156,0.144880519,0.008812987,0.006242424,N/A,0.010567391,0.014826957,0.025394348,0.011581242,28.23597406,96.95240358,4.732304018,55.40180869,0.317544778,0.034382152,0.018783584,N/A
2016,9,2016,N/A,N/A,64.301364,2.588613445,17.92205882,0.091012605,0.00835084,0.005422269,N/A,0.025429363,0.030478772,0.055908135,0.019755328,25.69785714,274.574149,3.620228459,24.83816329,0.119736076,0.012284337,0.008005292,N/A
2016,10,2017,N/A,N/A,65.564208,2.050434783,20.71666667,0.071576087,0.004641304,0.00573913,N/A,N/A,N/A,N/A,N/A,20.52006444,92.68551735,2.09254434,7.036403806,0.077602131,0.006894676,0.008466396,N/A
2016,11,2017,N/A,N/A,0.003726,N/A,N/A,N/A,N/A,N/A,N/A,0.002123989,0.001692435,0.003816424,0.002108522,13.73538987,25.27045458,N/A,N/A,N/A,N/A,N/A,N/A
2016,12,2017,N/A,N/A,24.328404,2.729166667,15.155,0.076333333,0.006416667,0.004583333,N/A,0.015208718,0.016715658,0.031924376,0.028651751,10.46646087,84.65396083,9.195858053,68.12210068,0.297126453,0.031335694,0.015751449,N/A
2017,1,2017,N/A,N/A,22.03605,2.329285714,12.55047619,0.065333333,0.008380952,0.003833333,N/A,0.007282003,0.00876767,0.016049673,0.012503016,12.56506511,92.81383232,6.645791346,40.5456093,0.153007375,0.028598075,0.01263043,N/A
2017,2,2017,N/A,N/A,3.165966,2.29,11.41,0.094,0.003,0.0035,N/A,0.002426118,0.00360449,0.006030608,0.003554631,14.29834395,20.65285738,2.303551485,11.28979925,0.092302717,0.003033106,0.003343294,N/A
2017,3,2017,N/A,N/A,0.335502,N/A,N/A,N/A,N/A,N/A,N/A,0.014529258,0.01663705,0.031166308,0.019298137,14.03662326,30.76013004,N/A,N/A,N/A,N/A,N/A,N/A
2017,4,2017,N/A,N/A,67.907106,1.883375,14.80775,0.075825,0.005075,0.0050375,N/A,0.019646359,0.014319253,0.033965613,0.021917215,20.44064931,133.4342195,12.04259916,101.6335476,0.455439524,0.038223691,0.035506638,N/A
2017,5,2017,N/A,N/A,0.615816,2.83,19.84,0.114,0.005,0.011,N/A,0.015129098,0.014765728,0.029894825,0.014875952,23.0908113,105.7054552,37.61835321,263.7272536,1.515368292,0.066463522,0.146219747,N/A
2017,6,2017,N/A,N/A,1.103436,N/A,N/A,N/A,N/A,N/A,N/A,0.016496017,0.010610111,0.027106127,0.008434496,25.51581166,139.082857,N/A,N/A,N/A,N/A,N/A,N/A
2017,7,2017,N/A,N/A,18.314478,N/A,N/A,N/A,N/A,N/A,N/A,0.016616791,0.022523223,0.039140014,0.011791554,27.73409054,195.4767524,N/A,N/A,N/A,N/A,N/A,N/A
2017,8,2017,N/A,N/A,26.832924,N/A,N/A,N/A,N/A,N/A,N/A,0.004669817,0.007889462,0.012559279,0.007068463,27.27925299,204.6781832,N/A,N/A,N/A,N/A,N/A,N/A
2017,9,2017,N/A,N/A,71.264448,N/A,N/A,N/A,N/A,N/A,N/A,0.001756123,0.002682308,0.00443843,0.012689044,24.91457844,162.1026565,N/A,N/A,N/A,N/A,N/A,N/A
