Year,Month,WaterYear,WaterYearMonth,CSMeanTempC,CSPrecipitationmm,Runoffmm,StrCamgL,StrDOCmgL,StrNH4NmgL,StrNO3NmgL,StrTDPmgL,StrSO4SmgL,depNH4Nkgha,depNO3Nkgha,depTotNkgha,depSO4Skgha,N/AMGridTempC,N/AMGridPrecipitationmm,FWACamgL,FWADOCmgL,FWANH4NmgL,FWANO3NmgL,FWATDPmgL,FWASO4SmgL
1991,10,1992,199210,7.75,149.606,56.554,23.206,1.639,0.002,0.139,N/A,2.579,0.143,0.386,0.529,0.677,12.94,127.19,23.09,1.743,0.002,0.133,N/A,2.551
1991,11,1992,199211,0.645,57.658,41.245,22.05,0.972,0.006,0.242,N/A,2.877,0.132,0.198,0.33,0.264,4.04,60.72,21.927,0.978,0.006,0.244,N/A,2.865
1991,12,1992,199212,-7.562,91.44,46.865,20.922,0.531,0.004,0.263,N/A,2.511,0.128,0.42,0.548,0.345,-2.4,82.3,21.096,0.546,0.004,0.268,N/A,2.541
1992,1,1992,19921,-10.977,89.662,39.779,20.268,0.693,0.012,0.327,N/A,2.636,0.056,0.253,0.309,0.277,-5.49,73.41,19.899,0.741,0.012,0.33,N/A,2.599
1992,2,1992,19922,-9.606,97.536,22.765,23.308,0.617,0.008,0.332,N/A,2.917,0.086,0.418,0.504,0.317,-3.47,78.58,23.329,0.603,0.007,0.332,N/A,2.918
1992,3,1992,19923,-6.085,100.838,54.576,20.966,0.603,0.027,0.375,N/A,2.742,0.229,0.535,0.764,0.622,-0.2,100.76,20.127,0.662,0.028,0.403,N/A,2.66
1992,4,1992,19924,1.851,94.996,206.817,18.656,0.888,0.019,0.318,N/A,2.466,0.18,0.376,0.556,0.607,7.03,76.64,15.919,1.333,0.016,0.329,N/A,2.239
1992,5,1992,19925,11.539,58.928,96.796,20.236,0.89,0.015,0.143,N/A,2.556,0.245,0.146,0.391,0.285,18.2,42,18.706,1.05,0.021,0.162,N/A,2.472
1992,6,1992,19926,15.586,85.09,29.73,26.283,0.804,0.004,0.145,N/A,2.792,0.2,0.201,0.401,0.654,20.69,72,25.492,0.809,0.003,0.14,N/A,2.734
1992,7,1992,19927,15.777,154.432,19.38,26.7,1.261,0.014,0.137,N/A,2.757,0.238,0.404,0.642,0.928,21.27,116.04,26.408,1.295,0.013,0.139,N/A,2.693
1992,8,1992,19928,15.569,65.278,10.278,29.061,1.236,0.032,0.135,N/A,2.88,0.206,0.216,0.422,0.693,21.36,105.35,28.263,1.277,0.03,0.134,N/A,2.835
1992,9,1992,19929,11.85,123.444,12.524,28.455,1.14,0.024,0.11,N/A,3.093,0.044,0.086,0.13,0.548,18.56,106.2,28.465,1.123,0.022,0.105,N/A,3.109
1992,10,1993,199310,3.839,106.934,29.555,25.242,1.604,0.034,0.069,N/A,2.817,0.134,0.357,0.491,0.636,8.6,81.36,24.744,1.656,0.032,0.065,N/A,2.787
1992,11,1993,199311,-0.865,112.268,68.536,22.898,1.608,0.036,0.135,N/A,2.599,0.081,0.324,0.405,0.376,2.69,99.76,22.789,1.641,0.035,0.136,N/A,2.59
1992,12,1993,199312,-5.599,58.674,39.354,25.158,0.974,0.011,0.179,N/A,2.845,0.08,0.315,0.395,0.278,-1.29,53.81,25.002,1.016,0.012,0.173,N/A,2.805
1993,1,1993,19931,-9.064,102.616,28.339,22.67,1.041,0.006,0.248,N/A,2.982,0.059,0.47,0.529,0.318,-3.73,92.16,21.787,1.389,0.009,0.259,N/A,2.878
1993,2,1993,19932,-13.46,87.63,10.151,25.422,0.594,0.005,0.238,N/A,3.246,0.091,0.428,0.519,0.162,-7.29,72.98,25.362,0.59,0.005,0.237,N/A,3.246
1993,3,1993,19933,-4.783,93.218,31.874,24.532,0.761,0.003,0.291,N/A,3.097,0.125,0.503,0.628,0.39,2.02,86.06,19.409,1.394,0.002,0.393,N/A,2.484
1993,4,1993,19934,4.682,109.474,270.088,17.431,1.449,0.004,0.208,N/A,2.308,0.196,0.318,0.514,0.643,10.16,95.41,17.117,1.515,0.003,0.191,N/A,2.291
1993,5,1993,19935,11.043,76.454,67.569,21.813,1.341,0.004,0.075,N/A,2.554,0.36,0.443,0.803,0.849,16.83,61.08,21.417,1.319,0.004,0.073,N/A,2.541
1993,6,1993,19936,15.329,151.384,53.907,22.947,2.366,0.015,0.082,N/A,2.458,0.262,0.389,0.651,1.026,20.32,121.81,22.353,2.806,0.02,0.082,N/A,2.384
1993,7,1993,19937,18.799,81.026,11.29,30.202,1.468,0.005,0.118,N/A,2.891,0.086,0.182,0.268,0.678,23.9,118.58,29.622,1.494,0.006,0.115,N/A,2.861
1993,8,1993,19938,18.503,141.732,10.826,30.872,1.406,0.017,0.108,N/A,2.815,0.051,0.342,0.393,1.035,23.94,87.7,31.126,1.408,0.017,0.105,N/A,2.833
1993,9,1993,19939,12.21,155.702,33.164,28.349,1.829,0.021,0.095,N/A,2.74,0.194,0.49,0.684,1.394,17.16,124.86,28.128,1.908,0.021,0.095,N/A,2.713
1993,10,1994,199410,5.946,83.553,42.593,24.489,1.543,0.004,0.047,N/A,2.744,0.177,0.306,0.483,0.641,9.61,95.34,24.507,1.545,0.004,0.047,N/A,2.744
1993,11,1994,199411,0.596,83.6,52.241,21.776,1.34,0.008,0.093,N/A,2.893,0.19,0.501,0.691,0.391,4.25,76.72,21.753,1.348,0.008,0.094,N/A,2.889
1993,12,1994,199412,-6.156,88.935,47.855,21.268,1.141,0.006,0.15,N/A,2.88,0.177,0.415,0.592,0.244,-2.67,77.62,21.243,1.163,0.005,0.148,N/A,2.871
1994,1,1994,19941,-16.052,109.339,20.278,22.803,0.864,0.014,0.2,N/A,3.214,0.063,0.375,0.438,0.12,-9.82,98.21,22.768,0.868,0.014,0.198,N/A,3.194
1994,2,1994,19942,-11.72,38.322,15.507,21.213,0.829,0.005,0.271,N/A,3.562,0.036,0.214,0.25,0.068,-5.92,45.57,20.958,0.854,0.004,0.281,N/A,3.468
1994,3,1994,19943,-3.345,105.488,21.336,24.965,0.901,0.005,0.288,N/A,3.581,0.177,0.373,0.55,0.386,0.86,104.38,25.238,0.898,0.006,0.284,N/A,3.579
1994,4,1994,19944,4.041,139.036,291.349,18.447,1.689,0.002,0.242,N/A,2.572,0.516,0.546,1.062,1.12,9.04,123.66,16.743,1.883,0.002,0.22,N/A,2.405
1994,5,1994,19945,11.518,121.296,126.287,20.946,1.474,0.004,0.06,N/A,2.487,0.665,0.332,0.997,0.791,15.8,100.1,20.18,1.496,0.003,0.066,N/A,2.438
1994,6,1994,19946,17.408,96.256,45.592,21.024,1.928,0.009,0.055,N/A,2.529,0.645,0.421,1.066,1.338,22.86,116.91,20.56,1.913,0.008,0.041,N/A,2.532
1994,7,1994,19947,21.223,104.004,20.249,26.209,1.493,0.01,0.119,N/A,2.64,0.765,0.208,0.973,0.957,24.97,118.71,25.513,1.544,0.01,0.121,N/A,2.553
1994,8,1994,19948,16.906,128.053,17.484,26.991,1.532,0.005,0.132,N/A,2.89,0.528,0.222,0.75,1.052,21.86,119.24,26.463,1.618,0.004,0.148,N/A,2.808
1994,9,1994,19949,13.328,113.974,19.977,25.528,1.643,0.02,0.15,N/A,2.842,0.07,0.093,0.163,0.423,16.52,118.26,25.064,1.798,0.02,0.149,N/A,2.749
1994,10,1995,199510,9.577,36.322,22.06,26.172,1.652,0.016,0.074,N/A,2.644,0.04,0.311,0.351,0.442,12.05,34.27,26.066,1.637,0.017,0.073,N/A,2.652
1994,11,1995,199511,5.496,77.724,29.022,20.749,1.828,0.009,0.19,N/A,2.633,0.056,0.188,0.244,0.254,6.13,84.25,21.291,1.907,0.009,0.2,N/A,2.608
1994,12,1995,199512,-4.204,64.516,51.551,20.194,1.337,0.009,0.268,N/A,2.448,0.058,0.209,0.267,0.199,-0.19,64.84,19.593,1.605,0.011,0.287,N/A,2.418
1995,1,1995,19951,-6.201,89.154,66.336,21.368,1.164,0.008,0.331,N/A,2.602,0.026,0.411,0.437,0.154,-1.85,85.6,20.139,1.415,0.011,0.384,N/A,2.477
1995,2,1995,19952,-10.487,83.82,29.759,21.889,0.779,0.002,0.285,N/A,2.831,0.11,0.458,0.568,0.232,-4.86,65.45,22.074,0.771,0.002,0.283,N/A,2.812
1995,3,1995,19953,-1.453,68.072,79.675,18.642,1.207,0.002,0.401,N/A,2.587,0.155,0.299,0.454,0.327,3.99,70.72,17.823,1.326,0.002,0.439,N/A,2.477
1995,4,1995,19954,0.9,64.516,82.127,18.647,1.167,0.02,0.322,N/A,2.48,0.331,0.536,0.867,0.642,6.05,58.58,18.597,1.168,0.021,0.32,N/A,2.476
1995,5,1995,19955,10.393,66.548,59.206,21.116,1.137,0.009,0.226,N/A,2.518,2.871,0.416,3.287,0.909,15.79,78.47,20.955,1.159,0.009,0.228,N/A,2.508
1995,6,1995,19956,16.828,21.59,15.683,26.796,1.174,0.072,0.174,N/A,2.807,0.184,0.074,0.258,0.347,24,39.68,25.325,1.195,0.041,0.177,N/A,2.663
1995,7,1995,19957,18.319,137.414,9.128,27.777,1.655,0.066,0.189,N/A,2.857,0.241,0.233,0.474,0.627,25.04,140.97,26.864,1.955,0.071,0.218,N/A,2.8
1995,8,1995,19958,17.005,170.688,47.826,26.229,1.363,0.054,0.144,N/A,2.887,0.197,0.144,0.341,0.673,23.56,117.45,24.927,1.62,0.051,0.135,N/A,2.684
1995,9,1995,19959,10.355,102.87,10.886,27.243,1.418,0.055,0.071,N/A,3.382,0.186,0.165,0.351,0.653,16.95,89.3,26.278,1.626,0.054,0.06,N/A,3.42
1995,10,1996,199610,8.777,217.222,81.077,22.657,1.845,0.026,0.113,N/A,3.034,0.22,0.245,0.465,0.62,14.03,200.84,21.226,1.926,0.029,0.126,N/A,2.873
1995,11,1996,199611,-2.045,140.95,137.057,19.408,1.484,0.034,0.155,N/A,2.678,0.279,0.498,0.777,0.499,1.99,107.97,19.445,1.523,0.033,0.15,N/A,2.679
1995,12,1996,199612,-8.991,111.259,39.994,20.351,0.82,0.027,0.187,N/A,2.64,0.13,0.383,0.513,0.255,-5.84,92.82,19.582,0.805,0.028,0.18,N/A,2.536
1996,1,1996,19961,-10.532,130.726,95.319,20.674,1.084,0.03,0.271,N/A,2.952,0.415,0.32,0.735,0.205,-5.17,108.41,19.976,1.141,0.028,0.3,N/A,2.821
1996,2,1996,19962,-9.678,107.015,64.929,18.957,1.038,0.029,0.264,N/A,2.763,0.273,0.512,0.785,0.452,-4.02,92.39,18.649,1.074,0.031,0.27,N/A,2.718
1996,3,1996,19963,-4.401,45.463,62.728,18.723,1.129,0.02,0.275,N/A,2.561,0.139,0.437,0.576,0.36,1.18,41.24,18.603,1.148,0.021,0.278,N/A,2.556
1996,4,1996,19964,2.51,206.504,286.673,16.306,1.797,0.026,0.257,N/A,2.218,0.405,0.415,0.82,1.029,8.05,187.4,14.417,2.051,0.032,0.25,N/A,2.043
1996,5,1996,19965,9.561,132.619,185.237,14.603,1.54,0.029,0.151,N/A,2.14,1.101,0.52,1.621,1.13,14.95,145.51,14.134,1.582,0.027,0.162,N/A,2.112
1996,6,1996,19966,15.451,105.957,45.799,19.331,1.356,0.013,0.129,N/A,2.324,0.589,0.344,0.933,0.696,21.2,121.2,19.011,1.361,0.014,0.127,N/A,2.309
1996,7,1996,19967,16.668,203.422,47.302,24.611,1.639,0.012,0.14,N/A,2.372,0.34,0.476,0.816,1.171,22.38,203.67,24.328,1.832,0.012,0.138,N/A,2.3
1996,8,1996,19968,16.913,64.312,21.031,29.27,1.468,0.004,0.148,N/A,2.639,0.101,0.136,0.237,0.519,22.9,57.42,28.621,1.434,0.003,0.145,N/A,2.595
1996,9,1996,19969,13.118,77.156,8.359,30.966,1.463,0.007,0.132,N/A,2.964,0.109,0.18,0.289,0.44,18.56,81.65,29.105,1.49,0.006,0.149,N/A,2.984
1996,10,1997,199710,5.537,138.332,42.697,22.669,1.36,0.036,0.106,N/A,2.751,0.245,0.211,0.456,0.493,10.95,118.45,20.403,1.036,0.04,0.098,N/A,2.514
1996,11,1997,199711,-2.356,110.683,72.507,23.23,1.477,0.037,0.138,N/A,2.551,0.161,0.344,0.505,0.485,1.66,82.72,23.072,1.566,0.039,0.135,N/A,2.532
1996,12,1997,199712,-3.483,153,107.531,20.85,1.234,0.002,0.221,N/A,2.456,0.045,0.439,0.484,0.392,0.17,132.48,20.388,1.348,0.003,0.222,N/A,2.39
1997,1,1997,19971,-11.144,103.591,40.007,22.016,0.74,0.002,0.262,N/A,2.74,0.051,0.352,0.403,0.288,-5.42,93.23,21.851,0.759,0.002,0.26,N/A,2.706
1997,2,1997,19972,-6.725,61.643,27.375,22.678,0.779,0.002,0.307,N/A,2.808,0.066,0.344,0.41,0.313,-0.69,78.48,22.395,0.773,0.002,0.319,N/A,2.76
1997,3,1997,19973,-5.74,114.107,43.048,23.414,0.976,0.002,0.338,N/A,2.972,0.193,0.714,0.907,0.574,0.07,104.74,23.209,0.997,0.002,0.348,N/A,2.93
1997,4,1997,19974,2.079,46.464,211.254,18.662,1.559,0.002,0.417,N/A,2.228,0.096,0.303,0.399,0.266,7.45,66.54,17.749,1.665,0.002,0.395,N/A,2.132
1997,5,1997,19975,7.25,118.346,147.779,20.684,1.427,0.002,0.251,N/A,2.426,0.362,0.68,1.042,0.862,12.21,107.83,19.537,1.483,0.002,0.261,N/A,2.352
1997,6,1997,19976,16.149,76.969,31.262,26.565,1.782,0.002,0.136,N/A,2.76,0.306,0.373,0.679,0.686,22.59,91.34,26.037,1.457,0.002,0.146,N/A,2.732
1997,7,1997,19977,16.602,170.925,44.527,27.253,3.648,0.003,0.107,N/A,2.547,0.55,0.423,0.973,1.046,22.92,159.76,22.625,5.579,0.003,0.101,N/A,2.256
1997,8,1997,19978,15.355,210.749,50.108,28.718,1.372,0.008,0.108,N/A,2.496,0.129,0.405,0.534,1.079,21.6,148.52,27.67,1.486,0.01,0.107,N/A,2.418
1997,9,1997,19979,11.362,78.612,30.974,29.393,1.091,0.013,0.028,N/A,2.337,0.042,0.139,0.181,0.616,17.26,81.29,29.019,1.14,0.015,0.035,N/A,2.33
1997,10,1998,199810,5.472,59.436,28.469,26.545,1.377,0.005,0.052,N/A,2.377,0.098,0.241,0.339,0.326,10.77,56.42,26.448,1.47,0.005,0.053,N/A,2.359
1997,11,1998,199811,-1.463,147.32,72.47,20.895,1.29,0.002,0.026,N/A,2.318,0.113,0.22,0.333,0.332,2.87,116.41,20.982,1.414,0.002,0.027,N/A,2.288
1997,12,1998,199812,-6.884,78.486,31.337,21.591,0.845,0.065,0.129,N/A,2.534,0.125,0.31,0.435,0.286,-2.19,76.84,21.51,0.834,0.061,0.122,N/A,2.52
1998,1,1998,19981,-6.955,165.354,75.452,19.692,1.095,0.022,0.235,N/A,2.393,0.102,0.47,0.572,0.432,-2.67,151.18,17.995,1.248,0.017,0.258,N/A,2.366
1998,2,1998,19982,-3.611,56.896,38.749,23.921,0.702,0.014,0.205,N/A,2.435,0.039,0.144,0.183,0.099,1.26,57.17,23.88,0.703,0.015,0.205,N/A,2.435
1998,3,1998,19983,-2.016,98.298,118.343,20.668,1.124,0.004,0.275,N/A,1.93,0.182,0.443,0.625,0.34,3.65,94.83,17.346,1.719,0.004,0.345,N/A,1.683
1998,4,1998,19984,5.11,70.358,196.933,18.128,2.573,0.03,0.2,N/A,1.983,0.207,0.317,0.524,0.429,11.45,63.99,16.498,2.609,0.025,0.268,N/A,1.835
1998,5,1998,19985,13.945,106.172,46.837,24.037,2.138,0.009,0.106,N/A,2.124,0.586,0.336,0.922,0.817,20.57,65.87,23.265,2.298,0.013,0.113,N/A,2.133
1998,6,1998,19986,14.621,245.11,114.976,20.928,2.435,0.005,0.075,N/A,1.996,0.25,0.452,0.702,0.775,20.22,206.75,19.7,2.711,0.006,0.06,N/A,1.879
1998,7,1998,19987,16.972,179.324,87.432,24.212,1.144,0.003,0.062,N/A,2.19,0.572,0.304,0.876,0.686,23.3,165.55,23.7,1.147,0.003,0.06,N/A,2.175
1998,8,1998,19988,17.042,126.746,37.155,24.945,1.898,0.002,0.096,N/A,2.047,0.18,0.223,0.403,0.59,23.06,125.97,24.317,2.398,0.002,0.105,N/A,1.944
1998,9,1998,19989,13.096,99.568,20.338,27.101,1.1,0.002,0.097,N/A,2.353,0.149,0.244,0.393,0.602,18.92,114.6,27.047,1.129,0.002,0.098,N/A,2.349
1998,10,1999,199910,6.92,74.168,30.114,25.811,1.355,0.002,0.055,N/A,2.322,0.098,0.298,0.396,0.418,11.26,83.8,25.676,1.354,0.002,0.055,N/A,2.312
1998,11,1999,199911,0.203,104.648,42.855,23.698,1.302,0.002,0.126,N/A,2.423,0.217,0.45,0.667,0.476,3.1,88.95,23.324,1.376,0.002,0.128,N/A,2.423
1998,12,1999,199912,-4.239,49.022,66.248,20.494,1.471,0.002,0.172,N/A,2.297,0.18,0.517,0.697,0.352,2.05,51.46,20.306,1.528,0.002,0.166,N/A,2.254
1999,1,1999,19991,-9.644,151.384,34.267,24.56,2.062,0.002,0.198,N/A,2.583,0.026,0.401,0.427,0.288,-3.99,128.16,24.077,1.562,0.002,0.209,N/A,2.529
1999,2,1999,19992,-6.89,50.292,24.44,24.646,0.859,0.002,0.214,N/A,2.576,0.06,0.241,0.301,0.288,-0.8,34.26,24.608,0.85,0.002,0.213,N/A,2.567
1999,3,1999,19993,-2.883,110.744,43.317,23.084,1.031,0.003,0.253,N/A,2.445,0.127,0.326,0.453,0.352,1.88,105.98,22.485,1.154,0.004,0.267,N/A,2.388
1999,4,1999,19994,4.068,22.098,177.987,19.984,1.508,0.006,0.204,N/A,2.173,0.373,0.432,0.805,0.567,9.48,26.77,19.532,1.56,0.004,0.257,N/A,2.147
1999,5,1999,19995,13.17,107.95,68.464,25.497,1.329,0.002,0.102,N/A,2.347,0.707,0.068,0.775,0.276,19.45,90.02,25.583,1.327,0.002,0.099,N/A,2.343
1999,6,1999,19996,17.132,92.456,27.472,28.226,1.698,0.004,0.077,N/A,2.164,1.069,0.319,1.388,0.921,24.3,85.69,27.355,1.82,0.005,0.084,N/A,2.119
1999,7,1999,19997,18.782,128.524,19.003,31.494,1.836,0.008,0.067,N/A,2.39,0.083,0.235,0.318,0.71,25.05,117.93,29.341,2.74,0.003,0.114,N/A,2.114
1999,8,1999,19998,16.096,70.104,3.712,35.763,1.472,0.033,0.081,N/A,2.858,0.198,0.213,0.411,0.54,22.11,70.26,35.327,1.503,0.035,0.086,N/A,2.84
1999,9,1999,19999,14.984,247.904,41.838,33.292,1.713,0.002,0.054,N/A,3.626,0.046,0.287,0.333,0.556,20.89,232.93,30.304,2.064,0.002,0.056,N/A,3.897
1999,10,2000,200010,5.084,93.468,58.32,26.549,1.574,0.002,0.056,N/A,3.124,0.087,0.341,0.428,0.568,10.28,115.49,26.238,1.582,0.002,0.063,N/A,3.089
1999,11,2000,200011,1.932,92.425,66.597,25.506,1.235,0.002,0.112,N/A,2.914,0.186,0.353,0.539,0.481,6.82,94.22,25.145,1.279,0.002,0.106,N/A,2.866
1999,12,2000,200012,-5.443,50.716,56.047,24.637,1.068,0.002,0.12,N/A,2.951,0.063,0.279,0.342,0.268,-1.24,54.61,24.473,1.125,0.002,0.102,N/A,2.912
2000,1,2000,20001,-11.319,115.165,28.866,24.823,0.92,0.002,0.164,N/A,3.082,0.067,0.435,0.502,0.368,-6.25,99.62,24.088,0.967,0.002,0.16,N/A,3.017
2000,2,2000,20002,-7.57,86.17,19.905,25.983,0.904,0.002,0.233,N/A,3.073,0.107,0.396,0.503,0.434,-1.67,91.23,24.953,0.982,0.002,0.278,N/A,3.004
2000,3,2000,20003,-0.39,68.191,101.852,21.808,1.523,0.002,0.311,N/A,2.792,0.108,0.306,0.414,0.661,5.51,69.07,19.166,2.314,0.002,0.333,N/A,2.514
2000,4,2000,20004,2.598,170.973,286.851,16.72,1.864,0.002,0.185,N/A,2.047,0.151,0.405,0.556,0.933,7.68,167.28,16.338,2.019,0.002,0.193,N/A,2.038
2000,5,2000,20005,10.849,187.34,192.479,19.044,2.03,0.01,0.116,N/A,2.296,1.743,0.777,2.52,1.763,15.93,169.29,18.63,2.401,0.007,0.119,N/A,2.306
2000,6,2000,20006,14.332,67.52,44.032,24.5,0.975,0.005,0.101,N/A,2.396,0.869,0.372,1.241,1.323,20.08,81.07,23.678,0.922,0.007,0.104,N/A,2.347
2000,7,2000,20007,15.966,62.95,8.942,30.326,1.509,0.002,0.137,N/A,2.658,0.221,0.089,0.31,0.155,21.77,98.04,30.132,1.491,0.002,0.139,N/A,2.645
2000,8,2000,20008,15.946,123.168,16.262,30.102,1.852,0.005,0.144,N/A,2.471,0.251,0.281,0.532,0.702,21.57,108.43,29.855,1.928,0.006,0.141,N/A,2.426
2000,9,2000,20009,11.851,86.757,11.227,31.554,1.61,0.002,0.155,N/A,2.846,0.175,0.255,0.43,0.573,17.74,92.23,31.465,1.49,0.002,0.155,N/A,2.84
2000,10,2001,200110,6.681,74.839,22.809,29.524,1.364,0.002,0.14,N/A,2.815,0.769,0.129,0.898,0.948,11.82,76.68,29.391,1.403,0.002,0.143,N/A,2.796
2000,11,2001,200111,0.017,120.5,49.327,26.626,1.42,0.014,0.236,N/A,2.578,0.104,0.324,0.428,0.265,3.28,90.52,26.208,1.452,0.016,0.244,N/A,2.554
2000,12,2001,200112,-9.967,165.294,95.157,22.522,1.235,0.034,0.323,N/A,2.452,0.031,0.305,0.336,0.12,-5.33,133.73,21.396,1.356,0.02,0.358,N/A,2.392
2001,1,2001,20011,-8.867,64.223,34.398,22.662,0.796,0.002,0.251,N/A,2.632,0.077,0.363,0.44,0.209,-4.38,46.87,22.505,0.79,0.002,0.252,N/A,2.623
2001,2,2001,20012,-9.179,99.828,19.622,23.633,2.326,0.046,0.294,N/A,2.801,0.134,0.678,0.812,0.425,-3.19,97.03,23.589,2.504,0.045,0.295,N/A,2.797
2001,3,2001,20013,-4.208,166.848,16.827,23.935,0.784,0.017,0.317,N/A,2.858,0.086,0.301,0.387,0.43,-0.06,124.58,23.852,0.786,0.016,0.322,N/A,2.847
2001,4,2001,20014,2.906,34.797,244.482,17.362,1.585,0.008,0.435,N/A,2.255,0.136,0.232,0.368,0.476,9.16,29.09,12.822,2.33,0.008,0.474,N/A,1.941
2001,5,2001,20015,12.007,45.976,110.026,20.243,1.267,0.022,0.185,N/A,1.978,0.152,0.166,0.318,0.25,18.78,56.63,17.923,1.599,0.026,0.217,N/A,1.898
2001,6,2001,20016,16.327,91.046,32.101,26.07,1.258,0.004,0.144,N/A,2.327,0.061,0.131,0.192,0.36,22.51,83.16,24.028,1.304,0.003,0.141,N/A,2.159
2001,7,2001,20017,16.05,58.721,7.953,30.855,1.39,0.007,0.146,N/A,2.987,0.074,0.197,0.271,0.505,22.39,84.96,30.113,1.306,0.005,0.154,N/A,2.896
2001,8,2001,20018,7.69,47.678,0.423,36.383,1.611,0.029,0.135,N/A,3.296,0.033,0.124,0.157,0.291,25.47,64.98,36.219,1.574,0.023,0.13,N/A,3.41
2001,9,2001,20019,12.546,73.519,1.723,33.224,5.82,0.042,0.211,N/A,4.963,0.04,0.131,0.171,0.182,19.52,104.88,31.3,5.501,0.022,0.254,N/A,5.92
2001,10,2002,200210,4.875,95.658,6.455,30.585,2.491,0.016,0.039,N/A,6.992,0.169,0.332,0.501,1.219,13.47,73.04,29.401,2.737,0.017,0.04,N/A,6.541
2001,11,2002,200211,1.874,90.078,11.515,24.4,2.299,0.003,0.14,N/A,5.917,0.322,0.476,0.798,0.623,6.48,73.42,24.321,2.24,0.003,0.157,N/A,5.905
2001,12,2002,200212,-3.023,75.405,15.826,23.877,1.519,0.002,0.288,N/A,5.551,0.12,0.555,0.675,0.47,1.56,64.96,23.878,1.588,0.002,0.287,N/A,5.633
2002,1,2002,20021,-5.78,113.012,14.12,24.652,1.19,0.002,0.319,N/A,4.235,0.217,0.783,1,0.495,-1.38,79.79,24.663,1.19,0.002,0.319,N/A,4.204
2002,2,2002,20022,-6.692,85.159,15.489,24.748,1.497,0.006,0.302,N/A,3.858,0.088,0.453,0.541,0.347,-0.34,87.63,24.583,1.663,0.006,0.317,N/A,3.821
2002,3,2002,20023,-3.207,125.606,55.438,21.391,1.524,0.002,0.388,N/A,3.454,0.135,0.413,0.548,0.701,1.82,95.53,21.072,1.508,0.002,0.39,N/A,3.367
2002,4,2002,20024,3.731,122.533,306.183,16.268,1.935,0.003,0.192,N/A,2.355,0.173,0.408,0.581,0.765,9.96,114.31,14.981,2.148,0.003,0.191,N/A,2.165
2002,5,2002,20025,8.591,142.621,138.785,18.835,1.662,0.012,0.071,N/A,2.515,0.146,0.27,0.416,0.466,14.4,118.99,18.311,1.783,0.013,0.075,N/A,2.412
2002,6,2002,20026,14.201,205.974,125.587,22.781,1.592,0.002,0.087,N/A,2.711,0.519,0.67,1.189,1.492,20.42,208.61,22.89,1.618,0.002,0.091,N/A,2.693
2002,7,2002,20027,17.262,150.297,61.592,24.923,2.04,0.002,0.083,N/A,2.492,0.109,0.345,0.454,0.745,23.92,114.9,24.649,2.074,0.002,0.08,N/A,2.475
2002,8,2002,20028,17.849,19.819,6.296,31.322,1.326,0.002,0.108,N/A,3.029,0.011,0.025,0.036,0.1,24.65,35.51,29.296,1.563,0.002,0.109,N/A,2.935
2002,9,2002,20029,14.015,146.438,10.695,34.791,1.502,0.002,0.115,N/A,3.502,0.117,0.199,0.316,0.813,20.97,126.55,33.623,1.762,0.002,0.108,N/A,3.533
2002,10,2003,200310,4.444,127.696,26.509,29.369,3.595,0.004,0.074,N/A,3.144,0.219,0.304,0.523,0.676,9.23,84.06,29.1,3.444,0.003,0.073,N/A,3.109
2002,11,2003,200311,-1.887,130.467,52.921,23.67,1.685,0.004,0.093,N/A,3.016,0.112,0.313,0.425,0.586,2.58,110.81,22.748,1.642,0.004,0.103,N/A,3.052
2002,12,2003,200312,-7.358,74.501,43.43,22.969,0.94,0.01,0.145,N/A,3.011,0.083,0.255,0.338,0.31,-2.67,62.47,22.868,0.958,0.009,0.144,N/A,3.007
2003,1,2003,20031,-14.03,63.204,25.322,24.772,0.641,0.011,0.176,N/A,3.018,0.034,0.238,0.272,0.123,-8.88,47.36,24.587,0.641,0.011,0.178,N/A,3.003
2003,2,2003,20032,-10.994,57.131,13.256,24.53,0.592,0.009,0.152,N/A,2.317,0.07,0.236,0.306,0.253,-5.41,48.3,24.508,0.594,0.009,0.158,N/A,2.411
2003,3,2003,20033,-4.038,91.77,81.779,21.765,0.806,0.002,0.334,N/A,2.801,0.225,0.519,0.744,0.579,2.66,77.25,18.486,1.037,0.002,0.404,N/A,2.455
2003,4,2003,20034,2.183,76.157,179.774,17.493,1.408,0.012,0.222,N/A,2.213,0.232,0.409,0.641,0.627,7.73,55.45,17.252,1.494,0.012,0.213,N/A,2.172
2003,5,2003,20035,10.601,106.197,122.708,20.727,1.133,0.019,0.099,N/A,2.293,0.144,0.219,0.363,0.478,16.21,108,20.133,1.162,0.018,0.112,N/A,2.268
2003,6,2003,20036,15.466,94.514,37.098,25.819,1.049,0.004,0.045,N/A,2.501,0.066,0.044,0.11,0.367,21.9,92.54,25.152,1.049,0.003,0.038,N/A,2.469
2003,7,2003,20037,17.645,99.971,11.89,29.494,1.296,0.005,0.081,N/A,2.689,0.082,0.131,0.213,0.804,23.66,118.61,29.016,1.388,0.004,0.08,N/A,2.653
2003,8,2003,20038,17.744,126.432,27.824,28.427,1.351,0.004,0.048,N/A,2.573,0.094,0.122,0.216,0.34,23.55,116.33,27.562,1.613,0.002,0.045,N/A,2.43
2003,9,2003,20039,13.442,126.233,15.078,27.988,2.574,0.014,0.126,N/A,2.623,0.287,0.166,0.453,0.406,19.44,107.93,25.37,3.771,0.014,0.158,N/A,2.392
2003,10,2004,200410,5.715,224.991,96.043,24.576,2.319,0.005,0.068,N/A,2.46,0.448,0.662,1.11,0.999,10.25,183.8,22.068,2.719,0.004,0.063,N/A,2.255
2003,11,2004,200411,0.85,144.804,148.297,22.246,1.032,0.014,0.058,N/A,2.397,0.129,0.398,0.527,0.492,5.39,123.41,22.124,1.04,0.013,0.059,N/A,2.381
2003,12,2004,200412,-6.69,223.072,139.017,20.704,0.954,0.012,0.097,N/A,2.234,0.041,0.245,0.286,0.257,-2.16,188.8,20.611,0.954,0.011,0.098,N/A,2.221
2004,1,2004,20041,-16.125,34.22,52.851,22.859,0.235,0.017,0.117,N/A,2.44,0.037,0.228,0.265,0.141,-10.89,31.73,22.173,0.284,0.017,0.108,N/A,2.375
2004,2,2004,20042,-8.65,40.628,13.896,25.333,0.188,0.015,0.158,N/A,2.691,0.081,0.233,0.314,0.251,-2.96,35.8,25.297,0.188,0.015,0.156,N/A,2.688
2004,3,2004,20043,-1.899,64.094,51.206,23.002,0.188,0.01,0.221,N/A,2.701,0.215,0.481,0.696,0.584,3.58,54.37,21.45,0.188,0.008,0.236,N/A,2.524
2004,4,2004,20044,4.029,81.411,195.945,18.572,0.188,0.005,0.134,N/A,2.162,0.263,0.251,0.514,0.518,9.31,79.94,18.446,0.188,0.006,0.138,N/A,2.159
2004,5,2004,20045,11.354,139.33,97.387,22.55,0.188,0.005,0.055,N/A,2.15,0.09,0.192,0.282,0.457,17.82,124.62,22.047,0.188,0.007,0.054,N/A,2.1
2004,6,2004,20046,13.706,93.509,50.895,26.312,0.188,0.006,0.051,N/A,2.358,0.116,0.191,0.307,0.59,20.37,86.4,25.135,0.188,0.004,0.048,N/A,2.28
2004,7,2004,20047,17.11,87.795,19.412,29.037,0.188,0.015,0.069,N/A,2.444,0.087,0.21,0.297,0.501,22.84,141.81,28.922,0.188,0.016,0.065,N/A,2.452
2004,8,2004,20048,16.35,222.573,36.159,30.439,0.188,0.008,0.087,N/A,2.254,0.011,0.207,0.218,0.733,22.13,207.01,29.715,0.188,0.006,0.071,N/A,2.162
2004,9,2004,20049,13.291,75.322,39.642,31.392,0.188,0.004,0.022,N/A,2.364,0.044,0.033,0.077,0.258,19.4,74.92,31.132,0.188,0.005,0.023,N/A,2.342
2004,10,2005,200510,7.323,38.952,21.217,32.492,0.188,0.011,0.015,N/A,2.651,0.349,0.165,0.514,0.297,12.04,44.27,32.326,0.188,0.012,0.016,N/A,2.642
2004,11,2005,200511,1.417,110.866,44.947,28.367,0.188,0.009,0.072,N/A,2.561,0.206,0.318,0.524,0.438,4.43,94.76,28.003,0.188,0.009,0.076,N/A,2.538
2004,12,2005,200512,-6.664,120.841,67.735,27.318,0.188,0.013,0.123,N/A,2.569,0.045,0.36,0.405,0.308,-2.56,110.69,27.217,0.188,0.012,0.123,N/A,2.557
2005,1,2005,20051,-11.808,76.263,37.862,25.135,0.188,0.007,0.137,N/A,2.631,0.073,0.233,0.306,0.228,-6.3,64.79,25.125,0.188,0.009,0.138,N/A,2.622
2005,2,2005,20052,-6.966,106.083,20.166,25.604,0.373,0.006,0.15,N/A,2.732,0.022,0.225,0.247,0.208,-1.01,61.29,25.509,0.357,0.005,0.151,N/A,2.73
2005,3,2005,20053,-4.861,115.688,22.239,27.576,0.818,0.005,0.155,N/A,2.689,0.095,0.273,0.368,0.341,0.17,72,26.704,0.898,0.004,0.175,N/A,2.607
2005,4,2005,20054,4.939,149.228,263.765,21.031,1.378,0.002,0.18,N/A,2.137,0.34,0.56,0.9,0.921,11.04,121.16,20.942,1.387,0.002,0.191,N/A,2.129
2005,5,2005,20055,8.721,55.542,89.856,24.476,1.121,0.017,0.05,N/A,2.305,0.123,0.176,0.299,0.284,13.47,90.74,23.869,1.161,0.014,0.04,N/A,2.299
2005,6,2005,20056,17.904,117.26,58.607,30.547,1.096,0.032,0.011,N/A,2.236,0.009,0.052,0.061,0.21,24.13,117.15,30.397,1.142,0.024,0.008,N/A,2.206
2005,7,2005,20057,18.488,83.411,21.765,33.174,1.173,0.003,0.032,N/A,2.283,0.008,0.055,0.063,0.627,24.98,127.24,32.445,1.189,0.003,0.036,N/A,2.283
2005,8,2005,20058,17.813,179.521,25.522,34.78,1.148,0.002,0.009,N/A,2.352,1.712,0.036,1.748,0.355,23.72,115.74,34.095,1.203,0.003,0.017,N/A,2.335
2005,9,2005,20059,14.374,70.752,24.867,32.818,1.313,0.006,0.02,N/A,2.292,0.197,0.341,0.538,1.044,20.52,100.59,33.07,1.288,0.006,0.023,N/A,2.302
2005,10,2006,200610,7.742,266.622,164.507,25.598,2.03,0.009,0.031,N/A,1.89,0.037,0.017,0.054,0.076,11.62,253.94,23.405,2.224,0.012,0.025,N/A,1.766
2005,11,2006,200611,-0.484,147.218,141.717,23.498,1.326,0.002,0.015,N/A,1.851,0.138,0.235,0.373,0.357,5.82,125.51,23.362,1.332,0.002,0.018,N/A,1.846
2005,12,2006,200612,-7.602,109.731,93.211,24.413,0.936,0.002,0.061,N/A,2.055,0.089,0.227,0.316,0.139,-3.08,88.22,23.852,0.989,0.002,0.055,N/A,2.016
2006,1,2006,20061,-5.035,111.647,105.122,24.817,0.939,0.002,0.121,N/A,2.208,0.114,0.288,0.402,0.29,-0.31,94.86,24.398,0.957,0.002,0.126,N/A,2.167
2006,2,2006,20062,-8.498,63.163,69.842,22.243,0.888,0.002,0.069,N/A,2.008,0.062,0.167,0.229,0.194,-3.25,58.13,22.444,0.928,0.002,0.056,N/A,1.997
2006,3,2006,20063,-3.285,45.951,60.424,20.909,0.871,0.002,0.091,N/A,1.918,0.105,0.164,0.269,0.284,0.89,51.02,20.241,0.983,0.002,0.083,N/A,1.847
2006,4,2006,20064,5.038,93.566,151.017,19.301,1.189,0.002,0.086,N/A,1.655,0.103,0.154,0.257,0.239,10.92,81.43,19.068,1.212,0.002,0.091,N/A,1.647
2006,5,2006,20065,12.002,160.506,117.258,22.382,2.749,0.002,0.065,N/A,1.706,0.112,0.089,0.201,0.355,16.56,177.16,22.104,3.084,0.002,0.069,N/A,1.692
2006,6,2006,20066,15.626,222.206,99.455,23.057,1.525,0.002,0.051,N/A,1.652,0.012,0.064,0.076,0.309,21.36,223.02,22.69,1.635,0.002,0.053,N/A,1.622
2006,7,2006,20067,19.097,115.77,62.333,28.09,1.347,0.002,0.055,N/A,1.794,0.069,0.273,0.342,0.743,25.19,121.18,26.463,1.454,0.002,0.051,N/A,1.723
2006,8,2006,20068,12.236,275.716,49.721,29.5,1.275,0.002,0.066,N/A,1.926,0.079,0.212,0.291,0.762,21.54,139.53,29.202,1.369,0.002,0.067,N/A,1.879
2006,9,2006,20069,12.397,72.352,19.579,30.794,1.062,0.002,0.066,N/A,2.215,0.019,0.059,0.078,0.2,18.01,69.71,30.323,1.145,0.002,0.064,N/A,2.134
2006,10,2007,200710,5.624,214.32,105.917,25.997,1.585,0.003,0.093,N/A,1.958,0.06,0.131,0.191,0.315,10.2,194.91,24.019,1.701,0.004,0.129,N/A,1.916
2006,11,2007,200711,3.654,63.721,103.594,22.927,1.26,0.002,0.101,N/A,1.998,0.164,0.209,0.373,0.32,7.34,63.8,22.718,1.318,0.002,0.109,N/A,1.973
2006,12,2007,200712,-3.286,129.755,99.071,23.274,1.04,0.002,0.155,N/A,2.094,0.152,0.264,0.416,0.259,1.38,111.15,23.215,1.059,0.002,0.151,N/A,2.082
2007,1,2007,20071,-9.538,98.048,92.541,22.971,1.026,0.003,0.241,N/A,2.005,0.055,0.209,0.264,0.182,-4.07,81.48,22.682,1.096,0.002,0.258,N/A,1.956
2007,2,2007,20072,-12.437,81.861,16.821,25.323,0.627,0.002,0.24,N/A,2.258,0.018,0.192,0.21,0.068,-7.3,69.47,25.247,0.65,0.002,0.237,N/A,2.249
2007,3,2007,20073,-4.718,102.586,48.317,24.851,0.658,0.002,0.308,N/A,2.1,0.155,0.312,0.467,0.39,1.09,88.31,23.938,0.698,0.002,0.335,N/A,1.993
2007,4,2007,20074,2.52,141.085,224.727,18.781,1.175,0.002,0.314,N/A,1.679,0.1,0.186,0.286,0.363,6.96,125.34,15.935,1.548,0.002,0.305,N/A,1.519
2007,5,2007,20075,11.221,94.515,119.438,21.601,1.094,0.002,0.179,N/A,1.879,0.48,0.321,0.801,1.006,17.32,88.75,20.941,1.124,0.002,0.186,N/A,1.856
2007,6,2007,20076,15.431,122.464,45.346,26.008,1.18,0.002,0.154,N/A,1.974,0.309,0.275,0.584,0.642,21.97,99.02,25.236,1.262,0.002,0.149,N/A,1.923
2007,7,2007,20077,16.528,157.76,53.019,26.875,1.564,0.002,0.093,N/A,1.703,0.306,0.348,0.654,0.922,22.29,147.23,26.223,1.654,0.002,0.088,N/A,1.58
2007,8,2007,20078,16.512,109.469,18.31,29.565,1.541,0.002,0.077,N/A,1.916,0.147,0.116,0.263,0.59,23.17,96.96,29.265,1.701,0.002,0.095,N/A,1.86
2007,9,2007,20079,13.055,96.637,10.557,31.309,1.229,0.002,0.078,N/A,2.211,0.407,0.098,0.505,0.402,20.21,83.65,31.386,1.268,0.002,0.076,N/A,2.207
2007,10,2008,200810,9.48,164.061,46.754,28.898,1.941,0.004,0.079,N/A,2.054,0.269,0.178,0.447,0.452,14.46,141.73,27.264,2.297,0.005,0.089,N/A,1.932
2007,11,2008,200811,-1.83,143.867,99.146,23.255,1.565,0.002,0.137,N/A,1.961,0.267,0.309,0.576,0.427,2.5,122.8,22.892,1.518,0.002,0.141,N/A,1.98
2007,12,2008,200812,-7.758,166.846,62.075,24.105,0.885,0.002,0.165,N/A,2.453,0.122,0.304,0.426,0.293,-3.47,124.91,23.967,0.886,0.002,0.168,N/A,2.457
2008,1,2008,20081,-8.043,77.283,70.701,23.217,0.844,0.002,0.217,N/A,2.091,0.067,0.225,0.292,0.197,-2.37,58.32,22.543,0.869,0.002,0.219,N/A,2.011
2008,2,2008,20082,-8.209,157.002,38.289,24.713,0.985,0.002,0.201,N/A,2.103,0.135,0.306,0.441,0.358,-2.64,131.85,24.558,1.003,0.002,0.202,N/A,2.092
2008,3,2008,20083,-4.688,127.597,59.102,25.782,1.074,0.008,0.207,N/A,2.15,0.112,0.306,0.418,0.428,0.53,115.96,25.547,1.086,0.009,0.208,N/A,2.119
2008,4,2008,20084,5.033,97.773,365.208,18.716,1.508,0.008,0.205,N/A,1.674,0.12,0.207,0.327,0.409,12.38,88.09,16.956,1.672,0.009,0.201,N/A,1.56
2008,5,2008,20085,9.859,61.374,88.484,22.306,1.179,0.008,0.095,N/A,1.854,0.131,0.124,0.255,0.444,15.82,41.48,20.389,1.237,0.008,0.107,N/A,1.787
2008,6,2008,20086,15.936,142.59,44.789,27.945,1.437,0.007,0.066,N/A,1.935,0.135,0.259,0.394,0.743,21.86,177.43,27.65,1.411,0.006,0.068,N/A,1.939
2008,7,2008,20087,17.615,302.727,127.281,28.764,1.62,0.014,0.044,N/A,1.894,0.183,0.275,0.458,1.211,23.79,212.13,26.915,1.918,0.011,0.035,N/A,1.751
2008,8,2008,20088,15.648,130.913,124.181,22.334,1.067,0.006,0.02,N/A,1.45,0.078,0.146,0.224,0.429,21.76,156.11,23.422,1.296,0.006,0.017,N/A,1.514
2008,9,2008,20089,13.336,61.069,13.254,35.289,1.105,0.012,0.058,N/A,2.264,0.131,0.112,0.243,0.316,19.28,76.51,35.07,1.137,0.012,0.06,N/A,2.232
2008,10,2009,200910,5.706,140.929,35.163,31.261,1.303,0.015,0.032,N/A,2.201,0.097,0.137,0.234,0.288,10.82,122.58,29.861,1.361,0.012,0.039,N/A,2.144
2008,11,2009,200911,-0.255,92.828,50.729,24.589,1.266,0.009,0.061,N/A,1.951,0.069,0.15,0.219,0.177,3.81,78.71,24.419,1.286,0.009,0.062,N/A,1.945
2008,12,2009,200912,-7.442,155.179,59.075,24.417,0.865,0.008,0.072,N/A,2.118,0.08,0.214,0.294,0.21,-1.48,132.05,24.243,0.865,0.008,0.072,N/A,2.111
2009,1,2009,20091,-13.16,92.931,32.808,26.193,0.874,0.012,0.115,N/A,2.061,0.068,0.227,0.295,0.108,-8.05,72.63,25.969,0.89,0.012,0.11,N/A,2.054
2009,2,2009,20092,-8.174,97.468,27.773,27.756,0.512,0.014,0.154,N/A,2.119,0.251,0.45,0.701,0.319,-2.42,77.42,27.814,0.491,0.014,0.156,N/A,2.114
2009,3,2009,20093,-2.809,52.627,79.008,24.99,0.354,0.013,0.176,N/A,1.865,0.117,0.188,0.305,0.279,3.07,61.33,23.842,0.383,0.013,0.186,N/A,1.809
2009,4,2009,20094,5.035,75.034,231.278,20.376,0.951,0.004,0.109,N/A,1.519,0.612,0.254,0.866,0.43,10.94,68.37,19.742,0.995,0.005,0.122,N/A,1.492
2009,5,2009,20095,10.226,166.036,113.971,23.706,0.54,0.004,0.069,N/A,1.778,0.271,0.182,0.453,0.357,16.2,145.55,23.424,0.574,0.003,0.067,N/A,1.763
2009,6,2009,20096,14.083,133.771,62.614,24.026,0.822,0.016,0.023,N/A,1.676,0.113,0.041,0.154,0.215,19.82,131.11,23.832,0.862,0.015,0.023,N/A,1.655
2009,7,2009,20097,15.686,203.249,91.039,26.159,0.717,0.018,0.013,N/A,1.663,0.109,0.078,0.187,0.266,21.64,166.12,25.97,0.747,0.018,0.012,N/A,1.649
2009,8,2009,20098,17.096,51.654,32.244,30.409,0.703,0.019,0.021,N/A,1.838,0.032,0.068,0.1,0.16,23.42,103.32,28.796,0.717,0.022,0.016,N/A,1.733
2009,9,2009,20099,12.025,75.583,7.642,32.817,0.662,0.015,0.044,N/A,2.4,0.049,0.054,0.103,0.1,18.39,64.93,31.684,1.194,0.015,0.047,N/A,2.344
2009,10,2010,201010,4.752,135.249,34.949,27.431,1.94,0.018,0.01,N/A,2.101,0.111,0.173,0.284,0.325,8.58,117.07,26.951,1.883,0.018,0.009,N/A,2.097
2009,11,2010,201011,2.983,142.741,67.079,22.778,1.441,0.016,0.02,N/A,2.027,0.081,0.073,0.154,0.159,7.76,118.61,22.367,1.474,0.017,0.021,N/A,1.99
2009,12,2010,201012,-7.23,136.231,112.122,21.794,1.208,0.018,0.036,N/A,1.909,0.135,0.198,0.333,0.132,-3.37,98.84,21.594,1.335,0.017,0.028,N/A,1.872
2010,1,2010,20101,-8.248,63.554,50.89,22.863,1.07,0.003,0.066,N/A,1.95,0.057,0.121,0.178,0.095,-4.36,64.25,22.066,1.173,0.003,0.071,N/A,1.879
2010,2,2010,20102,-6.25,71.392,25.951,24.595,0.799,0.002,0.081,N/A,2.146,0.045,0.068,0.113,0.055,-3.08,67.65,24.445,0.802,0.002,0.081,N/A,2.131
2010,3,2010,20103,1.148,79.906,154.253,20.217,1.254,0.002,0.103,N/A,1.861,0.2,0.175,0.375,0.308,5.95,95.26,17.741,1.487,0.002,0.108,N/A,1.697
2010,4,2010,20104,6.876,112.27,131.6,18.026,1.385,0.002,0.048,N/A,1.736,0.472,0.261,0.733,0.405,12.5,103.73,17.822,1.433,0.002,0.049,N/A,1.72
2010,5,2010,20105,12.715,81.82,89.512,22.56,1.306,0.002,0.031,N/A,1.838,0.214,0.141,0.355,0.254,18.97,61.97,21.189,1.311,0.002,0.037,N/A,1.784
2010,6,2010,20106,14.948,171.128,58.639,26.312,1.366,0.002,0.048,N/A,1.819,0.159,0.159,0.318,0.388,20.76,165.34,26.146,1.386,0.002,0.048,N/A,1.801
2010,7,2010,20107,19.197,95.033,23.927,29.968,1.423,0.002,0.092,N/A,2.435,0.01,0.101,0.111,0.35,25.35,96.23,29.956,1.422,0.002,0.092,N/A,2.391
2010,8,2010,20108,17.021,122.284,18.362,31.241,1.529,0.002,0.093,N/A,2.651,0.3,0.218,0.518,0.62,22.98,130.9,30.683,1.639,0.002,0.094,N/A,2.583
2010,9,2010,20109,13.604,137.208,10.795,33.202,1.334,0.002,0.074,N/A,2.987,0.036,0.098,0.134,0.315,19.12,111.45,32.01,1.604,0.002,0.057,N/A,2.926
2010,10,2011,201110,5.804,189.527,103.409,25.786,1.65,0.002,0.043,N/A,2.301,0.146,0.134,0.28,0.222,10.62,200.92,26.255,1.69,0.002,0.043,N/A,2.355
2010,11,2011,201111,0.336,89.598,78.289,22.78,1.28,0.002,0.076,N/A,2.143,0.145,0.15,0.295,0.19,4.32,73.09,22.724,1.295,0.002,0.075,N/A,2.138
2010,12,2011,201112,-7.804,120.705,88.536,22.15,1.014,0.002,0.133,N/A,2.123,0.053,0.12,0.173,0.127,-4.25,109.13,22.127,1.06,0.003,0.132,N/A,2.107
2011,1,2011,20111,-10.833,64.135,30.08,25.009,0.814,0.002,0.146,N/A,2.315,0.043,0.161,0.204,0.08,-6.02,51.54,24.694,0.826,0.002,0.145,N/A,2.283
2011,2,2011,20112,-9.064,112.463,16.553,25.324,0.807,0.002,0.168,N/A,2.523,0.115,0.265,0.38,0.228,-3.46,91.71,25.313,0.812,0.002,0.169,N/A,2.524
2011,3,2011,20113,-3.949,132.609,57.385,23.465,0.978,0.002,0.231,N/A,2.31,0.139,0.256,0.395,0.307,1.12,120.95,23.302,0.994,0.002,0.236,N/A,2.293
2011,4,2011,20114,3.074,173.586,321.569,15.637,1.674,0.002,0.237,N/A,1.615,0.343,0.324,0.667,0.48,8.77,171.75,13.957,1.867,0.002,0.23,N/A,1.474
2011,5,2011,20115,12.836,226.42,201.082,17.968,1.52,0.004,0.092,N/A,1.649,0.597,0.532,1.129,0.632,17.93,214.2,18.088,1.548,0.004,0.089,N/A,1.632
2011,6,2011,20116,14.952,100.758,64.8,23.096,1.443,0.008,0.084,N/A,1.726,0.215,0.2,0.415,0.228,21.31,97.42,22.263,1.471,0.006,0.079,N/A,1.689
2011,7,2011,20117,18.557,71.89,9.888,30.13,1.281,0.006,0.106,N/A,2.111,0.228,0.189,0.417,0.431,25.15,81.48,28.66,1.443,0.01,0.119,N/A,1.983
2011,8,2011,20118,16.928,264.043,50.745,31.26,1.628,0.004,0.106,N/A,2.185,0.084,0.133,0.217,0.313,23.2,225.63,24.733,2.801,0.005,0.113,N/A,1.71
2011,9,2011,20119,14.318,129.876,55.866,26.048,1.854,0.005,0.084,N/A,1.751,0.076,0.102,0.178,0.239,20.08,130.07,25.743,1.923,0.005,0.085,N/A,1.718
2011,10,2012,201210,7.632,120.639,87.637,25.156,1.542,0.007,0.071,N/A,1.771,0.106,0.14,0.246,0.228,12.16,122.23,25.09,1.567,0.007,0.07,N/A,1.766
2011,11,2012,201211,3.029,56.595,40.707,26.022,1.234,0.004,0.117,N/A,1.975,0.073,0.086,0.159,0.111,8.3,47.49,25.667,1.304,0.005,0.126,N/A,1.943
2011,12,2012,201212,-4.333,93.859,58.761,18.233,1.146,0.002,0.181,N/A,1.911,0.119,0.237,0.356,0.17,0.49,87.63,17.861,1.122,0.002,0.182,N/A,1.916
2012,1,2012,20121,-8.565,95.396,35.84,13.819,1.005,0.004,0.221,N/A,1.987,0.126,0.244,0.37,0.165,-3.22,70.34,13.782,1.019,0.004,0.223,N/A,1.975
2012,2,2012,20122,-6.142,49.257,20.662,14.089,0.903,0.006,0.222,N/A,2.094,0.229,0.274,0.503,0.227,-0.53,41.82,14.058,0.917,0.007,0.223,N/A,2.084
2012,3,2012,20123,1.504,56.428,131.979,19.898,1.407,0.003,0.398,N/A,1.808,0.775,0.171,0.946,0.23,7.63,51.27,18.335,1.72,0.003,0.485,N/A,1.615
2012,4,2012,20124,5.057,99.679,82.212,21.532,1.344,0.002,0.277,N/A,1.813,0.14,0.172,0.312,0.243,10.12,88.82,21.21,1.395,0.002,0.282,N/A,1.786
2012,5,2012,20125,12.945,147.593,92.777,21.886,1.557,0.003,0.205,N/A,1.696,0.347,0.323,0.67,0.428,18.59,136.95,21.694,1.592,0.003,0.209,N/A,1.684
2012,6,2012,20126,15.262,100.694,43.093,25.882,1.298,0.003,0.167,N/A,1.84,0.148,0.111,0.259,0.14,21.63,121.77,25.036,1.426,0.003,0.169,N/A,1.775
2012,7,2012,20127,18.041,120.739,21.309,29.13,1.335,0.004,0.124,N/A,1.942,0.232,0.143,0.375,0.288,24.92,95.51,28.81,1.275,0.008,0.129,N/A,1.935
2012,8,2012,20128,17.761,84.666,7.97,32.555,1.368,0.002,0.115,N/A,2.456,0.225,0.227,0.452,0.442,24.78,86.06,32.24,1.404,0.002,0.111,N/A,2.396
2012,9,2012,20129,12.218,152.682,14.916,21.145,2.032,0.002,0.145,N/A,1.645,0.109,0.101,0.21,0.205,18.81,143.94,20.165,2.217,0.002,0.157,N/A,1.579
2012,10,2013,201310,8.4,150.926,49.984,6.502,0.731,0.002,0.049,N/A,0.744,0.078,0.103,0.181,0.17,13.22,120.71,8.172,0.843,0.002,0.058,N/A,0.883
2012,11,2013,201311,-1.003,51.662,49.654,25.026,1.611,0.003,0.2,N/A,2.055,0.136,0.15,0.286,0.157,3.73,46.36,24.838,1.712,0.003,0.198,N/A,2.03
2012,12,2013,201312,-4.075,127.829,69.767,23.478,1.231,0.003,0.271,N/A,1.952,0.126,0.203,0.329,0.163,-0.53,123.37,23.364,1.273,0.003,0.271,N/A,1.938
2013,1,2013,20131,-9.967,77.874,40.157,26.177,0.873,0.014,0.266,N/A,2.175,0.126,0.201,0.327,0.127,-4.29,51.07,26.02,0.877,0.013,0.27,N/A,2.167
2013,2,2013,20132,-7.718,66.625,27.916,25.477,0.865,0.005,0.323,N/A,2.153,0.076,0.2,0.276,0.211,-3.2,56.95,25.376,0.872,0.006,0.325,N/A,2.152
2013,3,2013,20133,-2.687,96.038,57.217,22.975,0.978,0.003,0.319,N/A,2.07,0.116,0.15,0.266,0.166,1.54,68.31,22.501,0.974,0.003,0.325,N/A,2.056
2013,4,2013,20134,3.222,81.434,189.141,18.408,1.364,0.002,0.331,N/A,1.834,0.452,0.352,0.804,0.466,9.21,61.73,17.745,1.45,0.002,0.338,N/A,1.79
2013,5,2013,20135,12.173,148.972,100.218,19.301,1.404,0.003,0.188,N/A,1.826,0.505,0.316,0.821,0.406,18.6,147.26,19.02,1.494,0.004,0.178,N/A,1.77
2013,6,2013,20136,15.038,207.708,108.092,20.549,1.629,0.002,0.126,N/A,1.58,0.31,0.297,0.607,0.436,21.19,183.06,20.443,1.702,0.002,0.124,N/A,1.56
2013,7,2013,20137,18.59,220.794,125.632,24.216,2.111,0.003,0.105,N/A,1.395,0.151,0.182,0.333,0.306,24.96,167.46,23.005,2.279,0.003,0.099,N/A,1.37
2013,8,2013,20138,16.328,77.119,26.707,28.15,1.038,0.002,0.13,N/A,1.754,0.058,0.111,0.169,0.145,22.45,89.33,26.839,1.082,0.002,0.127,N/A,1.666
2013,9,2013,20139,12.395,136.353,30.487,22.153,1.161,0.003,0.136,N/A,1.748,0.102,0.129,0.231,0.204,18.33,126.03,19.993,1.207,0.003,0.139,N/A,1.761
2013,10,2014,201410,7.702,76.353,27.011,26.049,1.225,0.003,0.115,N/A,1.683,0.097,0.119,0.216,0.126,13.04,60.98,25.987,1.235,0.003,0.118,N/A,1.683
2013,11,2014,201411,-2.216,132.391,64.672,23.397,1.07,0.006,0.242,N/A,1.712,0.15,0.193,0.343,0.176,3.1,105.34,23.434,1.05,0.006,0.24,N/A,1.7
2013,12,2014,201412,-7.99,115.201,70.628,21.646,0.884,0.005,0.349,N/A,1.863,0.122,0.299,0.421,0.216,-3.43,88.94,21.295,0.884,0.005,0.368,N/A,1.85
2014,1,2014,20141,-11.186,81.899,69.435,19.725,0.847,0.006,0.415,N/A,1.904,0.096,0.241,0.337,0.126,-5.96,72.65,19.618,0.896,0.005,0.418,N/A,1.87
2014,2,2014,20142,-10.048,97.938,23.989,20.756,0.719,0.013,0.376,N/A,2.139,0.075,0.177,0.252,0.12,-4.6,79.95,20.792,0.719,0.013,0.375,N/A,2.13
2014,3,2014,20143,-8.327,97.87,18.798,23.526,0.805,0.009,0.355,N/A,2.024,0.142,0.227,0.369,0.246,-2.74,85.29,23.166,0.819,0.009,0.363,N/A,2.012
2014,4,2014,20144,2.648,74.927,241.274,8.378,1.093,0.005,0.392,N/A,0.867,0.176,0.149,0.325,0.214,9.54,78.39,9.262,1.459,0.005,0.535,N/A,0.993
2014,5,2014,20145,10.897,131.78,117.488,17.824,1.343,0.004,0.323,N/A,1.429,0.434,0.273,0.707,0.305,16.67,135.29,16.405,1.28,0.003,0.314,N/A,1.34
2014,6,2014,20146,15.661,84.561,37.82,23.511,1.115,0.008,0.271,N/A,1.781,0.126,0.174,0.3,0.157,22.07,108.79,23.422,1.095,0.006,0.276,N/A,1.762
2014,7,2014,20147,17.099,151.11,28.573,23.202,1.341,0.003,0.192,N/A,1.741,0.187,0.218,0.405,0.417,23.9,155.87,23.338,1.392,0.003,0.195,N/A,1.731
2014,8,2014,20148,15.935,67.669,9.914,23.542,1.096,0.005,0.142,N/A,1.915,0.025,0.059,0.084,0.1,22.03,78.73,23.269,1.128,0.005,0.148,N/A,1.88
2014,9,2014,20149,12.36,49.89,3.61,27.596,0.912,0.005,0.096,N/A,2.414,0.032,0.057,0.089,0.09,19.05,54.24,27.699,0.914,0.005,0.096,N/A,2.409
2014,10,2015,201510,8.081,142.285,24.705,26.549,1.627,0.003,0.06,N/A,2.156,0.185,0.157,0.342,0.234,12.6,135.37,25.558,1.702,0.004,0.07,N/A,2.101
2014,11,2015,201511,-1.284,84.852,30.485,22.396,1.455,0.007,0.209,N/A,1.988,0.1,0.13,0.23,0.121,2.81,69.1,21.609,1.574,0.009,0.226,N/A,1.952
2014,12,2015,201512,-4.356,135.863,58.981,20.938,1.033,0.005,0.286,N/A,1.961,0.065,0.128,0.193,0.119,-0.87,108.35,20.447,1.024,0.006,0.293,N/A,1.915
2015,1,2015,20151,-12.405,96.437,39.08,22.007,0.712,0.004,0.308,N/A,1.961,0.083,0.18,0.263,0.077,-6.64,66.2,21.595,0.73,0.004,0.311,N/A,1.941
2015,2,2015,20152,-15.492,56.033,13.736,21.837,0.673,0.004,0.28,N/A,2.076,0.077,0.259,0.336,0.113,-10.14,45.36,22.189,0.684,0.004,0.28,N/A,2.073
2015,3,2015,20153,-6.379,57,13.767,23.415,0.78,0.009,0.298,N/A,2.228,0.164,0.183,0.347,0.137,-1.05,44.72,23.265,0.766,0.009,0.302,N/A,2.238
2015,4,2015,20154,2.177,94.942,208.907,16.582,1.437,0.009,0.37,N/A,1.649,0.323,0.236,0.559,0.219,8.08,75.47,13.554,1.798,0.008,0.369,N/A,1.462
2015,5,2015,20155,13.877,100.814,85.211,18.697,1.499,0.003,0.156,N/A,1.737,0.255,0.208,0.463,0.249,21.02,92.96,17.675,1.58,0.003,0.17,N/A,1.709
2015,6,2015,20156,13.799,220.684,112.558,18.67,2.077,0.007,0.11,N/A,1.461,0.19,0.209,0.399,0.31,19.6,230.25,18.523,2.143,0.007,0.109,N/A,1.457
2015,7,2015,20157,17.049,169.23,81.569,23.609,1.491,0.006,0.102,N/A,1.438,0.157,0.136,0.293,0.198,23.6,128.99,23.335,1.52,0.006,0.1,N/A,1.408
2015,8,2015,20158,17.409,67.765,20.108,24.124,1.399,0.003,0.103,N/A,1.729,0.052,0.079,0.131,0.105,23.66,78.67,23.519,1.565,0.003,0.107,N/A,1.63
2015,9,2015,20159,15.23,128.045,12.989,26.257,0.492,0.006,0.081,N/A,2.154,0.101,0.089,0.19,0.136,22.33,127.02,24.972,0.407,0.007,0.078,N/A,2.23
2015,10,2016,201610,5.184,82.309,21.869,23.709,0.929,0.003,0.033,N/A,2,0.084,0.088,0.172,0.11,11.12,80.65,23.934,0.867,0.004,0.029,N/A,1.97
2015,11,2016,201611,2.043,50.508,29.796,24.091,1.138,0.006,0.064,N/A,1.885,0.056,0.062,0.118,0.051,7.36,50.71,24.022,1.182,0.005,0.066,N/A,1.881
2015,12,2016,201612,-0.158,154.465,71.169,21.974,3.321,0.005,0.109,N/A,1.742,0.064,0.142,0.206,0.099,3.61,129.42,21.4,2.898,0.006,0.11,N/A,1.712
2016,1,2016,20161,-7.772,60.96,63.896,18.308,6.109,0.004,0.137,N/A,1.652,0.047,0.113,0.16,0.067,-3.42,49.14,17.779,6.21,0.003,0.136,N/A,1.605
2016,2,2016,20162,-6.426,136.652,63.706,20.126,1.018,0.004,0.174,N/A,1.719,0.155,0.159,0.314,0.156,-0.91,112.3,19.545,0.971,0.005,0.18,N/A,1.704
2016,3,2016,20163,-1.445,78.74,136.956,20.746,2.03,0.007,0.149,N/A,1.608,0.234,0.181,0.415,0.211,4.14,84.83,20.956,1.927,0.008,0.146,N/A,1.598
2016,4,2016,20164,2.303,99.568,102.754,19.533,1.431,0.002,0.133,N/A,1.684,0.261,0.223,0.484,0.206,8.34,81.18,19.487,1.595,0.002,0.138,N/A,1.688
2016,5,2016,20165,11.389,98.298,67.123,19.973,1.258,0.004,0.092,N/A,1.729,0.214,0.129,0.343,0.146,17.83,80.22,19.67,1.267,0.003,0.095,N/A,1.704
2016,6,2016,20166,15.09,154.432,40.554,22.357,1.513,0.003,0.1,N/A,1.645,0.318,0.145,0.463,0.166,21.69,113.17,21.874,1.758,0.004,0.099,N/A,1.586
2016,7,2016,20167,17.766,122.936,25.416,24.595,1.341,0.006,0.105,N/A,1.597,0.295,0.119,0.414,0.16,24.53,119.68,24.523,1.417,0.006,0.103,N/A,1.574
2016,8,2016,20168,17.993,168.148,26.379,27.319,1.42,0.005,0.105,N/A,1.947,0.219,0.125,0.344,0.134,24.36,151.6,26.776,1.653,0.006,0.102,N/A,1.843
2016,9,2016,20169,13.988,62.23,8.03,30.226,1.127,0.009,0.083,N/A,2.102,0.214,0.147,0.361,0.15,20.85,60.58,30.218,1.113,0.009,0.085,N/A,2.105
2016,10,2017,201710,7.042,137.414,27.289,25.556,1.578,0.014,0.038,N/A,2.146,0.203,0.171,0.374,0.23,11.96,99.27,23.712,1.734,0.011,0.047,N/A,2.06
2016,11,2017,201711,1.307,93.98,50.412,23.219,1.606,0.017,0.072,N/A,1.865,0.133,0.116,0.249,0.104,5.36,73.38,23.147,1.581,0.017,0.073,N/A,1.862
2016,12,2017,201712,-6.463,139.446,73.498,21.146,1.007,0.012,0.104,N/A,1.7,0.159,0.235,0.394,0.151,-1.96,112.31,21.272,1.01,0.013,0.101,N/A,1.711
2017,1,2017,20171,-5.958,96.774,46.775,18.189,0.772,0.01,0.122,N/A,1.828,0.135,0.193,0.328,0.124,-1.79,77.35,18.305,0.772,0.01,0.122,N/A,1.835
2017,2,2017,20172,-5.357,107.696,55.244,19.699,0.7,0.006,0.147,N/A,1.849,0.161,0.25,0.411,0.11,-0.73,91.27,18.674,0.79,0.007,0.166,N/A,1.725
2017,3,2017,20173,-6.303,123.952,90.507,20.064,2.751,0.011,0.157,N/A,1.756,0.176,0.171,0.347,0.141,-1.44,96.45,19.201,3.205,0.01,0.167,N/A,1.705
2017,4,2017,20174,5.108,113.792,274.946,14.36,1.524,0.006,0.143,N/A,1.329,0.416,0.253,0.669,0.243,11.29,102.57,12.673,1.833,0.007,0.148,N/A,1.226
2017,5,2017,20175,10.083,157.48,119.602,18.988,1.289,0.006,0.069,N/A,1.531,0.276,0.145,0.421,0.153,15.03,145.42,18.373,1.334,0.006,0.073,N/A,1.53
2017,6,2017,20176,14.873,207.518,85.177,21.284,1.663,0.009,0.068,N/A,1.396,1.269,0.168,1.437,0.249,21.19,180.12,21.128,1.73,0.008,0.066,N/A,1.378
2017,7,2017,20177,16.863,87.122,53.648,23.873,1.155,0.008,0.079,N/A,1.253,0.798,0.138,0.936,0.216,23.26,103.19,23.232,1.198,0.008,0.072,N/A,1.162
2017,8,2017,20178,15.732,121.158,23.304,26.706,1.295,0.012,0.104,N/A,1.729,0.773,0.25,1.023,0.281,22.56,99.76,26.77,1.323,0.013,0.104,N/A,1.681
2017,9,2017,20179,14.848,71.374,16.336,26.296,1.309,0.005,0.071,N/A,1.773,0.296,0.104,0.4,0.127,21.44,69.38,25.004,1.759,0.005,0.097,N/A,1.625
2017,10,2018,201810,10.715,216.154,54.492,25.938,1.513,0.006,0.021,N/A,1.828,0.228,0.156,0.384,0.253,16.58,166.78,22.863,1.694,0.007,0.036,N/A,1.622
2017,11,2018,201811,-1.331,84.328,85.429,19.122,1.484,0.008,0.068,N/A,1.627,0.216,0.176,0.392,0.133,3.41,77.86,18.859,1.682,0.007,0.065,N/A,1.582
2017,12,2018,201812,-9.863,94.234,42.148,21.834,0.896,0.017,0.106,N/A,1.833,0.181,0.224,0.405,0.111,-5.34,86.21,21.88,0.896,0.018,0.103,N/A,1.828
2018,1,2018,20181,-9.858,97.79,51.783,17.346,0.937,0.01,0.167,N/A,1.837,0.085,0.139,0.224,0.087,-5.6,100.07,17.039,0.97,0.009,0.176,N/A,1.799
2018,2,2018,20182,-4.919,77.216,35.3,19.982,0.898,0.01,0.152,N/A,1.97,0.149,0.21,0.359,0.114,-0.02,67.41,20.437,0.929,0.009,0.156,N/A,1.963
2018,3,2018,20183,-2.904,88.646,46.039,21.491,1.048,0.008,0.167,N/A,2.015,0.151,0.14,0.291,0.123,1.02,68.18,21.15,1.06,0.007,0.168,N/A,1.992
2018,4,2018,20184,0.625,175.768,202.572,16.215,1.456,0.01,0.182,N/A,1.744,0.572,0.316,0.888,0.336,5.49,122.86,14.296,1.818,0.008,0.181,N/A,1.546
2018,5,2018,20185,13.256,77.216,158.929,17.796,1.431,0.011,0.086,N/A,1.536,0.425,0.185,0.61,0.206,19.68,60.88,15.982,1.603,0.01,0.115,N/A,1.505
2018,6,2018,20186,14.994,79.248,19.66,24.754,1.221,0.009,0.071,N/A,1.776,0.181,0.128,0.309,0.103,21.15,93.01,24.636,1.239,0.008,0.07,N/A,1.762
2018,7,2018,20187,18.993,149.098,20.579,26.817,1.633,0.016,0.078,N/A,1.909,0.096,0.074,0.17,0.177,26.13,118.99,26.193,1.77,0.01,0.075,N/A,1.83
2018,8,2018,20188,18.332,75.184,6.982,29.327,1.414,0.01,0.062,N/A,1.967,0.044,0.035,0.079,0.089,24.59,101.07,28.795,1.478,0.009,0.063,N/A,1.938
2018,9,2018,20189,14.259,111.506,10.799,27.676,1.916,0.011,0.059,N/A,1.841,0.213,0.152,0.365,0.172,20.34,90.68,27.304,1.936,0.012,0.058,N/A,1.817
