Year,Month,WaterYear,CSMeanTempC,CSPrecipitationmm,Runoffmm,StrCamgL,StrDOCmgL,StrNH4NmgL,StrNO3NmgL,StrTDPmgL,StrSO4SmgL,depNH4Nkgha,depNO3Nkgha,depTotNkgha,depSO4Skgha,NAMGridTempC,NAMGridPrecipitationmm,FWACamgL,FWADOCmgL,FWANH4NmgL,FWANO3NmgL,FWATDPmgL,FWASO4SmgL
1981,1,1980,-9.274812038,26,8.845103858,N/A,N/A,N/A,N/A,N/A,N/A,N/A,N/A,N/A,N/A,-11.88000011,59.81999969,N/A,N/A,N/A,N/A,N/A,N/A
1981,2,1980,-11.99181398,67.65,20.24118694,10.07,N/A,0.0411,0.875,0.0019,2.88,N/A,N/A,N/A,N/A,-13.73499966,90.30000305,12.27252545,N/A,0.050089453,1.066381307,0.002315571,3.509917903
1981,3,1980,-5.987997507,107.8,76.99086053,7.575,N/A,0.015133333,0.957666667,0.003566667,2.753333333,N/A,N/A,N/A,N/A,-7.28000021,64.84999847,7.641810503,N/A,0.016897767,0.873153598,0.002091661,2.692124621
1981,4,1980,4.032746971,71.9,113.0378635,6.049857143,N/A,0.011214286,0.850571429,0.003,2.490952381,N/A,N/A,N/A,N/A,2.619999886,100.0999985,6.628513709,N/A,0.012466343,0.921560578,0.003005291,2.732277714
1981,5,1980,11.48997003,79,45.22540059,8.28,N/A,0.006766667,0.559666667,0.000833333,2.792222222,N/A,N/A,N/A,N/A,10.17500019,53.63000107,9.683564894,N/A,0.008103066,0.662815148,0.001054496,3.253697684
1981,6,1981,13.23001029,337.1,105.141365,7.674,N/A,0.0217,0.7124,0.00118,2.548666667,N/A,N/A,N/A,N/A,11.31000042,159.9499969,6.716157939,N/A,0.01803686,0.683937363,0.001169625,2.292049841
1981,7,1981,17.47532107,10.4,22.02302671,10.5025,N/A,0.018,0.87825,0.0022,2.5475,N/A,N/A,N/A,N/A,15.42500019,27.30999947,10.31622735,N/A,0.020572501,0.980094649,0.002508403,2.564392361
1981,8,1981,18.12758065,107,2.140771513,12.25,N/A,0.1277,2.412,0.00135,2.495,N/A,N/A,N/A,N/A,16.60499954,87.11000061,12.60768897,N/A,0.130811118,1.604230305,0.001447319,2.487820236
1981,9,1981,10.78033333,55.35,0,N/A,N/A,N/A,N/A,N/A,N/A,N/A,N/A,N/A,N/A,9.81000042,60.18000031,N/A,N/A,N/A,N/A,N/A,N/A
1981,10,1981,3.5614881,147,6.755608309,11.65333333,N/A,0.005,0.477666667,0.001233333,3.058888889,N/A,N/A,N/A,N/A,2.444999933,129.8200073,9.071462329,N/A,0.003901571,0.367595125,0.000980787,2.25796702
1981,11,1981,-0.634666667,58.1,10.56284866,11.1575,N/A,0.019825,0.484,0.0013,2.36,N/A,N/A,N/A,N/A,-2.599999905,61.27999878,13.08493055,N/A,0.026817654,0.570535242,0.001526311,2.749022483
1981,12,1981,-11.09709677,93,12.5241543,N/A,N/A,N/A,N/A,N/A,N/A,N/A,N/A,N/A,N/A,-12.44499969,116.4100037,N/A,N/A,N/A,N/A,N/A,N/A
1982,1,1981,-12.69471495,112.9,28.76581602,N/A,N/A,N/A,N/A,N/A,N/A,0.056777778,0.198709677,0.255487455,0.186666667,-14.26500034,149.8800049,N/A,N/A,N/A,N/A,N/A,N/A
1982,2,1981,-6.460357143,60,25.57388724,N/A,N/A,N/A,N/A,N/A,N/A,0.432444444,0.569032258,1.001476703,0.61,-8.529999733,52.99000168,N/A,N/A,N/A,N/A,N/A,N/A
1982,3,1981,-2.349840625,98.85,37.89293769,9.315,N/A,0.02745,0.8225,0.0029,2.833333333,0.762222222,0.652580645,1.414802867,1.55,-3.839999914,74.86000061,5.569221236,N/A,0.017391658,0.517498172,1.87E-03,1.722299363
1982,4,1981,3.566972993,115.1,171.5181009,6.400714286,N/A,0.010835714,0.622642857,0.003828571,2.449047619,0.297888889,0.318387097,0.616275986,0.616666667,1.945000052,61.93999863,6.205733972,N/A,0.01045016,0.605548682,3.75E-03,2.398831013
1982,5,1981,10.03483871,35.9,105.3721068,6.998333333,N/A,0.00765,0.395,0.00215,2.532777778,0.401333333,0.381612903,0.782946237,0.866666667,7.880000114,51.81000137,6.139164496,N/A,0.00726897,0.349206443,1.97E-03,2.256223273
1982,6,1982,14.254,56.5,9.10148368,9.9975,N/A,0.005,0.36825,0.001925,3.224166667,1.390666667,1.149354839,2.540021505,3.216666667,12.32499981,62.20000076,10.22463992,N/A,0.005204922,0.374197467,2.07E-03,3.349347109
1982,7,1982,18.42822581,77.5,4.999406528,11.3,N/A,0.005,0.398,0.0034,3.333333333,0.135333333,0.110645161,0.245978495,0.366666667,15.97000027,91.02999878,8.614916508,N/A,0.00381191,0.303428033,0.002592099,2.541273306
1982,8,1982,18.01564516,98,1.153709199,12.37,N/A,0.0353,0.711,0.01395,2.928333333,0.346111111,0.219032258,0.565143369,0.846666667,15.96500015,102.9000015,15.90880035,N/A,0.043207803,0.887155081,0.016909141,3.836669493
1982,9,1982,10.99754527,164.1,30.76557864,11.3675,N/A,0.0216,0.422,0.005825,2.934166667,0.255111111,0.225806452,0.480917563,0.576666667,9.520000458,154.9199982,10.34137638,N/A,0.02563012,0.359963813,0.006334026,2.642616757
1982,10,1982,4.083250116,196.2,102.295549,8.7225,N/A,0.006425,0.25475,0.00145,2.748333333,0.266,0.388387097,0.654387097,1.023333333,2.734999895,121.6500015,10.74120409,N/A,0.007875611,0.292886929,0.001727119,3.281686217
1982,11,1982,1.108333333,128.25,99.09080119,7.478,N/A,0.005,0.397,0.00104,2.496,0.090222222,0.135483871,0.225706093,0.383333333,-0.75999999,112.3199997,8.457043926,N/A,0.005532923,0.420457984,0.001132925,2.791008951
1982,12,1982,-6.576129032,185,58.81353116,7.69,N/A,0.005,0.425,0.0004,2.576666667,0.135333333,0.408709677,0.544043011,0.366666667,-7.980000019,168.7400055,8.021422009,N/A,0.005280898,0.454107493,0.000422472,2.699961635
1983,1,1982,-15.46193548,62.15,37.34172107,N/A,N/A,N/A,N/A,N/A,N/A,0.073111111,0.343225806,0.416336918,0.456666667,-17.79000092,62.66999817,N/A,N/A,N/A,N/A,N/A,N/A
1983,2,1982,-10.65321429,48.1,14.31881306,N/A,N/A,N/A,N/A,N/A,N/A,0.218555556,0.401935484,0.620491039,0.37,-13.11499977,46.40999985,N/A,N/A,N/A,N/A,N/A,N/A
1983,3,1982,-4.879516129,62.85,69.77376855,7.838333333,N/A,0.012683333,1.0355,0.00324,2.345,0.388111111,0.476451613,0.864562724,0.763333333,-6.764999866,81.44999695,8.754346553,N/A,0.013180266,1.160978408,3.52E-03,2.621911006
1983,4,1982,0.313,104.95,148.5721068,6.621818182,N/A,0.013718182,0.894909091,0.002466667,2.148787879,0.481444444,0.365806452,0.847250896,0.94,-1.919999957,65.94999695,6.372936433,N/A,0.013794779,0.89292605,2.74E-03,2.105826238
1983,5,1982,13.69467742,147.25,86.52818991,6.952857143,N/A,0.006971429,0.585285714,0.002433333,2.184285714,0.391222222,0.413225806,0.804448029,1.01,11.10000038,140.75,7.246904011,N/A,7.46E-03,0.610271791,3.07E-03,2.28417314
1983,6,1983,12.37568699,40.8,48.84035608,8.41,N/A,0.01585,0.40325,0.00305,2.62,0.268333333,0.23483871,0.503172043,0.516666667,10.07499981,44.63999939,9.269350833,N/A,0.015609674,0.443774874,0.002961688,2.902432752
1983,7,1983,17.95451613,58,9.357863501,9.095,N/A,0.01715,0.459,0.0063,2.701666667,0.290888889,0.431290323,0.722179211,1.21,15.79500008,64.15000153,9.540958977,N/A,0.020202454,0.474049634,0.005429737,2.835460351
1983,8,1983,14.22284888,84.5,3.589317507,9.41,N/A,0.0276,0.49,N/A,2.763333333,0.175,0.135483871,0.310483871,0.236666667,12.48499966,86.01000214,6.496343553,N/A,0.0190541,0.338279314,N/A,1.907711231
1983,9,1983,12.211,137.8,7.81958457,10.005,N/A,0.0206,0.5785,0.0036,2.905,0.336,0.259677419,0.595677419,0.893333333,10.69999981,128.0200043,10.91846591,N/A,0.023027156,0.623375522,0.004396006,3.129608461
1983,10,1983,8.062903226,152.5,55.89080119,9.924,N/A,0.0107,0.6162,0.0035,2.732,0.652555556,0.659354839,1.311910394,1.9,6.425000191,146.9600067,10.94621103,N/A,1.13E-02,0.686721267,3.61E-03,3.056739352
1983,11,1983,0.196,136.6,67.29970326,8.5375,N/A,0.01715,0.8195,0.00265,2.688333333,0.294,0.460645161,0.754645161,0.74,-1.25999999,107.2300034,7.945681491,N/A,1.35E-02,0.776335822,3.43E-03,2.451373274
1983,12,1983,-4.514032258,130,29.90670623,8.46,N/A,0.0196,0.714,0.0084,2.65,0.261333333,0.530645161,0.791978495,0.806666667,-5.614999771,165.8099976,11.30064714,N/A,2.62E-02,0.95374256,1.12E-02,3.539800818
1984,1,1983,-9.263064516,132.3,21.84356083,N/A,N/A,N/A,N/A,N/A,N/A,0.220111111,0.336451613,0.556562724,0.566666667,-10.67500019,85.55999756,N/A,N/A,N/A,N/A,N/A,N/A
1984,2,1983,-6.4175,41.5,35.84189911,N/A,N/A,N/A,N/A,N/A,N/A,0.246555556,0.338709677,0.585265233,0.443333333,-8.039999962,48.38000107,N/A,N/A,N/A,N/A,N/A,N/A
1984,3,1983,-3.039516129,47.9,28.0864095,11.06666667,N/A,0.0143,0.927333333,0.0081,2.561111111,0.124444444,0.289032258,0.413476703,0.43,-4.724999905,62,11.50903326,N/A,0.018019648,0.979570009,8.49E-03,2.634254081
1984,4,1983,2.444666667,38.5,172.9281899,5.909411765,N/A,0.023758824,1.225470588,0.00725,1.738823529,0.189,0.196451613,0.385451613,0.51,0.805000007,47.11999893,5.528250245,N/A,0.022764081,1.172238666,6.57E-03,1.626645339
1984,5,1983,7.800483871,58.9,70.50445104,7.09,N/A,0.0297,0.713,0.00375,2.235,0.305666667,0.340967742,0.646634409,1.08,5.675000191,42.49000168,6.468222347,N/A,0.027763063,0.702136407,3.29E-03,2.125381788
1984,6,1984,15.53323428,93.7,24.74065282,10.12,N/A,0.0258,0.615,0.00205,2.61,0.249666667,0.178387097,0.428053763,0.536666667,13.82499981,123.0999985,11.0736259,N/A,0.028491112,0.678355505,2.27E-03,2.890462793
1984,7,1984,20.03631233,84.6,25.25341246,11.34,N/A,0.023666667,0.669666667,0.003233333,2.727777778,0.266,0.248387097,0.514387097,0.646666667,18.16500092,82.80000305,12.35866581,N/A,0.024562233,0.721446181,0.003841678,2.935452501
1984,8,1984,19.47322581,108.4,12.04985163,13.87,N/A,0.04405,0.6035,0.0035,2.89,0.209222222,0.225806452,0.435028674,0.543333333,17.55500031,98.26000214,15.08682711,N/A,0.048286798,0.650706936,0.00331715,3.147570885
1984,9,1984,13.81676135,160.8,24.09970326,10.36,N/A,0.0452,0.5675,0.00235,2.556666667,0.455777778,0.352258065,0.808035842,1.193333333,12.78999996,133.2100067,6.522003337,N/A,0.029698473,0.368550772,0.001636758,1.654010207
1984,10,1984,6.891935484,129.3,73.96557864,9.255,N/A,0.02345,0.427,0.00185,2.698333333,0.56,0.39516129,0.95516129,1.25,5.465000153,109.6800003,8.835062763,N/A,0.022382409,0.407633718,1.77E-03,2.575916317
1984,11,1984,-0.348666667,127.6,99.60356083,6.795,N/A,0.0164,0.5555,0.00225,2.378333333,0.246555556,0.602903226,0.849458781,1.176666667,-1.190000057,106.25,7.320401909,N/A,0.017994567,0.591894538,2.42E-03,2.553247799
1984,12,1984,-12.39822581,173.5,73.06824926,N/A,N/A,N/A,N/A,N/A,N/A,0.094888889,0.327419355,0.422308244,0.383333333,-13.07999992,150.0899963,N/A,N/A,N/A,N/A,N/A,N/A
1985,1,1984,-13.82419355,63.9,29.86824926,N/A,N/A,N/A,N/A,N/A,N/A,0.185111111,0.413225806,0.598336918,0.503333333,-15.35000038,95.38999939,N/A,N/A,N/A,N/A,N/A,N/A
1985,2,1984,-4.922413793,94.1,16.66468843,N/A,N/A,N/A,N/A,N/A,N/A,0.165666667,0.399677419,0.565344086,0.52,-6.179999828,104.4899979,N/A,N/A,N/A,N/A,N/A,N/A
1985,3,1984,-7.403709677,75.4,44.3537092,7.275,N/A,0.0161,1.765,0.0058,2.073333333,0.136888889,0.270967742,0.407856631,0.583333333,-8.680000305,75.02999878,8.45539969,N/A,0.018664883,2.069177755,0.005728435,2.422127584
1985,4,1984,6.521833333,109.2,239.4587537,6.170714286,N/A,0.0149,1.259928571,0.002966667,1.845952381,0.134555556,0.162580645,0.297136201,0.42,4.409999847,95.15000153,6.598430604,N/A,0.01462256,1.314039917,3.57E-03,1.935930868
1985,5,1984,7.72516129,111.4,67.29970326,6.613333333,N/A,0.012,0.777666667,0.004866667,2.262222222,0.700777778,0.517096774,1.217874552,1.183333333,6.210000038,96.02999878,6.513439299,N/A,0.011036685,0.761377374,4.32E-03,2.235271579
1985,6,1985,14.52433333,94,39.99525223,8.98,N/A,0.01355,0.542,0.00335,2.59,0.316555556,0.300322581,0.616878136,0.756666667,13.21500015,65.47000122,7.612785658,N/A,0.012154204,0.476067353,3.02E-03,2.224306124
1985,7,1985,15.91403226,82.2,13.20356083,4.133333333,N/A,0.0189,0.560666667,0.004333333,2.461111111,0.192111111,0.203225806,0.395336918,0.536666667,14.73999977,90.08000183,3.849004166,N/A,0.017491945,0.494151622,0.003810468,2.200730766
1985,8,1985,17.55854839,109.8,13.58813056,1.405,N/A,0.0148,0.5645,0.0024,2.775,0.308777778,0.28,0.588777778,1.296666667,16.25,113.1800003,1.273239242,N/A,0.01304988,0.500130954,0.00211193,2.524746806
1985,9,1985,10.82283333,181.1,32.56023739,9.58,N/A,0.0218,0.3795,0.00195,2.496666667,0.567,0.485483871,1.052483871,1.676666667,9.75,109.1900024,12.48194436,N/A,0.027952955,0.494099241,0.002529727,3.249273131
1985,10,1985,8.693064516,113.8,77.93946588,8.25,N/A,0.0355,0.3935,0.0044,2.351666667,0.512555556,0.569032258,1.081587814,1.28,7.125,83.90000153,6.543098048,N/A,0.026914029,0.316510435,3.67E-03,1.882042519
1985,11,1985,-0.342657168,124.1,77.17032641,7.61,N/A,0.0101,0.551,0.00475,2.053333333,0.241888889,0.620967742,0.862856631,0.786666667,-1.465000033,142.4900055,7.72286338,N/A,1.13E-02,0.563362548,4.14E-03,2.113841928
1985,12,1985,-6.771290323,123.3,38.5851632,8.55,N/A,0.0154,0.581,0.0021,2.3,0.451111111,0.650322581,1.101433692,0.95,-7.960000038,146.6300049,11.66806606,N/A,0.021016166,0.792882618,0.002865841,3.138778004
1986,1,1985,-12.16451613,78.8,13.44455786,N/A,N/A,N/A,N/A,N/A,N/A,N/A,0.273225806,N/A,0.103333333,-13.60499954,79.58000183,N/A,N/A,N/A,N/A,N/A,N/A
1986,2,1985,-10.31375,33,15.33151335,N/A,N/A,N/A,N/A,N/A,N/A,0.324333333,0.550967742,0.875301075,0.626666667,-12.32499981,46.81000137,N/A,N/A,N/A,N/A,N/A,N/A
1986,3,1985,-2.203519516,104.5,33.72932938,8.4275,N/A,0.017325,1.6025,0.0025,1.728333333,0.428555556,0.51483871,0.943394265,0.826666667,-4.420000076,103.8099976,10.62519803,N/A,0.021625418,2.009097543,3.52E-03,2.191994975
1986,4,1985,4.257166667,52,198.4841306,6.035882353,N/A,0.017041176,1.313411765,0.00456,1.520392157,0.521888889,0.562258065,1.084146953,1.24,1.789999962,41.36999893,6.293305817,N/A,0.01862235,1.372546344,5.03E-03,1.594395539
1986,5,1985,10.965,29.1,47.88149555,9.475,N/A,0.01685,0.645,0.0055,2.125,0.633888889,0.589354839,1.223243728,1.233333333,8.824999809,46.81000137,8.556863227,N/A,0.015177068,0.573613359,5.13E-03,1.918767858
1986,6,1986,12.5605,132.4,62.26953116,10.17,N/A,0.0179,0.5525,0.00835,2.103333333,0.259,0.232580645,0.491580645,0.61,10.90999985,106.0400009,10.40879885,N/A,0.018584589,0.576120055,9.41E-03,2.118399208
1986,7,1986,15.90951613,175.4,29.12987537,11.9,N/A,0.0136,0.5305,0.0025,2.446666667,0.609777778,0.602903226,1.212681004,1.64,13.83500004,111.7399979,12.25050988,N/A,0.013798789,0.539116116,0.002497288,2.544991644
1986,8,1986,15.93032258,160.2,89.74832047,11.16,N/A,0.0222,0.437,0.0032,2.093333333,0.423888889,0.449354839,0.873243728,1,14.64999962,105.3499985,15.9283359,N/A,0.031738101,0.624310566,0.004586863,2.992536716
1986,9,1986,13.081,194,196.2433709,9.77,N/A,0.021266667,0.361666667,0.004,2.13,0.751333333,0.623225806,1.37455914,1.7,11.83500004,132.1999969,9.769545462,N/A,0.017216161,0.362846996,3.96E-03,2.138900261
1986,10,1986,6.922345323,117.9,74.65267656,8.275,N/A,0.0191,0.4265,0.00495,2.143333333,0.293222222,0.453870968,0.74709319,0.733333333,5.614999771,101.6900024,7.441396219,N/A,0.016356928,0.377697586,4.52E-03,1.905953592
1986,11,1986,-3.5285,102.9,38.09291395,8.92,N/A,0.0364,0.507,0.00725,2.31,0.099555556,0.386129032,0.485684588,0.416666667,-2.559999943,85.01000214,8.006234476,N/A,3.22E-02,0.452709171,6.59E-03,2.07476894
1986,12,1986,-11.65758065,88.6,41.15921662,9.865,N/A,0.01045,0.5555,0.00115,2.153333333,0.088666667,0.196451613,0.28511828,0.213333333,-12.80000019,70.66000366,9.773291941,N/A,1.01E-02,0.563130809,1.18E-03,2.149292452
1987,1,1986,-12.73403226,50.25,32.17566766,11.12,N/A,0.0246,0.5895,0.002,2.311666667,0.178888889,0.300322581,0.47921147,0.293333333,-13.30000019,66.55000305,10.9554745,N/A,0.024085846,0.580698564,0.001995023,2.27583956
1987,2,1986,-10.75,23.82,21.79228487,11.52,N/A,0.0222,0.799,0.0021,2.013333333,0.039666667,0.09483871,0.134505376,0.233333333,-11.53999996,30.77000046,11.72305143,N/A,0.02210639,0.836635265,0.001839406,2.043866564
1987,3,1986,-3.905806452,31.52,57.42908012,8.486,N/A,0.01791,1.6518,0.002675,1.931666667,0.406777778,0.424516129,0.831293907,0.883333333,-5.309999943,38.27000046,8.502548307,N/A,0.018934825,1.623232244,2.52E-03,1.942457328
1987,4,1986,4.6723975,48.71,67.04332344,7.714545455,N/A,0.016327273,1.354545455,0.0047,1.958181818,0.244222222,0.191935484,0.436157706,0.456666667,4.010000229,45.11000061,7.583511188,N/A,0.015599047,1.330172429,3.10E-03,1.923962442
1987,5,1986,12.16997919,108.2,43.84094955,10.05,N/A,0.0244,0.75,0.0018,2.341666667,0.140777778,0.121935484,0.262713262,0.256666667,10.85999966,74.80000305,12.91375853,N/A,0.031566921,0.960680032,2.15E-03,3.013833948
1987,6,1987,12.52466667,73.72,21.0231454,11.62,N/A,0.0227,0.653,0.0032,2.511666667,0.312666667,0.257419355,0.570086022,0.733333333,11.17500019,82.86000061,12.20713574,N/A,0.024671281,0.703906263,4.48E-03,2.655700498
1987,7,1987,17.82635097,58.31,2.435608309,12.59,N/A,0.0152,0.654,0.0049,2.823333333,0.491555556,0.460645161,0.952200717,0.86,16.28000069,86.37999725,6.608521768,N/A,0.007978517,0.343286198,2.57E-03,1.481974566
1987,8,1987,15.64032258,175.1,7.947774481,13.06,N/A,0.0389,0.651,N/A,3.11,0.559222222,0.352258065,0.911480287,1.216666667,13.92500019,116.25,10.06444532,N/A,0.029977559,0.501681003,N/A,2.396663472
1987,9,1987,11.66346183,54.81,20.38219585,12.96666667,N/A,0.0187,0.644,0.00245,2.808888889,0.490777778,0.469677419,0.960455197,1.523333333,10.27499962,69.58999634,13.1661753,N/A,1.83E-02,0.632851846,2.69E-03,2.783775379
1987,10,1987,6.226451613,146.41,67.94065282,11.075,N/A,0.0202,0.6175,0.0007,2.865,0.453444444,0.474193548,0.927637993,0.88,4.670000076,115.5199966,9.907834234,N/A,0.021738566,0.528197688,3.73E-04,2.541627182
1987,11,1987,-2.159,111.2,84.73353116,8.36,N/A,0.0099,0.698,0.0023,2.651666667,0.265222222,0.368064516,0.633286738,0.383333333,-3.424999952,100.0800018,6.36771153,N/A,0.007560684,0.536075936,0.001895945,2.025015066
1987,12,1987,-4.485,156.42,59.73649852,N/A,N/A,N/A,N/A,N/A,N/A,0.232555556,0.426774194,0.659329749,0.316666667,-6.119999886,113.3600006,N/A,N/A,N/A,N/A,N/A,N/A
1988,1,1987,-7.246451613,136.2,17.95940653,N/A,N/A,N/A,N/A,N/A,N/A,0.162555556,0.30483871,0.467394265,0.176666667,-9.229999542,112.8300018,N/A,N/A,N/A,N/A,N/A,N/A
1988,2,1987,-5.220023212,91.2,12.04985163,N/A,N/A,N/A,N/A,N/A,N/A,0.115111111,0.130967742,0.246078853,0.116666667,-8.430000305,70.94000244,N/A,N/A,N/A,N/A,N/A,N/A
1988,3,1987,-0.584193548,108.83,28.93246291,N/A,N/A,N/A,N/A,N/A,N/A,0.056777778,0.088064516,0.144842294,0.143333333,-3.660000086,82.16999817,N/A,N/A,N/A,N/A,N/A,N/A
1988,4,1987,8.126666667,64.13,252.021365,5.725294118,N/A,0.024435294,0.977823529,0.00325,1.999607843,0.168,0.162580645,0.330580645,0.343333333,4.920000076,55.22000122,4.897245325,N/A,0.020484992,0.846969418,2.98E-03,1.727692284
1988,5,1987,12.16123789,59.31,36.07264095,8.425,N/A,0.0134,0.6045,0.0021,2.683333333,0.577888889,0.388387097,0.966275986,0.796666667,9.649999619,42.27000046,6.498054609,N/A,0.010126268,0.455128438,1.72E-03,2.054749486
1988,6,1988,16.80557647,39.3,1.974124629,10.91,N/A,0.0271,0.564,0.0024,2.976666667,0.371,0.318387097,0.689387097,0.54,14.68999958,33.20999908,10.37176989,N/A,0.025763058,0.536175822,2.28E-03,2.829816839
1988,7,1988,18.59274194,67.11,0.358931751,N/A,N/A,N/A,N/A,N/A,N/A,0.181222222,0.212258065,0.393480287,0.403333333,17,59.22000122,N/A,N/A,N/A,N/A,N/A,N/A
1988,8,1988,16.52274194,324.22,42.52059347,9.535,N/A,0.04865,0.309,0.0037,2.481666667,0.530444444,0.386129032,0.916573477,0.88,15.36499977,183.6799927,10.91565488,N/A,0.06707105,0.352835905,0.003140705,2.859062103
1988,9,1988,13.6905,130.73,25.22777448,10.955,N/A,0.00995,0.3955,0.0023,2.818333333,0.211555556,0.221290323,0.432845878,0.466666667,12.27000046,90.40000153,13.35853529,N/A,0.011686912,0.478207937,2.65E-03,3.445337785
1988,10,1988,4.578709677,161.91,73.11952522,8.37,N/A,0.012,0.359,0.0016,2.641666667,0.387333333,0.334193548,0.721526882,0.71,3.555000067,130.8000031,9.228182349,N/A,0.01220648,0.375748962,1.32E-03,2.878471748
1988,11,1988,0.757307663,226.82,152.3408902,6.326666667,N/A,0.0121,0.483333333,0.0015,2.412222222,0.304111111,0.390645161,0.694756272,0.583333333,-1.13499999,205.1900024,7.494964311,N/A,1.43E-02,0.570788896,1.78E-03,2.854292212
1988,12,1988,-4.262741935,125.08,30.75275964,8.465,N/A,0.0115,0.509,0.001,2.67,N/A,N/A,N/A,N/A,-5.960000038,139.2100067,9.172858281,N/A,0.012401432,0.552270615,0.00107161,2.895481437
1989,1,1988,-10.97532258,118.82,12.56261128,9.87,N/A,0.0235,0.532,0.0012,2.803333333,0.253555556,0.526129032,0.779684588,0.393333333,-12.90499973,98.91999817,13.94256039,N/A,0.033196572,0.751513893,0.001695144,3.960045015
1989,2,1988,-12.10655172,103.32,3.435489614,8.76,N/A,0.0096,0.5475,0.00155,2.993333333,0.322777778,0.392903226,0.715681004,0.356666667,-13.92500019,66.48000336,10.68742569,N/A,0.011764867,0.668738553,0.001890286,3.655644318
1989,3,1988,-5.415483871,85.14,23.85614243,8.15,2.845,0.021925,1.11675,0.00255,2.513333333,0.768444444,N/A,N/A,N/A,-7.389999866,77.48999786,7.561189709,2.845,0.020829646,0.946649379,0.001864938,2.322122616
1989,4,1988,3.9985,78.1,189.8108012,7.516875,1.794375,0.01605,1.1073125,0.001666667,2.099375,0.387333333,0.397419355,0.784752688,0.72,1.929999948,50.02000046,6.502427093,1.794375,0.014311531,0.960607424,1.58E-03,1.838925095
1989,5,1988,12.69758065,62.13,77.06777448,7.24,2.5,0.04105,0.72425,0.0012,2.180833333,0.395888889,0.320645161,0.71653405,0.54,10.26000023,68.62999725,8.114216989,2.5,0.04641671,0.863609424,1.24E-03,2.514826091
1989,6,1989,15.51283333,107.52,24.27916914,10.415,1.665,0.0489,0.404,0.0049,2.64,0.275333333,0.178387097,0.45372043,0.303333333,13.59000015,87.98999786,14.8505056,1.665,0.069789506,0.575992586,0.006962221,3.765168205
1989,7,1989,20.13532258,59.31,1.807477745,10.84,3.87,0.1078,0.452,0.002,2.776666667,0.220888889,0.203225806,0.424114695,0.42,17.63500023,20.86000061,14.49614203,3.87,0.144159051,0.604451679,0.002674565,3.713187674
1989,8,1989,17.78290323,103.13,0,10.66,3.84,0.0381,0.553,N/A,2.906666667,0.960555556,0.855806452,1.816362007,2.29,16.39999962,113.9700012,N/A,N/A,N/A,N/A,N/A,N/A
1989,9,1989,12.397,71.39,0,N/A,N/A,N/A,N/A,N/A,N/A,N/A,N/A,N/A,N/A,11.31999969,41.54999924,N/A,N/A,N/A,N/A,N/A,N/A
1989,10,1989,4.258870968,102.53,0,11.78,5.1,0.0091,0.527,0.0031,2.983333333,0.341444444,0.422258065,0.763702509,0.626666667,3.170000076,95.73000336,N/A,N/A,N/A,N/A,N/A,N/A
1989,11,1989,0.699,217.33,56.00617211,9.405,2.82,0.06865,0.5675,0.0032,2.673333333,0.472111111,0.731612903,1.203724014,0.98,0.035,150.8800049,11.8005821,2.82,7.88E-02,0.708288368,3.42E-03,3.343706884
1989,12,1989,-9.050967742,83.03,11.24225519,10.27,1.48,0.0547,0.662,N/A,2.803333333,0.416111111,0.607419355,1.023530466,0.513333333,-9.720000267,100.4300003,10.20358043,1.48,0.054346237,0.657718622,N/A,2.785203228
1990,1,1989,-8.055967742,118.93,2.986824926,10.72,1.53,0.05285,0.597,0.0034,2.983333333,0.461222222,0.788064516,1.249286738,0.456666667,-9.590000153,107,12.99273057,1.53,0.058716283,0.727845078,4.66E-03,3.635422282
1990,2,1989,-12.34892857,79.51,2.063857567,11.37,1.785,0.0267,0.741,0.002,3.106666667,0.149333333,0.440322581,0.589655914,0.266666667,-14.20499992,69.80999756,10.9725047,1.785,0.029598665,0.673517992,0.002846019,3.020046134
1990,3,1989,-6.806774194,54.6,93.93756677,6.83,2.83375,0.0276625,1.23825,0.003433333,1.885416667,0.343777778,0.401935484,0.745713262,0.36,-9.385000229,66.80000305,6.055168301,2.83375,0.026362694,1.13669508,3.01E-03,1.695575807
1990,4,1989,1.7455,55.12,98.94979228,6.335714286,1.93,0.023671429,0.875,0.00265,1.947142857,0.626888889,0.447096774,1.073985663,0.64,0.079999901,39.65999985,5.832625546,1.93,0.020493679,0.803403256,3.47E-03,1.777056126
1990,5,1989,11.382295,110.9,48.25068249,7.42,1.873333333,0.0141,0.614333333,0.0022,2.322222222,0.285444444,0.291290323,0.576734767,0.716666667,9.335000038,108.9599991,7.135660185,1.873333333,0.014841016,0.601859447,2.87E-03,2.248978202
1990,6,1990,14.8355,155.83,17.90813056,9.43,1.695,0.0051,0.4355,0.0009,2.768333333,0.430111111,0.388387097,0.818498208,0.793333333,12.57999992,144.4400024,11.12175108,1.695,0.006351727,0.515841601,1.15E-03,3.265117813
1990,7,1990,19.55645161,94.02,8.434896142,10.67,1.625,0.01515,0.4255,0.0014,2.868333333,0.398222222,0.130967742,0.529189964,0.5,16.94000053,80.98999786,11.59978763,1.625,0.015520955,0.460685035,0.001669426,3.131280637
1990,8,1990,16.66322581,38.83,0.320474777,12.06,3.13,0.0341,0.486,0.0031,3.183333333,0.615222222,0.368064516,0.983286738,1.226666667,14.97000027,64.02999878,14.64215363,3.13,0.041401114,0.590056937,0.003763738,3.86491341
1990,9,1990,13.00783333,93.41,0.538397626,N/A,N/A,N/A,N/A,N/A,N/A,0.138444444,0.090322581,0.228767025,0.263333333,11.51500034,101.9899979,N/A,N/A,N/A,N/A,N/A,N/A
1990,10,1990,7.753620435,171.6,27.85566766,10.815,2.155,0.01225,0.4505,0.004,2.928333333,0.406777778,0.467419355,0.874197133,0.806666667,5.809999943,130,6.303462936,2.155,0.006944878,0.267643128,0.002558906,1.724862839
1990,11,1990,-3.716806167,141.41,53.96795252,8.31,2.045,0.0138,0.606,0.0022,2.558333333,0.945777778,0.903225806,1.849003584,1.176666667,-4.690000057,101.5699997,6.301203435,2.045,0.010818401,0.538205731,2.48E-03,2.022114127
1990,12,1990,-15.14774356,121.23,20.21554896,9.01,1.71,0.0101,0.6135,0.0008,2.698333333,0.128333333,0.413225806,0.54155914,0.176666667,-16.37000084,93.73000336,6.14050301,1.71,0.007536228,0.425261942,0.000406065,1.849101997
1991,1,1990,-5.343372839,138.1,5.473709199,9.99,1.23,0.0148,0.597,0.0029,2.858333333,0.802666667,0.715806452,1.518473118,0.6,-7.704999924,90.73000336,8.553808033,1.23,0.01014765,0.511006577,0.0033455,2.434727983
1991,2,1990,-8.6679315,37.1,1.845934718,11.5,1.035,0.0186,0.6055,0.0019,2.948333333,0.609,0.657096774,1.266096774,0.5,-10.57999992,37.52000046,9.516020212,1.035,0.014715094,0.500298127,0.001689761,2.433434156
1991,3,1990,-1.804193548,86.6,63.81293769,9.776666667,1.426666667,0.009716667,1.234166667,0.0029,2.572222222,N/A,N/A,N/A,N/A,-5.050000191,113.7600021,11.22687673,1.426666667,0.011992994,1.472039973,4.29E-03,2.934768688
1991,4,1990,5.253,69.7,176.0303858,6.205714286,2.078571429,0.004814286,1.487071429,0.001925,1.798571429,0.324333333,0.200967742,0.525301075,0.436666667,2.519999981,69.58999634,6.21882895,2.078571429,0.005404277,1.486830248,1.65E-03,1.80030254
1991,5,1990,8.791447903,106.2,24.484273,8.705,1.65,0.00895,0.714,0.0015,2.486666667,0.277666667,0.275483871,0.553150538,0.57,7.309999943,87.88999939,8.807970996,1.65,0.00917532,0.727485452,1.46E-03,2.518323316
1991,6,1991,16.1815,39.3,2.884272997,11.43,1.28,0.0087,0.596,N/A,2.766666667,0.658777778,0.65483871,1.313616487,1.153333333,12.67000008,40.5,10.62030444,1.28,0.008083696,0.553779654,N/A,2.570677366
1991,7,1991,18.46241935,102.7,0.371750742,N/A,N/A,N/A,N/A,N/A,N/A,0.450333333,0.451612903,0.901946237,1.156666667,15.10000038,110.9400024,N/A,N/A,N/A,N/A,N/A,N/A
1991,8,1991,18.20516129,105.8,0,N/A,N/A,N/A,N/A,N/A,N/A,0.171888889,0.144516129,0.316405018,0.28,15.28999996,47.09999847,N/A,N/A,N/A,N/A,N/A,N/A
1991,9,1991,13.93416667,226.3,31.40652819,12.11,3.38,0.0228,0.575,0.003,2.906666667,0.42,0.25516129,0.67516129,0.656666667,10.72999954,131.3399963,8.24772738,3.38,0.015528339,0.39161381,0.002043202,1.979636189
1991,10,1991,6.512741935,194.8,152.8023739,7.946666667,2.75,0.0043,0.289,0.0004,2.302222222,0.714777778,0.72483871,1.439616487,1.27,4.045000076,153.6999969,7.767165349,2.75,0.00419028,0.284789968,3.32E-04,2.25039833
1991,11,1991,2.1785,164.9,90.46362018,7.475,2,0.0075,0.406,0.0027,2.305,0.713222222,0.562258065,1.275480287,0.963333333,0,120.3099976,7.788019609,2,0.00821227,0.439901622,1.74E-03,2.452943434
1991,12,1991,-5.141290323,110.8,49.81459941,7.655,1.815,0.077,0.4885,0.0013,2.373333333,0.259777778,0.42,0.679777778,0.423333333,-8.31499958,96.98000336,5.871824851,1.815,0.043832614,0.374019231,1.32E-03,1.795703285
1992,1,1991,-11.03596774,95.81,22.94599407,7.88,1.25,0.0053,0.549,0.0015,2.703333333,0.219333333,0.435806452,0.655139785,0.33,-13.53999996,82.87000275,6.794489698,1.25,0.004569898,0.473372442,0.001293367,2.33093534
1992,2,1991,-7.144642857,51.2,31.15014837,N/A,N/A,N/A,N/A,N/A,N/A,0.094888889,0.128709677,0.223598566,0.13,-9.409999847,61.54999924,N/A,N/A,N/A,N/A,N/A,N/A
1992,3,1991,-1.877741935,47.43,20.40783383,N/A,N/A,N/A,N/A,N/A,N/A,0.504,0.641290323,1.145290323,0.706666667,-4.925000191,46.70000076,N/A,N/A,N/A,N/A,N/A,N/A
1992,4,1991,7.144333333,84.53,178.1327003,7.23125,1.93875,0.0144375,0.9846875,0.002066667,2.052708333,0.167222222,0.200967742,0.368189964,0.373333333,3.954999924,56.56000137,8.513877401,1.93875,1.70E-02,1.165569652,2.25E-03,2.418211237
1992,5,1991,13.97580645,69.8,32.16284866,6.99,1.87,0.012,0.5965,0.0028,2.153333333,0.434777778,0.340967742,0.77574552,0.736666667,11.09000015,43.20000076,5.15695673,1.87,0.00903184,0.41957149,2.48E-03,1.579571897
1992,6,1992,18.575,53.91,0,N/A,N/A,N/A,N/A,N/A,N/A,0.199888889,0.153548387,0.353437276,0.366666667,15.43000031,94.12999725,N/A,N/A,N/A,N/A,N/A,N/A
1992,7,1992,17.69209677,169.3,20.26682493,10.165,1.74,0.0175,0.319,0.0016,2.715,0.272222222,0.198709677,0.4709319,0.346666667,15.85000038,115.7900009,8.278187926,1.74,0.013266728,0.259257739,0.001138935,2.204191882
1992,8,1992,19.08983871,80.61,0,N/A,N/A,N/A,N/A,N/A,N/A,0.497777778,0.365806452,0.863584229,0.736666667,16.69499969,74.02999878,N/A,N/A,N/A,N/A,N/A,N/A
1992,9,1992,11.21233333,223.6,29.02219585,9.505,2.02,0.008,0.2345,0.0045,2.566666667,0.844666667,0.695483871,1.540150538,1.543333333,10.11499977,139.8600006,7.505163243,2.02,0.006325053,0.184698393,3.52E-03,2.026166268
1992,10,1992,5.891612903,78.42,41.40534125,8.65,2.27,0.0105,0.228,0.004,2.568333333,0.710888889,0.693225806,1.404114695,1.14,4.744999886,85.25,6.961666328,2.27,8.88E-03,0.177423973,3.80E-03,2.037333071
1992,11,1992,-1.152666667,167.43,117.3835015,7.52,2.065,0.007,0.343,0.0025,2.476666667,0.322777778,0.663870968,0.986648746,0.606666667,-2.204999924,121.1900024,6.957803666,2.065,5.67E-03,0.330182292,1.28E-03,2.309491842
1992,12,1992,-7.142903226,157.33,9.755252226,8.13,1.443333333,0.007333333,0.425666667,N/A,2.652222222,0.305666667,0.508064516,0.813731183,0.396666667,-8.529999733,141.8200073,9.423916805,1.443333333,0.008193719,0.487850936,N/A,3.072713692
1993,1,1992,-9.77483871,80.5,0,N/A,N/A,N/A,N/A,N/A,N/A,0.252,0.433548387,0.685548387,0.373333333,-11.31499958,94.36000061,N/A,N/A,N/A,N/A,N/A,N/A
1993,2,1992,-8.69862069,17.51,0,N/A,N/A,N/A,N/A,N/A,N/A,0.136111111,0.243870968,0.379982079,0.18,-10.25500011,26.38999939,N/A,N/A,N/A,N/A,N/A,N/A
1993,3,1992,-6.358064516,20.8,25.16367953,8.416666667,2.595,0.039833333,1.000166667,0.0028,2.336111111,0.274555556,0.21,0.484555556,0.41,-8.149999619,21.94000053,9.305855715,2.595,0.033486365,1.099299548,0.004189924,2.574224913
1993,4,1992,1.501333333,156.43,194.374362,6.123333333,2.328333333,0.0095,1.011583333,0.002733333,1.800277778,0.219333333,0.383870968,0.603204301,0.743333333,0.069999903,78.81999969,7.050436606,2.328333333,0.010905531,1.162155999,3.09E-03,2.067399556
1993,5,1992,10.98585865,136.33,62.69768546,6.225,2.235,0.0045,0.5295,0.0038,1.99,0.596555556,0.383870968,0.980426523,0.62,9.234999657,105.4300003,6.332420381,2.235,0.004418626,0.461628148,5.12E-03,1.91643324
1993,6,1993,13.86866667,126.02,20.26682493,7.77,2.083333333,0.056333333,0.316333333,0.0063,2.202222222,0.290111111,0.23483871,0.524949821,0.72,11.88000011,120.5299988,8.728690726,2.083333333,0.066310057,0.362406747,0.004598033,2.504678631
1993,7,1993,13.81354839,136.52,25.98409496,8.98,2.01,0.0065,0.269,0.0019,2.271666667,0.495444444,0.53516129,1.030605735,1.08,12.17000008,100.0100021,7.330246826,2.01,0.005066357,0.223245742,2.06E-03,1.873145858
1993,8,1993,15.28967742,108.01,0,N/A,N/A,N/A,N/A,N/A,N/A,0.232555556,0.212258065,0.44481362,0.476666667,13.35999966,80.45999908,N/A,N/A,N/A,N/A,N/A,N/A
1993,9,1993,11.77366667,184.81,31.66290801,9.13,2.32,0.021,0.278,N/A,2.223333333,0.670444444,0.60516129,1.275605735,1.636666667,10.31999969,119.0599976,10.05185302,2.32,0.023120363,0.306069566,N/A,2.447822549
1993,10,1993,5.352903226,217.7,102.1289021,7.675,2.545,0.013,0.397,0.0016,2.045,0.189,0.198709677,0.387709677,0.35,3.654999971,140.0299988,6.807980812,2.545,0.012579338,0.388956712,2.09E-03,1.824560187
1993,11,1993,-2.605166667,98.3,37.62373887,7.136666667,1.853333333,0.019333333,0.433333333,0.00205,2.35,0.333666667,0.503548387,0.837215054,0.826666667,-3.099999905,87.87999725,5.359136681,1.853333333,1.38E-02,0.326710645,1.43E-03,1.758353653
1993,12,1993,-6.464354839,96.4,4.525103858,8.03,0.705,0.0065,0.4845,0.0015,2.458333333,0.336777778,0.652580645,0.989358423,0.523333333,-7.65500021,73.19999695,6.012210584,0.705,0.004947254,0.363058493,0.001050378,1.842939845
1994,1,1993,-9.342903226,97.11,0,N/A,N/A,N/A,N/A,N/A,N/A,0.121333333,0.37483871,0.496172043,0.286666667,-11.71500015,103.0699997,N/A,N/A,N/A,N/A,N/A,N/A
1994,2,1993,-11.61648214,33.3,0,N/A,N/A,N/A,N/A,N/A,N/A,0.045888889,0.067741935,0.113630824,0.09,-14.02499962,41.88000107,N/A,N/A,N/A,N/A,N/A,N/A
1994,3,1993,-2.308741935,89.8,0,N/A,N/A,N/A,N/A,N/A,N/A,0.352333333,0.298064516,0.650397849,0.276666667,-5.989999771,55.5,N/A,N/A,N/A,N/A,N/A,N/A
1994,4,1993,2.827016667,76.6,183.0551929,7.029333333,2.067333333,0.031466667,1.3068,0.005066667,1.826,0.598111111,0.677419355,1.275530466,0.993333333,0.360000014,63.50999832,7.071297569,2.067333333,0.031738627,1.342802566,5.33E-03,1.849573537
1994,5,1993,10.35009677,110.9,52.45531157,7.425,1.975,0.0105,0.702,0.0017,2.04,0.522666667,0.494516129,1.017182796,0.976666667,7.599999905,80.44999695,5.548816261,1.975,7.39E-03,0.565842716,1.68E-03,1.561176694
1994,6,1994,15.25723333,39.9,3.115014837,9.1,2.09,0.006,0.448,0.0045,2.25,0.441,0.42,0.861,0.81,12.19499969,71.47000122,6.513091293,2.09,0.004294346,0.320644494,3.22E-03,1.610379715
1994,7,1994,18.67241935,142.8,0.46148368,N/A,N/A,N/A,N/A,N/A,N/A,0.323555556,0.331935484,0.655491039,0.563333333,15.89000034,122.6600037,N/A,N/A,N/A,N/A,N/A,N/A
1994,8,1994,19.65209677,126.6,3.473946588,11.48,2.042,0.018,0.584,N/A,2.483333333,0.224777778,0.248387097,0.473164875,0.396666667,16.59000015,126.4300003,15.13196843,2.042,0.023726083,0.769779579,N/A,3.273320697
1994,9,1994,11.15471722,60.73,2.92272997,18.375,2.365,0.017,0.4,0.0014,2.626666667,0.517222222,0.433548387,0.950770609,0.703333333,8.539999962,58.27999878,16.82866909,2.365,0.017266852,0.330900099,0.000878506,2.269676558
1994,10,1994,4.595241935,126.64,19.90789318,12.16666667,2.224,0.010666667,0.597333333,0.0018,2.533333333,0.455,0.458387097,0.913387097,0.713333333,2.839999914,86.76000214,10.88341949,2.224,8.17E-03,0.48772103,2.08E-03,2.221929662
1994,11,1994,-2.126516667,130.32,57.32652819,8.05,3.072,0.012,0.9315,0.0007,2.155,0.401333333,0.447096774,0.848430108,0.443333333,-3.50999999,96.90000153,8.349770746,3.072,0.01327193,0.944424449,1.05E-03,2.243692182
1994,12,1994,-6.630145161,26.83,31.22706231,8.595,1.4835,0.0075,0.772,0.0007,2.378333333,0.343,0.537419355,0.880419355,0.423333333,-8.715000153,20.61000061,11.5530227,1.4835,0.010081622,1.030871858,9.83E-04,3.193541938
1995,1,1994,-17.58370968,59.55,15.42124629,9.995,1.323,0.01155,0.742,0.0016,2.563333333,0.148555556,0.438064516,0.586620072,0.136666667,-20.04000092,95.19000244,12.53164644,1.323,0.014891201,0.927833527,0.00188862,3.208329782
1995,2,1994,-12.74291071,129.94,1.794658754,10.55,1.152,0.0064,0.71,N/A,2.646666667,0.049777778,0.212258065,0.262035842,0.08,-16.20499992,85.63999939,9.094688285,1.152,0.005517157,0.612059591,N/A,2.281574249
1995,3,1994,-3.107403226,57.43,92.55311573,5.308272727,2.651363636,0.024509091,1.618,0.003033333,1.714242424,0.770777778,0.571290323,1.3420681,0.656666667,-6.139999866,50.38000107,5.612813253,2.651363636,0.028027898,1.707074431,0.002963296,1.809214819
1995,4,1994,3.169666667,106.54,112.4353709,3.947142857,2.313285714,0.022757143,1.220571429,0.0007,1.773809524,0.406,0.363548387,0.769548387,0.473333333,0.200000003,97.09999847,4.603607023,2.313285714,0.026656624,1.434192155,1.03E-03,2.046517419
1995,5,1994,10.92837097,107.72,64.54362018,3.657,2.2225,0.03685,0.873,0.0019,1.943333333,0.369444444,0.293548387,0.662992832,0.54,7.875,83.34999847,4.292640883,2.2225,4.31E-02,1.020931292,2.43E-03,2.28967934
1995,6,1995,17.71250809,26.83,9.332225519,4.205,1.479,0.01955,0.634,0.016,2.32,0.095666667,0.108387097,0.204053763,0.13,14.43000031,46.08000183,2.578226238,1.479,0.021915692,0.587973878,0.020507975,2.225921961
1995,7,1995,18.23621742,89.32,0.076913947,N/A,N/A,N/A,N/A,N/A,N/A,0.346111111,0.368064516,0.714175627,0.773333333,15.47000027,110.7799988,N/A,N/A,N/A,N/A,N/A,N/A
1995,8,1995,16.04422581,132.71,0.730682493,N/A,N/A,N/A,N/A,N/A,N/A,0.607444444,0.46516129,1.072605735,0.886666667,13.64500046,138.7899933,N/A,N/A,N/A,N/A,N/A,N/A
1995,9,1995,14.54146667,147.32,1.192166172,11.62,1.699,0.0055,0.84,N/A,2.653333333,0.204555556,0.216774194,0.421329749,0.46,12.14500046,121.9100037,7.863645044,1.699,0.003722035,0.568456268,N/A,1.795599958
1995,10,1995,9.60633871,256.22,112.9865875,8.437,2.209,0.008833333,0.765333333,0.00085,2.278888889,0.390444444,0.49,0.880444444,0.786666667,7.045000076,177.5299988,7.763990214,2.209,0.007434693,0.668837415,7.57E-04,2.038986161
1995,11,1995,2.27097085,118.12,45.5074184,7.973,1.7995,0.0078,0.7435,0.0012,2.2565,0.301777778,0.327419355,0.629197133,0.66,0.189999998,105.0199966,6.922079354,1.7995,6.89E-03,0.643733752,1.19E-03,1.953995965
1995,12,1995,-1.480822581,79.06,13.31893175,9.18,1.58,0.0252,0.794,N/A,2.492666667,0.191333333,0.347741935,0.539075269,0.22,-4.010000229,120.9899979,4.708916394,1.58,0.012926437,0.407285361,N/A,1.278622977
1996,1,1995,-7.738548387,100.85,14.58801187,10.1695,0.731,0.00915,0.382,0.0004,2.605,0.126,0.264193548,0.390193548,0.27,-9.444999695,106.1299973,12.40177432,0.731,0.011595965,0.501697874,4.52E-04,3.178841532
1996,2,1995,-11.00314286,86.76,11.9472997,9.02,1.312666667,0.013266667,0.955666667,0.0015,2.421111111,N/A,N/A,N/A,N/A,-13.41499996,76.08000183,11.95844387,1.312666667,0.017439613,1.262256218,0.001946294,3.225185374
1996,3,1995,-0.911177419,64.92,18.54908012,8.446333333,1.472,0.1796,1.017333333,0.0013,2.374444444,0.175,0.329677419,0.504677419,0.256666667,-4.360000134,42.90999985,10.42513346,1.472,0.180181456,1.287568597,1.83E-03,2.937728296
1996,4,1995,1.986916667,116.51,138.1246291,5.970941176,2.052294118,0.014070588,1.444294118,0.0021,1.765490196,0.416888889,0.451612903,0.868501792,0.58,-0.414999992,89,6.374975699,2.052294118,0.015593032,1.564947311,2.72E-03,1.90958258
1996,5,1995,11.28135484,45.6,134.4583976,5.446,2.064,0.019166667,1.028666667,N/A,1.74,0.380333333,0.363548387,0.74388172,0.556666667,8.359999657,35.15000153,5.960781872,2.064,0.020166274,1.107887025,N/A,1.889942349
1996,6,1996,19.66868333,72.11,10.7935905,7.892,1.7425,0.0152,0.6815,0.0013,2.2,0.119777778,0.16483871,0.284616487,0.25,16.43000031,85.30000305,8.701128211,1.7425,0.016796548,0.755053526,0.001511394,2.422513035
1996,7,1996,18.56422581,150.5,14.5495549,8.813666667,1.957333333,0.0196,0.623333333,0.00235,2.158888889,0.404444444,0.415483871,0.819928315,0.49,16.06999969,152.8399963,10.76927121,1.957333333,0.019242364,0.747798085,0.003418538,2.595197856
1996,8,1996,19.97306452,131.9,25.50979228,9.4545,2.2305,0.0326,0.498,0.0011,2.22,0.728,0.530645161,1.258645161,1.22,17.44000053,78.77999878,12.92790175,2.2305,0.043581453,0.681270788,0.00145229,3.033408045
1996,9,1996,11.771,187.4,58.36486647,9.9835,1.847,0.01095,0.4535,0.0006,2.231666667,0.496222222,0.53516129,1.031383513,0.773333333,9.890000343,145.1900024,9.833836675,1.847,0.010977585,0.454840224,0.000301202,2.176654819
1996,10,1996,7.828193548,136.11,67.81246291,7.318,2.506333333,0.0172,0.408,0.001,2.048888889,0.395888889,0.487741935,0.883630824,0.826666667,5.824999809,114.1399994,6.686665609,2.506333333,1.54E-02,0.381799523,9.93E-04,1.889818553
1996,11,1996,-5.189583333,83.41,68.2611276,6.856,1.865,0.0135,0.524,0.0009,2.015,0.654111111,0.736129032,1.390240143,0.563333333,-5.989999771,93.13999939,5.601925325,1.865,1.11E-02,0.430978493,7.89E-04,1.653311417
1996,12,1996,-9.431177419,122.32,21.84356083,8.6805,1.579,0.0184,0.5635,0.0006,2.135,0.189,0.300322581,0.489322581,0.266666667,-11.72500038,120.4400024,9.031115695,1.579,0.02282198,0.599255174,0.00089261,2.247493245
1997,1,1996,-12.41324194,146.54,15.90836795,8.614,1.37,0.0131,0.5815,0.0007,2.29,0.268333333,0.580322581,0.848655914,0.456666667,-14.39500046,137.3200073,7.665586518,1.37,0.011678335,0.529418912,4.22E-04,2.083767463
1997,2,1996,-10.6437931,35.24,11.11406528,8.327,0.906,0.02225,0.616,0.0011,2.271666667,0.350777778,0.548709677,0.899487455,0.41,-13.42000008,52.27000046,7.33746179,0.906,0.018735925,0.5437718,1.07E-03,1.996914514
1997,3,1996,-5.995177419,91.86,8.434896142,8.40525,1.33825,0.01425,0.71425,0.0014,2.349166667,0.189777778,0.252903226,0.442681004,0.326666667,-9.489999771,54.09999847,7.72347951,1.33825,0.012646131,0.6788767,1.33E-03,2.129080609
1997,4,1996,0.808316667,58.35,233.0108012,5.9115625,2.1103125,0.01025625,1.2670625,0.0023,1.612708333,0.293222222,0.261935484,0.555157706,0.466666667,-1.485000014,31.21999931,5.937056557,2.1103125,0.010432432,1.283488137,2.10E-03,1.622756831
1997,5,1996,9.840274194,90.82,80.51608309,6.3035,1.8685,0.0068,0.7905,0.001,1.811666667,0.199888889,0.121935484,0.321824373,0.193333333,6.619999886,91.15000153,5.967188149,1.8685,6.41E-03,0.746086202,0.000958974,1.714779293
1997,6,1997,17.16418333,90.11,8.87074184,8.7215,1.955,0.00365,0.6175,0.0024,2.216666667,0.243444444,0.196451613,0.439896057,0.33,14.67000008,63.24000168,7.229472526,1.955,0.0029878,0.516527149,1.42E-03,1.856800197
1997,7,1997,16.23435484,23.11,1.897210682,9.25,1.348,0.0032,0.551,N/A,2.24,0.368666667,0.435806452,0.804473118,0.766666667,13.57999992,58.95999908,6.691341888,1.348,0.002314843,0.39858696,N/A,1.620389819
1997,8,1997,18.30322581,65.82,0.141008902,N/A,N/A,N/A,N/A,N/A,N/A,0.443333333,0.343225806,0.78655914,0.79,15.63000011,70.45999908,N/A,N/A,N/A,N/A,N/A,N/A
1997,9,1997,15.04775,87.14,0,N/A,N/A,N/A,N/A,N/A,N/A,0.348444444,0.311612903,0.660057348,0.673333333,12.625,83.38999939,N/A,N/A,N/A,N/A,N/A,N/A
1997,10,1997,7.890451613,83.44,0.025637982,N/A,N/A,N/A,N/A,N/A,N/A,0.452666667,0.462903226,0.915569892,0.733333333,5.40500021,72.37000275,N/A,N/A,N/A,N/A,N/A,N/A
1997,11,1997,-2.0111,79.61,1.16652819,10.1,1.43,0.0075,1.023,N/A,2.89,0.164888889,0.246129032,0.411017921,0.306666667,-3.660000086,66.51999664,10.36228739,1.43,7.69E-03,1.049566336,N/A,2.965050549
1997,12,1997,-5.976596774,40.63,0,10.72,1.163,0.0087,0.961,N/A,2.793333333,0.236444444,0.591612903,0.828057348,0.373333333,-7.875,47.54999924,N/A,N/A,N/A,N/A,N/A,N/A
1998,1,1997,-12.62608065,69.64,0.263738206,N/A,N/A,N/A,N/A,N/A,N/A,0.153222222,0.433548387,0.586770609,0.303333333,-14.57999992,84.62000275,N/A,N/A,N/A,N/A,N/A,N/A
1998,2,1997,-8.138589286,33.05,0.212342976,N/A,N/A,N/A,N/A,N/A,N/A,0.161777778,0.241612903,0.403390681,0.23,-10.97000027,30.10000038,N/A,N/A,N/A,N/A,N/A,N/A
1998,3,1997,-4.762193548,110.2,129.2326356,7.4225,2.546375,0.00905,1.8075,0.0025,1.922141667,0.284666667,0.390645161,0.675311828,0.36,-7.71999979,107.7799988,7.571718926,2.546375,0.009288648,1.829053458,2.67E-03,1.959658492
1998,4,1997,3.73005,62,80.44327245,6.058285714,2.573285714,0.0076,1.542,0.0028,1.654761905,0.255888889,0.200967742,0.456856631,0.306666667,0.379999995,46.79999924,6.041456112,2.573285714,0.008802263,1.531344022,3.02E-03,1.65679799
1998,5,1997,7.753870968,75.42,7.14374937,8.939,1.4595,0.00815,0.864,0.0062,2.556666667,0.386555556,0.316129032,0.702684588,0.476666667,4.869999886,57.20000076,9.584217561,1.4595,8.86E-03,0.913457657,5.85E-03,2.7407454
1998,6,1998,18.20878333,120.41,34.72729486,9.262,2.454,0.00215,0.6555,0.001,2.49,0.383444444,0.329677419,0.713121864,0.446666667,15.00500011,108.6699982,9.223606275,2.454,0.001349265,0.639153233,6.28E-04,2.53597743
1998,7,1998,18.16041935,48.22,1.411792732,12.97,1.597,0.0057,0.648,0.0016,2.523333333,0.098777778,0.146774194,0.245551971,0.22,15.31000042,58.13999939,11.40258594,1.597,0.00501116,0.569689722,0.001406641,2.218390531
1998,8,1998,16.53666129,94.1,0.023749879,N/A,N/A,N/A,N/A,N/A,N/A,0.215444444,0.243870968,0.459315412,0.433333333,14.01500034,73.54000092,N/A,N/A,N/A,N/A,N/A,N/A
1998,9,1998,13.3853,100.01,0.028646491,N/A,N/A,N/A,N/A,N/A,N/A,0.386555556,0.354516129,0.741071685,0.743333333,11.63500023,98.22000122,N/A,N/A,N/A,N/A,N/A,N/A
1998,10,1998,7.323822581,101.42,1.987754187,11.92,1.727,0.0075,0.829,0.001,3.05,0.445666667,0.512580645,0.958247312,0.653333333,5.260000229,72.31999969,13.84557548,1.727,0.009208882,0.985047268,0.001480444,3.510158476
1998,11,1998,-1.122683333,157.25,51.28390589,9.0695,2.4505,0.01265,1.0955,0.003,2.355,0.172666667,0.28,0.452666667,0.27,-2.565000057,128.3600006,11.58109284,2.4505,0.016221534,1.189410262,0.002388361,2.829308655
1998,12,1998,-5.59,100.43,45.20410649,7.558,2.846,0.00625,2.8135,0.0016,2.241666667,0.058333333,0.160322581,0.218655914,0.08,-6.454999924,94.69999695,6.727209834,2.846,0.004515844,3.312026495,0.000861272,2.069642027
1999,1,1998,-8.451403226,91.13,7.999953103,9.777,1.5075,0.00565,0.964,0.003,2.59,0.263666667,0.431290323,0.694956989,0.273333333,-10.92000008,138.2799988,8.984186483,1.5075,0.005114667,0.884215388,0.003544863,2.388162845
1999,2,1998,-1.286392857,126.25,20.53675457,10.067,1.7425,0.00705,1.2145,0.006,2.368333333,0.423888889,0.508064516,0.931953405,0.406666667,-4.179999828,96.91000366,13.686461,1.7425,0.009677066,1.627550785,0.007769146,3.210588329
1999,3,1998,-1.853741935,27.22,56.03867268,8.3172,1.915,0.00894,1.2504,0.0024,2.152666667,0.704666667,0.666129032,1.370795699,0.913333333,-4.570000172,20.29999924,8.45682232,1.915,0.009492845,1.323067257,1.80E-03,2.195146091
1999,4,1998,7.157583333,66.63,211.6269176,4.845272727,2.951181818,0.014072727,1.037727273,0.0017,1.606470606,0.080111111,0.124193548,0.204304659,0.216666667,4.045000076,46.18999863,5.151569338,2.951181818,0.016240675,1.147427333,1.97E-03,1.713473464
1999,5,1998,15.21775806,74.5,11.83314981,8.6955,2.0005,0.0102,0.7335,0.0014,2.268333333,0.458888889,0.390645161,0.84953405,0.523333333,11.98999977,109.7300034,5.730956577,2.0005,0.006941466,0.478955996,0.000796604,1.491255989
1999,6,1999,16.58495,67.91,2.539309268,10.935,1.306,0.0028,0.679,0.0016,2.43,0.199888889,0.25516129,0.455050179,0.396666667,13.56999969,89.87999725,9.462153276,1.306,2.42E-03,0.587544771,1.38E-03,2.102700728
1999,7,1999,19.39806452,143.05,3.436991473,11.983,1.7645,0.0039,0.825,0.0012,2.491666667,0.136111111,0.099354839,0.23546595,0.15,16.69000053,127.9199982,11.33498166,1.7645,0.003603095,0.794872154,0.001394662,2.386252687
1999,8,1999,20.19467742,100.84,0.095797152,12.056,1.393,0.0032,0.871,N/A,2.403333333,0.365555556,0.359032258,0.724587814,0.69,17.14999962,89.66999817,13.15431512,1.393,0.003491524,0.950349076,N/A,2.622279694
1999,9,1999,15.32643333,163.83,0.191099473,12.738,1.7,0.0013,0.867,0.0071,2.653333333,0.444888889,0.25516129,0.700050179,0.703333333,12.88500023,108.4400024,14.75781845,1.7,0.001506136,1.004477045,0.008225821,3.074062775
1999,10,1999,9.215032258,155.56,36.94637779,9.709,2.1955,0.0062,1.0345,0.0023,2.298333333,0.251222222,0.277741935,0.528964158,0.57,6.744999886,120.3099976,13.06906558,2.1955,0.007943728,1.380208672,0.002737658,3.068363532
1999,11,1999,1.71015,52.53,25.92269194,9.636,1.388,0.00655,1.0985,0.0008,2.361666667,0.973777778,0.657096774,1.630874552,0.923333333,0.275000006,45.15000153,11.74136428,1.388,0.007617055,1.343839861,1.13E-03,2.885816293
1999,12,1999,-3.523124352,110.84,25.74422959,8.404,2.845,0.00475,1.074,0.0014,2.393333333,0.268333333,0.438064516,0.706397849,0.386666667,-6.494999886,96.76999664,11.38885553,2.845,5.66E-03,1.277863872,1.43E-03,2.848915862
2000,1,1999,-11.55064653,97.73,11.90536834,10.575,1.22,0.00775,1.088,0.0122,2.543875,0.108888889,0.284516129,0.393405018,0.233333333,-13.86499977,132.8899994,9.117394693,1.22,0.006866346,0.938904289,0.013058591,2.17663962
2000,2,1999,-5.166392857,79.27,43.51260154,8.9048,1.8982,0.0083,1.4274,0.00295,2.194256667,0.465888889,0.729354839,1.195243728,0.68,-8.005000114,51.02999878,8.358850925,1.8982,0.008523232,1.409407731,2.65E-03,2.059583141
2000,3,1999,-2.080532258,105.23,160.3663696,5.459454545,2.277363636,0.0075,1.157363636,0.002127273,1.678794848,0.191333333,0.191935484,0.383268817,0.14,-5.394999981,66.70999908,4.837422721,2.277363636,0.006435577,1.029605533,1.98E-03,1.482983949
2000,4,1999,7.049316667,38.34,47.47599228,6.2055,2.2135,0.00415,0.8125,0.0026,1.963248333,0.297111111,0.298064516,0.595175627,0.463333333,3.815000057,30.70999908,5.292686156,2.2135,0.003431494,0.710234751,2.23E-03,1.685998614
2000,5,1999,14.90290323,65.04,11.53909043,8.9755,1.5155,0.00515,0.706,0.0013,2.4017,0.399777778,0.422258065,0.822035842,0.7,10.82499981,55.54000092,8.672021665,1.5155,0.003796874,0.687698,1.24E-03,2.31400191
2000,6,2000,18.03372628,188.73,46.87007368,9.9835,1.7135,0.00365,0.6435,0.0021,2.537715,0.327444444,0.30483871,0.632283154,0.616666667,14.97000027,108.9100037,8.838197729,1.7135,0.001884156,0.564212684,0.002168665,2.266364449
2000,7,2000,20.46806452,65.38,20.15905958,8.8755,2.1145,0.00835,0.4725,0.0014,2.290616667,0.539,0.435806452,0.974806452,0.6,17.92000008,48.65000153,9.23628223,2.1145,0.008312954,0.473656719,0.001517056,2.418683282
2000,8,2000,17.44567742,92.55,0.170692646,11.881,1.7245,0.00785,0.7035,0.00165,2.641065,0.203,0.212258065,0.415258065,0.323333333,14.72999954,54.45999908,14.35048202,1.7245,0.009558295,0.851631745,0.002002616,3.19003676
2000,9,2000,15.41068185,180.26,6.076650142,11.3315,1.5875,0.0067,0.6545,0.00135,2.463938333,0.451888889,0.462903226,0.914792115,0.75,12.18500042,81.59999847,15.72716347,1.5875,0.009127707,0.908882263,0.001907531,3.422973887
2000,10,2000,5.968274194,58.85,14.7955411,10.899,2.087,0.0117,0.5985,0.00305,2.513333333,0.665,0.625483871,1.290483871,0.833333333,4.449999809,53.00999832,13.39513842,2.087,1.46E-02,0.741278958,3.84E-03,3.099229169
2000,11,2000,2.541566667,73.25,12.35943102,9.506,1.559,0.0155,0.7195,0.00125,2.48968,0.309555556,0.372580645,0.682136201,0.37,1.080000043,105.1399994,12.20114218,1.559,0.0218803,0.923384842,1.62E-03,3.193678355
2000,12,2000,-5.879032258,58.87,6.438089007,10.6235,1.1105,0.00525,0.775,0.0017,2.586661667,0.261333333,0.426774194,0.688107527,0.34,-7.349999905,92.34999847,8.91642083,1.1105,4.21E-03,0.653628771,1.32E-03,2.172900055
2001,1,2000,-10.24154839,45.6,0.089732938,11.44,1.992,0.0237,0.714,0.0046,2.715903333,0.21,0.460645161,0.670645161,0.216666667,-12.89999962,69.16999817,9.872234,1.992,0.020452093,0.616151667,0.003969605,2.343709198
2001,2,2000,-4.602603448,116.71,0,N/A,N/A,N/A,N/A,N/A,N/A,0.298666667,0.438064516,0.736731183,0.34,-8.06499958,104.0599976,N/A,N/A,N/A,N/A,N/A,N/A
2001,3,2000,1.478403226,35.55,5.557288124,11.0915,1.2375,0.01125,1.0545,0.0027,2.5212,0.227888889,0.289032258,0.516921147,0.376666667,-1.495000005,33.18999863,13.69489914,1.2375,0.014006585,1.299286649,3.33E-03,3.110624917
2001,4,2000,4.8159,124.83,219.7636833,6.809916667,2.707416667,0.007208333,1.487416667,0.003208333,1.632243838,0.370222222,0.298064516,0.668286738,0.286666667,2.125,76.62999725,6.830947121,2.707416667,7.60E-03,1.541216126,3.22E-03,1.624614356
2001,5,2000,12.32841935,93.91,29.46131799,8.1845,2.063,0.01615,0.726,0.0032,2.098694711,0.567,0.426774194,0.993774194,0.68,9.31499958,100.9499969,9.175680664,2.063,0.016881796,0.849992973,4.04E-03,2.375064012
2001,6,2001,14.90293333,67.92,7.14879225,9.798,1.549,0.0065,0.591,0.0026,2.399451357,0.572444444,0.449354839,1.021799283,0.846666667,12.43500042,86.87999725,11.84806791,1.549,7.82E-03,0.715250004,3.12E-03,2.905445295
2001,7,2001,18.48353226,39.85,0.043761625,11.371,1.429,0.007,0.605,N/A,2.61791,0.215444444,0.214516129,0.429960573,0.276666667,15.48499966,47.88999939,12.27135396,1.429,0.007554259,0.652903803,N/A,2.825195695
2001,8,2001,17.84766129,92.58,5.67E-05,N/A,N/A,N/A,N/A,N/A,N/A,0.782444444,0.53516129,1.317605735,1.12,15.46000004,123.0100021,N/A,N/A,N/A,N/A,N/A,N/A
2001,9,2001,13.03135,123.14,0.038502822,N/A,N/A,N/A,N/A,N/A,N/A,0.541333333,0.519354839,1.060688172,0.843333333,10.82999992,171.8000031,N/A,N/A,N/A,N/A,N/A,N/A
2001,10,2001,8.476483871,242.45,92.96011434,8.328,2.343,0.0029,0.455,N/A,2.193829667,0.337555556,0.25516129,0.592716846,0.376666667,6.534999847,196.4499969,9.352162833,2.343,0.003256637,0.510955102,N/A,2.463622991
2001,11,2001,0.945983333,119.45,26.30476362,7.135,2.09,0.0056,0.4755,N/A,2.1187035,0.095666667,0.171612903,0.26727957,0.186666667,-0.814999998,121.8099976,8.890946966,2.09,0.007100278,0.594121951,N/A,2.641187183
2001,12,2001,-11.63467742,131.03,82.92124723,6.448,2.5485,0.00625,0.621,N/A,1.940486567,0.172666667,0.286774194,0.45944086,0.133333333,-13.17500019,118.9599991,5.327020133,2.5485,0.00519181,0.512338163,N/A,1.60284612
2002,1,2001,-7.245177419,52.67,10.73506505,8.352666667,1.573666667,0.0054,0.672,0.0009,2.354575498,0.125222222,0.230322581,0.355544803,0.13,-9.715000153,46.02000046,9.37767739,1.573666667,0.006164008,0.748239537,0.000987945,2.636340632
2002,2,2001,-8.578196429,57.15,1.65868004,9.768,1.177,0.0059,0.69,0.00455,2.571352838,0.182,0.390645161,0.572645161,0.323333333,-11.35000038,94.70999908,14.15482585,1.177,0.008482537,0.999761066,0.006631417,3.724847654
2002,3,2001,-2.886,200.618,21.136782,7.972666667,1.325333333,0.010766667,0.997666667,0.0015,2.135950429,0.178111111,0.221290323,0.399401434,0.173333333,-6.110000134,118.4400024,6.080747832,1.325333333,0.007539005,0.741141123,0.001116381,1.626138818
2002,4,2001,6.251616667,98.03,236.8954668,4.998625,2.60125,0.015775,1.05575,0.0039,1.506089216,0.872666667,0.537419355,1.410086022,0.766666667,3.059999943,73.44000244,5.561723025,2.60125,1.75E-02,1.139651367,4.20E-03,1.668109431
2002,5,2001,13.5896129,91.04,54.78560394,5.994,1.9225,0.00835,0.6765,0.00175,1.887353271,0.315777778,0.28,0.595777778,0.583333333,10.21500015,106.0500031,5.373136442,1.9225,0.010042414,0.661658073,1.66E-03,1.699382808
2002,6,2002,17.48703333,87.84,23.64878328,8.4845,1.823,0.043,0.5135,0.0023,2.129765749,0.310333333,0.246129032,0.556462366,0.47,14.41499996,109.4100037,6.899369595,1.823,0.036037964,0.414782286,0.001841527,1.729068103
2002,7,2002,18.18309677,98.02,0.551446017,9.9,1.323,0.0046,0.492,0.0046,2.381987667,0.220111111,0.239354839,0.45946595,0.283333333,15.58500004,85.98000336,12.61359883,1.323,0.005860864,0.626857639,0.005860864,3.03489261
2002,8,2002,19.79193548,88.39,1.53E-01,N/A,N/A,N/A,N/A,N/A,N/A,0.215444444,0.25516129,0.470605735,0.38,17.39999962,122.7799988,N/A,N/A,N/A,N/A,N/A,N/A
2002,9,2002,13.44505,123.87,0.098029613,N/A,N/A,N/A,N/A,N/A,N/A,0.28,0.334193548,0.614193548,0.406666667,11.43000031,72.26000214,N/A,N/A,N/A,N/A,N/A,N/A
2002,10,2002,7.396693548,180.95,44.32842783,8.2655,2.636,0.0044,0.5715,0.00295,1.986760444,0.762222222,0.858064516,1.620286738,1.043333333,5.690000057,146,10.29128204,2.636,5.51E-03,0.706222289,0.003711568,2.476228559
2002,11,2002,3.6648,99.03,29.43734283,8.681,1.6005,0.01405,0.5865,0.0018,2.377347575,0.495444444,0.46516129,0.960605735,0.56,2.049999952,65.09999847,7.759246086,1.6005,1.19E-02,0.520727178,0.00160041,2.12362283
2002,12,2002,-1.680096774,110.45,24.81019948,8.808,1.224333333,0.012866667,0.691333333,0.001933333,2.403219945,0.408333333,0.596129032,1.004462366,0.536666667,-4.144999981,58.27999878,10.72021052,1.224333333,1.64E-02,0.831899241,0.00235998,2.922522186
2003,1,2002,-6.38673575,46.52,19.02457279,9.903,1.2705,0.00785,0.7455,0.0012,2.416590167,0.205333333,0.291290323,0.496623656,0.173333333,-8.229999542,79.37999725,9.614451578,1.2705,0.006874873,0.731178342,1.24E-03,2.339051721
2003,2,2002,-6.791964286,53.74,76.52030736,10.689,1.08,0.0146,0.726,0.0025,2.537275667,0.276888889,0.397419355,0.674308244,0.223333333,-8.279999733,62.58000183,6.178373804,1.08,0.00843898,0.419636952,0.001445031,1.466576622
2003,3,2002,-6.210274194,77.65,41.39318606,7.585333333,2.322333333,0.0126,1.689,0.0031,1.743205238,0.465888889,0.67516129,1.141050179,0.7,-8.18500042,65.93000031,7.55664591,2.322333333,0.011837381,1.658321486,3.00E-03,1.721514852
2003,4,2002,3.1714,73.44,200.3795365,5.786375,2.067375,0.0186,1.434,0.0027375,1.58520118,0.767666667,0.625483871,1.393150538,0.693333333,1.044999957,69.23000336,5.397783741,2.067375,0.016418134,1.297087119,2.48E-03,1.453468963
2003,5,2002,7.913451613,49,21.90198833,7.616,1.9305,0.00335,0.894,0.0029,1.992996667,0.458888889,0.35,0.808888889,0.41,5.909999847,76.91999817,7.615717811,1.9305,3.99E-03,0.963907382,2.87E-03,2.036492098
2003,6,2003,16.9513,47.21,1.931450083,9.2385,1.7135,0.00965,0.7,0.00385,2.4038775,0.336777778,0.293548387,0.630326165,0.406666667,14.11499977,65.08000183,9.174459134,1.7135,0.009846411,0.730309278,3.33E-03,2.455910082
2003,7,2003,20.33064516,177,1.600383129,9.092,5.158,0.0043,0.57,0.0036,1.79795,0.314222222,0.291290323,0.605512545,0.366666667,18,128.75,12.70996198,5.158,0.006011091,0.796818998,0.005032541,2.513404768
2003,8,2003,18.44548387,128.91,0,N/A,N/A,N/A,N/A,N/A,N/A,0.260555556,0.291290323,0.551845878,0.406666667,16.25,85.08000183,N/A,N/A,N/A,N/A,N/A,N/A
2003,9,2003,16.41246667,145.71,0.033333381,N/A,N/A,N/A,N/A,N/A,N/A,0.612888889,0.575806452,1.188695341,0.893333333,14.32499981,118.5800018,N/A,N/A,N/A,N/A,N/A,N/A
2003,10,2003,5.080032258,120.62,27.80700386,9.323,2.437,0.00275,0.4195,0.00145,2.226257907,0.441777778,0.530645161,0.972422939,0.8,3.150000095,73.91999817,6.040142784,2.437,1.84E-03,0.281161147,9.28E-04,1.45841356
2003,11,2003,-2.292216667,158.53,113.759643,7.1825,2.9335,0.00295,0.5085,0.0029,1.935355315,0.486111111,0.408709677,0.894820789,0.363333333,-3.414999962,153.6699982,9.589758344,2.9335,0.003992781,0.674150577,3.83E-03,2.58087226
2003,12,2003,-4.97683871,90.57,21.08930171,7.707333333,1.834333333,0.003433333,0.554666667,0.002133333,2.133313155,0.304888889,0.390645161,0.69553405,0.37,-6.875,96.01999664,6.498438151,1.834333333,0.002944808,0.467175468,1.90E-03,1.806086758
2004,1,2003,-12.60104839,76.13,11.04369101,9.3092,1.32,0.0048,0.59,0.00175,2.571111474,0.108111111,0.232580645,0.340691756,0.123333333,-13.88000011,112.7200012,8.452148158,1.32,0.004395155,0.535807221,1.56E-03,2.333598151
2004,2,2003,-12.54628571,52.89,0.969693427,N/A,N/A,N/A,N/A,N/A,N/A,0.143888889,0.191935484,0.335824373,0.163333333,-15.21000004,59.22999954,N/A,N/A,N/A,N/A,N/A,N/A
2004,3,2003,-4.496516129,128.13,61.22987669,8.266166667,1.830333333,0.0201,0.916,0.002333333,2.060859112,0.337555556,0.528387097,0.865942652,0.52,-7.84499979,114.5100021,9.468620329,1.830333333,0.020145526,0.995149966,2.51E-03,2.355066852
2004,4,2003,2.1451,66.54,102.1766818,5.884022222,2.300111111,0.021677778,1.007333333,0.005022222,1.616025137,0.681333333,0.354516129,1.035849462,0.586666667,-0.174999997,59.68000031,6.557970509,2.300111111,0.023767876,1.125879572,5.27E-03,1.796666177
2004,5,2003,13.1785,109.13,22.33459497,6.935771429,1.921857143,0.045257143,0.678714286,0.009014286,1.960924005,0.134555556,0.119677419,0.254232975,0.22,8.93500042,114.5999985,7.008836469,1.921857143,4.42E-02,0.664530762,8.63E-03,1.979315526
2004,6,2004,16.72535,73.22,6.994481529,8.9922,1.781,0.00685,0.4445,0.00295,2.407081797,0.172666667,0.176129032,0.348795699,0.2,13.35000038,78.62999725,10.01732551,1.781,0.007821479,0.490037093,0.003340019,2.651778603
2004,7,2004,18.73467742,73.91,0.391104279,N/A,N/A,N/A,N/A,N/A,N/A,0.631555556,0.494516129,1.126071685,0.78,15.67000008,82.65000153,N/A,N/A,N/A,N/A,N/A,N/A
2004,8,2004,19.23908065,173,0.285702835,11.612,1.834,0.0106,0.504,0.0032,2.716789541,0.391222222,0.327419355,0.718641577,0.57,16.60000038,102.2799988,14.99997938,1.834,0.013692713,0.651049742,0.004133649,3.509454623
2004,9,2004,14.7013,56.92,0,N/A,N/A,N/A,N/A,N/A,N/A,0.515666667,0.469677419,0.985344086,1.246666667,12.40499973,40.52000046,N/A,N/A,N/A,N/A,N/A,N/A
2004,10,2004,6.631629032,215.74,39.47902483,8.7677,2.6615,0.00155,0.35,0.0017,2.011831275,0.616,0.620967742,1.236967742,0.573333333,4.670000076,172.6000061,9.98384125,2.6615,1.39E-03,0.394447343,1.84E-03,2.27471415
2004,11,2004,1.031033333,86.83,29.42381627,8.07045,1.857,0.002,0.3815,0.0026,2.098436328,0.287,0.390645161,0.677645161,0.433333333,-0.829999983,107.5,7.91629912,1.857,2.21E-03,0.369296847,3.02E-03,2.047153161
2004,12,2004,-3.62766129,112.73,11.46016857,8.6366,1.84,0.011,0.46,0.0017,2.291185794,0.108111111,0.237096774,0.345207885,0.22,-5.994999886,139.5299988,4.719390279,1.84,0.006010848,0.25136275,9.29E-04,1.25199731
2005,1,2004,-15.60290323,84.72,29.19018652,9.111666667,1.387333333,0.003333333,0.562,0.001733333,2.261264474,0.097222222,0.216774194,0.313996416,0.13,-16.95000076,71.41999817,9.813043741,1.387333333,0.003664051,0.601904219,1.89E-03,2.43568902
2005,2,2004,-5.582482759,47.83,12.60823347,9.91325,1.7585,0.01295,0.568,0.0042,2.448478999,0.122888889,0.270967742,0.393856631,0.163333333,-8.925000191,54.22999954,9.73486783,1.7585,0.011000109,0.564634295,0.004654269,2.416032401
2005,3,2004,-1.066709677,20.84,26.43789458,9.854275,1.724,0.014225,0.773,0.003825,2.277274653,0.717111111,0.84,1.557111111,0.773333333,-4.485000134,51.27000046,10.12894196,1.724,0.014984254,0.712580291,3.62E-03,2.325304793
2005,4,2004,3.349433333,48.41,137.7771443,5.712463636,2.533272727,0.015772727,1.067545455,0.004327273,1.48549653,0.361666667,0.248387097,0.610053763,0.37,1.075000048,44,5.56767382,2.533272727,0.015634718,1.063153438,0.004211517,1.448757104
2005,5,2004,10.18279032,49.11,10.91204187,9.2178,1.470666667,0.010233333,0.553333333,0.002766667,2.282542488,0.449555556,0.386129032,0.835684588,0.63,6.989999771,50.04000092,12.18895685,1.470666667,0.013928515,0.724497212,0.00367803,3.010472432
2005,6,2005,14.86666667,78.71,1.490104737,11.435,1.471,0.0125,0.432,0.0057,2.420149079,0.236444444,0.180645161,0.417089606,0.23,11.99499989,57.86000061,13.95422625,1.471,0.015253855,0.527173217,0.006955758,2.953328187
2005,7,2005,18.62396618,31.74,0,N/A,N/A,N/A,N/A,N/A,N/A,0.220888889,0.219032258,0.439921147,0.56,14.86499977,68.48000336,N/A,N/A,N/A,N/A,N/A,N/A
2005,8,2005,15.97109677,71,0,N/A,N/A,N/A,N/A,N/A,N/A,0.751333333,0.541935484,1.293268817,1.006666667,13.63500023,107.3399963,N/A,N/A,N/A,N/A,N/A,N/A
2005,9,2005,17.35754664,124.52,0,N/A,N/A,N/A,N/A,N/A,N/A,0.212333333,0.146774194,0.359107527,0.39,14.42000008,97.29000092,N/A,N/A,N/A,N/A,N/A,N/A
2005,10,2005,8.042032258,138.61,7.595684021,10.5605,2.3625,0.0054,0.491,0.00425,2.558798175,0.427,0.383870968,0.810870968,0.73,6.195000172,89.08000183,10.02503586,2.3625,4.99E-03,0.458710476,3.98E-03,2.390305332
2005,11,2005,1.66845,145.9,81.81654981,6.24755,2.877,0.00365,0.5665,0.00185,1.718301454,0.211555556,0.214516129,0.426071685,0.21,0.215000004,153.5299988,5.320908412,2.877,2.97E-03,0.469034896,1.46E-03,1.445721249
2005,12,2005,-8.962677419,88.65,23.61109518,8.31905,1.713,0.03385,0.5305,0.0014,2.255472466,0.506333333,0.526129032,1.032462366,0.423333333,-9.944999695,79.73999786,7.426468123,1.713,0.028095313,0.475200251,1.24E-03,2.01317067
2006,1,2005,-11.50774194,81.14,27.85162359,9.46765,1.684,0.01135,0.5255,0.00305,2.468605008,0.097222222,0.203225806,0.300448029,0.193333333,-14.07999992,92.40000153,8.959504701,1.684,1.19E-02,0.495363333,0.002364421,2.324017179
2006,2,2005,-6.4425,70.75,0.103124418,N/A,N/A,N/A,N/A,N/A,N/A,0.116666667,0.23483871,0.351505376,0.143333333,-8.475000381,94.55000305,N/A,N/A,N/A,N/A,N/A,N/A
2006,3,2005,-3.847145161,34.32,36.26053749,7.6701,2.297666667,0.012466667,0.981666667,0.0023,1.99549395,0.180444444,0.144516129,0.324960573,0.153333333,-7.324999809,40.09000015,8.033922918,2.297666667,0.014900289,1.119155781,0.00296841,2.098997818
2006,4,2005,7.333516667,37.43,115.6246451,5.7852,2.646777778,0.015522222,0.867333333,0.003222222,1.576831853,0.155555556,0.103870968,0.259426523,0.156666667,3.954999924,44.70000076,4.65741829,2.646777778,0.016215234,0.704997064,0.002656006,1.267151052
2006,5,2005,11.13719355,57.52,10.29842631,8.53535,1.73,0.0035,0.4665,0.001,2.259183688,0.175777778,0.158064516,0.333842294,0.236666667,8.260000229,97.25,9.150846305,1.73,0.003640976,0.488887248,0.001019454,2.400102176
2006,6,2006,20.00866667,77.03,0.316692022,10.629,3.352,0.0112,0.426,0.0048,2.162822059,0.315777778,0.266451613,0.582229391,0.376666667,16.98999977,33.90000153,9.813312852,3.352,0.010340493,0.393308051,0.00443164,1.996843495
2006,7,2006,20.70225806,71.41,0,N/A,N/A,N/A,N/A,N/A,N/A,0.375666667,0.237096774,0.612763441,0.356666667,17.875,74.45999908,N/A,N/A,N/A,N/A,N/A,N/A
2006,8,2006,19.60145161,70.43,0,N/A,N/A,N/A,N/A,N/A,N/A,0.206111111,0.167096774,0.373207885,0.32,16.78000069,81.13999939,N/A,N/A,N/A,N/A,N/A,N/A
2006,9,2006,16.64151667,163.41,0.053565728,N/A,N/A,N/A,N/A,N/A,N/A,0.487666667,0.368064516,0.855731183,0.613333333,14.26500034,120.0899963,N/A,N/A,N/A,N/A,N/A,N/A
2006,10,2006,9.558887097,126.72,26.63043787,9.9093,2.055333333,0.014333333,0.394,0.001333333,2.38026552,0.594222222,0.458387097,1.052609319,0.743333333,7.454999924,124.5999985,13.51250641,2.055333333,0.019980397,0.53992811,0.001918087,3.257495843
2006,11,2006,0.1493,105.11,30.12672178,8.0406,2.615333333,0.003666667,0.435666667,0.0022,2.034230711,0.491555556,0.499032258,0.990587814,0.57,-1.184999943,83.29000092,9.182421056,2.615333333,4.44E-03,0.500271641,0.002527492,2.306991663
2006,12,2006,-6.735645161,110.33,53.74663264,6.4881,2.28,0.008,0.6245,0.0044,1.822613246,0.222444444,0.447096774,0.669541219,0.213333333,-8.859999657,101.4100037,4.88390817,2.28,0.006149204,0.492736411,0.003424979,1.379747166
2007,1,2006,-4.601612903,72.12,82.40487408,8.45385,1.3055,0.03245,0.48,0.0018,2.310212049,0.332111111,0.386129032,0.718240143,0.283333333,-6.815000057,73.25,9.014643533,1.3055,0.036550715,0.518677137,0.001609823,2.450277972
2007,2,2006,-8.621428571,117.4,0.238950284,N/A,N/A,N/A,N/A,N/A,N/A,0.143888889,0.277741935,0.421630824,0.156666667,-10.64000034,64.76000214,N/A,N/A,N/A,N/A,N/A,N/A
2007,3,2006,-1.162903226,65.72,33.75991079,6.1109,2.780333333,0.011666667,1.598,0.008166667,1.462210809,0.240333333,0.246129032,0.486462366,0.31,-4.28000021,76.05000305,7.652069849,2.780333333,0.01384388,2.002770413,0.009847015,1.834630342
2007,4,2006,7.943333333,66.22,41.93799712,6.384590909,2.179,0.006818182,0.906363636,0.002863636,1.718424849,0.21,0.171612903,0.381612903,0.28,4.409999847,69.65000153,7.156166806,2.179,0.00894978,1.018582662,0.003310131,1.925535128
2007,5,2006,14.16741935,28.82,2.016007792,8.692033333,1.520666667,0.008,0.533333333,0.0015,2.139416639,0.281555556,0.21,0.491555556,0.38,10.35499954,51.54000092,8.594502916,1.520666667,0.008676684,0.524283025,0.001508236,2.123147741
2007,6,2007,17.55333333,69.02,0.002306224,N/A,N/A,N/A,N/A,N/A,N/A,0.225555556,0.173870968,0.399426523,0.273333333,14.19999981,83.48999786,N/A,N/A,N/A,N/A,N/A,N/A
2007,7,2007,20.90483871,68.91,0,N/A,N/A,N/A,N/A,N/A,N/A,0.371777778,0.286774194,0.658551971,0.38,18.19000053,60.22999954,N/A,N/A,N/A,N/A,N/A,N/A
2007,8,2007,18.47580645,43,0,N/A,N/A,N/A,N/A,N/A,N/A,0.206888889,0.135483871,0.34237276,0.263333333,15.79500008,58.04000092,N/A,N/A,N/A,N/A,N/A,N/A
2007,9,2007,13.65166667,158.13,0,N/A,N/A,N/A,N/A,N/A,N/A,0.472111111,0.359032258,0.831143369,0.57,11.14999962,133.4199982,N/A,N/A,N/A,N/A,N/A,N/A
2007,10,2007,6.232258065,247.32,44.20072797,7.20105,2.997,0.011,0.75175,0.003625,1.83002297,0.122111111,0.173870968,0.295982079,0.226666667,4.074999809,154.6399994,7.093867345,2.997,0.01120283,0.745521846,3.69E-03,1.803850972
2007,11,2007,2.008333333,136.85,14.91599135,7.4978,1.89075,0.008175,0.807,0.00365,2.029475402,0.637777778,0.530645161,1.168422939,0.59,0.400000006,91.80999756,8.85297374,1.89075,0.010313232,0.954486021,0.003796186,2.41469587
2007,12,2007,-2.556451613,84.74,66.24717014,8.8553,1.381,0.005,0.856,0.00835,2.269963196,0.346111111,0.519354839,0.86546595,0.473333333,-4.940000057,90.48000336,9.538392123,1.381,0.005060757,0.880475475,0.010814092,2.469060397
2008,1,2007,-7.811290323,157.03,36.42309926,8.209,1.668,0.0035,1.5,0.00265,1.917411334,0.199888889,0.264193548,0.464082437,0.203333333,-9.569999695,145.6100006,5.97873196,1.668,0.002193747,1.030978521,0.001886131,1.408413508
2008,2,2007,-11.63214286,69.05,12.63095944,8.8762,2.186,0.003,1.305,0.0027,2.036469759,0.219333333,0.316129032,0.535462366,0.193333333,-14.03999996,75.15000153,6.900903299,2.186,0.002332384,1.014587189,0.002099146,1.583276726
2008,3,2007,-1.658064516,65.02,8.80261976,9.60655,1.3305,0.0055,1.117,0.0008,2.380940739,N/A,0.270967742,N/A,0.393333333,-4.489999771,49.02999878,8.174169308,1.3305,0.003876847,0.943158226,0.000614619,2.028723616
2008,4,2007,4.308333333,102.9,280.3603336,6.425314286,2.228,0.013571429,2.450142857,0.001928571,1.311957863,0.150888889,0.11516129,0.266050179,0.226666667,1.264999986,103.4599991,6.531094267,2.228,0.013100733,2.452403569,0.002004617,1.360565925
2008,5,2007,14.2016129,102.91,39.31153443,7.329442857,1.834285714,0.008285714,1.610571429,0.000957143,1.687092213,0.271444444,0.144516129,0.415960573,0.226666667,10.56999969,94.45999908,7.251476746,1.834285714,0.008780424,1.579650975,0.000917482,1.670482169
2008,6,2008,18.93166667,51.42,11.52674578,9.847433333,1.643,0.005333333,1.073,0.001033333,2.064018239,0.409111111,0.266451613,0.675562724,0.466666667,16.01000023,102.4100037,9.743675807,1.643,0.005407877,1.0675247,0.001030962,2.049698454
2008,7,2008,19.11129032,129.22,0.977641315,10.19,1.941,0.005,0.813,0.0016,2.153139169,0.219333333,0.124193548,0.343526882,0.18,16.04500008,105.2799988,7.302217091,1.941,0.003583031,0.582600834,0.00114657,1.54295286
2008,8,2008,19.38870968,46.69,0,N/A,N/A,N/A,N/A,N/A,N/A,0.196777778,0.14,0.336777778,0.196666667,16.53499985,53.25999832,N/A,N/A,N/A,N/A,N/A,N/A
2008,9,2008,14.91400488,72.03,0,N/A,N/A,N/A,N/A,N/A,N/A,0.620666667,0.368064516,0.988731183,0.7,12.80000019,80.62000275,N/A,N/A,N/A,N/A,N/A,N/A
2008,10,2008,9.529032258,60.03,0,N/A,N/A,N/A,N/A,N/A,N/A,0.563111111,0.467419355,1.030530466,0.996666667,8.515000343,65.90000153,N/A,N/A,N/A,N/A,N/A,N/A
2008,11,2008,-1.575,111.74,4.450244657,10.4055,1.825,0.019,1.397,0.0007,2.418965616,0.641666667,0.460645161,1.102311828,0.606666667,-1.769999981,107.8600006,7.421462736,1.825,0.0137033,0.993696672,0.000496362,1.723848386
2008,12,2008,-6.970967742,210.3,19.77099428,11.10133333,1.249,0.003666667,1.292666667,0.000733333,2.513508879,0.242666667,0.37483871,0.617505376,0.28,-8.239999771,162.7799988,9.57719682,1.249,0.003236546,1.131180304,0.000668989,2.178497298
2009,1,2008,-7.783870968,77.83,18.19109093,9.3544,1.597,0.0065,1.444,0.0004,2.020859431,0.374111111,0.580322581,0.954433692,0.356666667,-9.625,62.95000076,11.20629866,1.597,0.008183482,1.704829167,0.000475671,2.415113506
2009,2,2008,-10.27413793,80.02,7.832536699,10.7205,1.253,0.002,1.3415,0.00065,2.216500706,0.112777778,0.23483871,0.347616487,0.133333333,-12.35999966,84.97000122,11.48540755,1.253,0.002298566,1.438645128,0.000719409,2.373913632
2009,3,2008,-6.511290323,29.75,11.56122762,10.139,1.2656,0.0038,1.4378,0.001,2.144343166,0.297111111,0.264193548,0.561304659,0.343333333,-8.645000458,37.70000076,12.73802818,1.2656,0.004792257,1.800158344,0.001219012,2.690535389
2009,4,2008,5.145,35.23,162.8300605,6.951246154,2.146,0.003,1.662769231,0.001576923,1.500141007,0.320444444,0.221290323,0.541734767,0.443333333,3.194999933,46.91999817,6.344841893,2.146,0.002665093,1.506784341,0.001470116,1.383932847
2009,5,2008,7.791935484,133.3,60.77683195,7.34266,1.9532,0.0024,1.1446,0.00298,1.716186398,0.618333333,0.399677419,1.018010753,0.643333333,6.474999905,87.81999969,5.630762085,1.9532,0.001879764,0.892182004,0.002779339,1.319154552
2009,6,2009,15.26333333,141.31,17.6101145,8.865333333,1.682333333,0.005666667,0.788,0.001333333,2.015906641,0.185111111,0.162580645,0.347691756,0.226666667,13.81999969,82.22000122,7.108893079,1.682333333,0.005257202,0.607483102,0.000985043,1.605013619
2009,7,2009,17.17741935,96.82,23.74866937,10.0251,2.003,0.003,0.7055,0.00145,1.976553326,0.345333333,0.25516129,0.600494624,0.35,15.65499973,86.5,9.621429311,2.003,0.003211894,0.662007354,0.001348152,1.915094636
2009,8,2009,17.1983871,127.94,1.846559346,11.002,1.404,0.0065,0.707,0.0012,2.283507839,0.119777778,0.117419355,0.237197133,0.25,15.64500046,137.6399994,10.66715992,1.404,0.00677453,0.688354509,0.001218559,2.22256412
2009,9,2009,13.16166667,44.99,1.628786981,12.9055,1.616,0.01,0.6945,0.00095,2.26410155,0.172666667,0.119677419,0.292344086,0.26,11.90999985,52.06000137,11.10713206,1.616,0.008656838,0.59678736,0.000823566,1.949131262
2009,10,2009,6.50483871,177.93,44.07323925,10.3898,2.210333333,0.002333333,0.947,0.001033333,1.979876702,0.286222222,0.239354839,0.525577061,0.326666667,5.239999771,180.6600037,9.973567451,2.210333333,0.002433975,0.904368586,0.00097419,1.89907231
2009,11,2009,-0.05,62.22,35.25039563,8.7732,1.9685,0.004,0.905,0.000925,1.810241302,0.398222222,0.469677419,0.867899642,0.416666667,-0.829999983,57.08000183,10.23668779,1.9685,0.004871063,1.056003333,0.001075888,2.105962011
2009,12,2009,-9.940322581,108.85,12.80774821,9.21595,1.327,0.0035,0.903,0.00045,2.154004829,0.402111111,0.517096774,0.919207885,0.44,-10.90999985,88.41999817,7.634492148,1.327,0.002528027,0.747137002,0.000361187,1.779927777
2010,1,2009,-12.96290323,42.34,10.03135081,10.315,1.1545,0.0045,0.9455,0.00085,2.28745737,0.091777778,0.196451613,0.288229391,0.153333333,-15.60999966,43.68999863,7.018444406,1.1545,0.002788228,0.647410277,0.000598982,1.568523145
2010,2,2009,-8.928571429,12.58,5.521991527,10.455,1.225,0.004,0.94,0.0011,2.394614862,0.395111111,0.401935484,0.797046595,0.266666667,-10.52499962,32.77000046,14.55107948,1.225,0.005567127,1.30827496,0.00153096,3.332781557
2010,3,2009,-3.711290323,5.63,51.3818611,8.396744444,1.680333333,0.004444444,1.866888889,0.001477778,1.640436648,0.134555556,0.110645161,0.245200717,0.146666667,-5.744999886,6.650000095,7.113856539,1.680333333,0.004081636,1.651441484,0.001320893,1.381081583
2010,4,2009,3.755,36.55,14.02887574,10.1183,1.386,0.0065,1.223,0.000725,2.217899123,0.276888889,0.135483871,0.41237276,0.186666667,1.955000043,41.13999939,9.728591112,1.386,0.006365394,1.201082632,0.000671448,2.120556689
2010,5,2009,8.648387097,42.93,10.00434615,11.74875,1.405,0.003,0.962,0.00125,2.292415577,0.543666667,0.291290323,0.834956989,0.443333333,7.40500021,44.49000168,12.13263847,1.405,0.002922647,1.028015404,0.001301841,2.394451366
2010,6,2010,14.49833333,123.13,5.093502766,13.283,1.411,0.003,0.749,0.0011,2.400463319,0.405222222,0.232580645,0.637802867,0.336666667,13.14000034,197.1799927,6.660252846,1.411,0.001504235,0.375557433,0.000551553,1.203620617
2010,7,2010,14.98225806,96.04,0.955555427,13.433,1.531,0.002,0.755,0.00315,2.404229181,0.204555556,0.149032258,0.353587814,0.263333333,13.33500004,65.94000244,13.76422351,1.531,0.002564351,0.769946598,0.003673458,2.451943053
2010,8,2010,15.79032258,109.87,0.840621255,13.234,1.794,0.004,0.661,0.0008,2.315956187,0.287,0.18516129,0.47216129,0.33,14.75500011,101.7099991,15.18712607,1.794,0.004590336,0.758552995,0.000918067,2.657754163
2010,9,2010,14.90833333,274.43,67.42856565,10.5856,2.2925,0.004,0.601,0.0014,1.991918708,0.165666667,0.072258065,0.237924731,0.143333333,13.06499958,203.3999939,9.041385741,2.2925,0.003465053,0.514238403,0.001212769,1.707687915
2010,10,2010,4.164516129,109.54,35.85138153,10.320475,1.861,0.00175,0.623,0.001025,2.008658785,0.115111111,0.169354839,0.28446595,0.18,3.595000029,72.23999786,8.998407433,1.861,1.57E-03,0.546735795,8.71E-04,1.752214378
2010,11,2010,3.371666667,101.68,23.3692724,8.605533333,2.116333333,0.003,0.765333333,0.000733333,1.807221942,0.221666667,0.23483871,0.456505376,0.263333333,1.985000014,76.73000336,10.79684708,2.116333333,0.003382529,0.958101279,0.000904587,2.266169977
2010,12,2010,-7.727419355,69.16,18.48728261,8.84335,1.434,0.003,0.8345,0.0008,1.931129756,0.059888889,0.108387097,0.168275986,0.096666667,-8.994999886,58.63000107,5.875088648,1.434,0.002006237,0.559934355,0.000516019,1.280405492
2011,1,2010,-9.420967742,51.94,33.18502843,9.8746,1.2435,0.003,0.8425,0.00045,2.069616784,0.064555556,0.103870968,0.168426523,0.09,-10.53999996,61.86999893,11.48619273,1.2435,0.003523305,0.977383498,0.000520584,2.405016752
2011,2,2010,-7.439285714,62.76,29.7058408,10.874,1.116,0.004,0.82,0.00065,2.321278092,0.003888889,0.009032258,0.012921147,0.006666667,-8.819999695,32.22000122,14.67023833,1.116,0.005484919,1.102799506,0.000879778,3.128851478
2011,3,2010,2.638709677,31.87,31.36884709,11.3508,1.0606,0.00376,0.8812,0.00062,2.415931594,0.041222222,0.060967742,0.102189964,0.046666667,-0.474999994,44.77999878,7.337591134,1.0606,0.002416468,0.567062896,0.000388554,1.563327536
2011,4,2010,7.66,93.75,119.7220603,7.351246667,2.127,0.0038,1.6828,0.001626667,1.447579089,0.315,0.146774194,0.461774194,0.21,5.329999924,137.5599976,7.634286542,2.127,0.004115367,1.791472259,0.00172065,1.504694316
2011,5,2010,13.78387097,103.84,31.03218343,7.9119,1.682666667,0.003666667,0.9695,0.00085,1.757823022,0.147777778,0.108387097,0.256164875,0.116666667,11.69499969,79.51000214,8.000530227,1.682666667,0.003591947,1.019774242,0.000905404,1.783124535
2011,6,2011,14.99333333,108.64,7.474607783,10.8045,1.5685,0.004,0.645,0.00055,2.312024685,0.165666667,0.135483871,0.301150538,0.143333333,13.99499989,148.2200012,14.61491533,1.5685,0.005435629,0.876853281,0.000705612,3.124771352
2011,7,2011,19.17258065,85.21,2.229338736,11.931,1.594,0.0065,0.6345,0.0008,2.208744346,0.266777778,0.162580645,0.429358423,0.273333333,17.92000008,63.84999847,10.81772093,1.594,0.00618164,0.57377944,0.000720731,1.99881549
2011,8,2011,18.94677419,125.5,0.283663343,12.9115,1.492,0.006,0.704,0.0001,2.310382347,0.357,0.203225806,0.560225806,0.41,17.88999939,78.63999939,12.35605622,1.492,0.005741884,0.673714408,9.57E-05,2.210991301
2011,9,2011,11.855,137.77,1.016994222,12.836,1.565,0.0025,0.7135,0.00085,2.452801205,0.586444444,0.368064516,0.954508961,0.57,10.67000008,134.2100067,11.97096994,1.565,0.001918483,0.668376077,0.000887618,2.294720611
2011,10,2011,7.427419355,100.59,19.06330843,11.18153333,2.232,0.003,0.847666667,0.0006,2.037880596,0.173444444,0.103870968,0.277315412,0.183333333,6.065000057,120.9800034,10.60488315,2.232,0.00319051,0.811046717,0.000558907,1.922238094
2011,11,2011,1.966666667,142.73,40.53229157,10.4108925,1.6025,0.002,0.97825,0.0006,1.969689349,0.426222222,0.343225806,0.769448029,0.353333333,0.180000007,122.1600037,10.56927996,1.6025,0.00176514,0.968958466,0.000621821,1.989834286
2011,12,2011,-7.970967742,118.46,49.41195994,8.230323333,1.767666667,0.003333333,1.015,0.0006,1.645839273,0.170333333,0.187419355,0.357752688,0.196666667,-9.154999733,62.65000153,5.615493011,1.767666667,0.002286108,0.687369657,0.000405684,1.127349989
2012,1,2011,-12.34193548,92.97,18.68135796,10.14373333,1.186333333,0.002333333,0.885333333,N/A,2.131707762,0.059888889,0.187419355,0.247308244,0.086666667,-13.82499981,105.3300018,12.19121373,1.186333333,0.002152477,1.057501145,N/A,2.544711949
2012,2,2011,-9.041071429,56.9,14.36383861,11.0309,1.0135,0.002,0.8965,N/A,2.266144554,0.226333333,0.246129032,0.472462366,0.23,-10.08500004,40.31000137,9.487943596,1.0135,0.001721228,0.77135342,N/A,1.949563465
2012,3,2011,-4.840322581,70.27,235.9482281,5.882972222,2.67,0.004222222,1.511,N/A,1.163663184,0.142333333,0.124193548,0.266526882,0.1,-6.485000134,76.15000153,4.963582984,2.67,0.003228485,1.266826973,N/A,0.979234008
2012,4,2011,3.575,47.53,30.00729245,8.514923333,1.386666667,0.004666667,1.049333333,N/A,1.922779684,0.230222222,0.173870968,0.40409319,0.303333333,1.210000038,45.5,8.848213307,1.386666667,0.004733427,1.087401425,N/A,2.01853703
2012,5,2011,11.22419355,52.16,15.58690415,10.36936,1.3915,0.0035,0.8505,N/A,2.069508753,0.438666667,0.241612903,0.68027957,0.33,9.385000229,46.08000183,9.423260482,1.3915,0.003128495,0.790816463,N/A,1.890447607
2012,6,2012,15.32833333,109.43,8.893161477,13.5326,1.4055,0.005,0.712,N/A,2.209340818,0.286222222,0.178387097,0.464609319,0.21,13.77999973,141.8099976,13.48640245,1.4055,0.005359439,0.708973948,N/A,2.212159993
2012,7,2012,17.90967742,93.27,1.878005874,15.1665,1.759,0.01,0.757,N/A,2.199050822,0.446444444,0.203225806,0.649670251,0.283333333,17.84499931,79.08000183,20.04824208,1.759,0.013218766,1.000660617,N/A,2.906873914
2012,8,2012,18.22580645,96.27,2.944972781,N/A,N/A,N/A,N/A,N/A,N/A,0.265222222,0.16483871,0.430060932,0.266666667,16.70499992,67.48000336,N/A,N/A,N/A,N/A,N/A,N/A
2012,9,2012,13.685,143.55,6.744096808,12.9213,1.818,0.001,0.791,N/A,2.343743943,0.342222222,0.189677419,0.531899642,0.29,12.07999992,105.0800018,16.33518482,1.818,0.001264206,0.999986936,N/A,2.962975125
2012,10,2012,8.78,215.06,77.27325671,8.03166,4.152666667,0.003666667,0.508,N/A,1.578261927,0.084777778,0.074516129,0.159293907,0.11,7.329999924,172.8399963,8.196957332,4.152666667,0.003468722,0.516822689,N/A,1.622819728
2012,11,2012,2.32,90.45,45.56822824,8.31231,1.8465,0.00375,0.5445,N/A,1.771838972,0.413,0.268709677,0.681709677,0.34,1.169999957,55.88999939,9.615738897,1.8465,0.004165857,0.633135697,N/A,2.053172464
2012,12,2012,-5.069354839,108.49,70.50942375,7.16459,2.358,0.003,0.766,N/A,2.155127302,0.321222222,0.370322581,0.691544803,0.29,-6.135000229,98.88999939,5.616981905,2.358,0.002251991,0.557110773,N/A,1.750228789
2013,1,2012,-7.29516129,N/A,N/A,9.280693333,1.398666667,0.004333333,0.758666667,0.000433333,1.923620232,N/A,N/A,N/A,N/A,-9.104999542,126.9899979,N/A,N/A,N/A,N/A,N/A,N/A
2013,2,2012,-4.601724138,N/A,N/A,10.4224,1.208,0.00325,0.6995,0.00035,2.131669431,N/A,N/A,N/A,N/A,-6.074999809,106.3000031,N/A,N/A,N/A,N/A,N/A,N/A
2013,3,2012,3.664516129,N/A,N/A,10.96695,1.0365,0.0075,0.7195,0.0005,2.200944624,N/A,N/A,N/A,N/A,0.735000014,73.41999817,N/A,N/A,N/A,N/A,N/A,N/A
2013,4,2012,4.913333333,N/A,N/A,7.784345714,1.703333333,0.005111111,1.410111111,0.001055556,1.402928995,N/A,N/A,N/A,N/A,2.579999924,88.04000092,N/A,N/A,N/A,N/A,N/A,N/A
2013,5,2012,12.66774194,N/A,N/A,6.0018025,2.352666667,0.003083333,1.103333333,0.001466667,1.254970367,N/A,N/A,N/A,N/A,11.11499977,96.23000336,N/A,N/A,N/A,N/A,N/A,N/A
2013,6,2013,15.69166667,N/A,N/A,9.488926667,1.535666667,0.001333333,0.592666667,0.0011,1.891620048,N/A,N/A,N/A,N/A,15.43500042,73.16000366,N/A,N/A,N/A,N/A,N/A,N/A
2013,7,2013,18.54516129,N/A,N/A,12.22153333,1.515333333,0.004,0.588666667,0.001533333,2.169821264,N/A,N/A,N/A,N/A,18.57500076,133.1900024,N/A,N/A,N/A,N/A,N/A,N/A
2013,8,2013,16.91935484,N/A,N/A,12.66145,1.4955,0.003,0.529,0.00155,2.100976654,N/A,N/A,N/A,N/A,16.63500023,111.0199966,N/A,N/A,N/A,N/A,N/A,N/A
2013,9,2013,11.50666667,N/A,N/A,6.574395,2.3435,0.003,0.442,0.00165,1.541463884,N/A,N/A,N/A,N/A,10.77000046,100.0599976,N/A,N/A,N/A,N/A,N/A,N/A
2013,10,2013,6.6,N/A,N/A,9.8810125,1.997,0.001,0.5535,0.00175,1.753525813,N/A,N/A,N/A,N/A,5.489999771,151.3399963,N/A,N/A,N/A,N/A,N/A,N/A
2013,11,2013,0.88,N/A,N/A,6.84814,2.167333333,0.003,0.847333333,0.001,1.412628878,N/A,N/A,N/A,N/A,-0.829999983,215.0599976,N/A,N/A,N/A,N/A,N/A,N/A
2013,12,2013,-5.124193548,N/A,N/A,8.35753,1.550666667,0.005666667,0.698666667,0.000733333,1.697504186,N/A,N/A,N/A,N/A,-5.704999924,94.33000183,N/A,N/A,N/A,N/A,N/A,N/A
2014,1,2013,-9.151666667,N/A,N/A,10.3716,1.2465,0.002,0.674,N/A,2.024982069,N/A,N/A,N/A,N/A,-10.27999973,120.7399979,N/A,N/A,N/A,N/A,N/A,N/A
2014,2,2013,-9.918518519,N/A,N/A,11.1507,1.1525,0.0015,0.688,N/A,2.141713263,N/A,N/A,N/A,N/A,-11.06000042,43.50999832,N/A,N/A,N/A,N/A,N/A,N/A
2014,3,2013,-4.231666667,N/A,N/A,11.55835,1.0765,0.0045,0.713,N/A,2.198940344,N/A,N/A,N/A,N/A,-6.309999943,51.18999863,N/A,N/A,N/A,N/A,N/A,N/A
2014,4,2013,0.444827586,N/A,N/A,7.46085,1.91375,0.004875,2.18025,N/A,1.175808148,N/A,N/A,N/A,N/A,-0.75999999,105.6100006,N/A,N/A,N/A,N/A,N/A,N/A
2014,5,2013,11.09,N/A,N/A,5.694344,2.2124,0.0006,1.3754,N/A,1.055620554,N/A,N/A,N/A,N/A,9.194999695,84.98000336,N/A,N/A,N/A,N/A,N/A,N/A
2014,6,2014,14.7862069,N/A,N/A,9.6646075,1.651,0.0025,0.724,N/A,1.717819888,N/A,N/A,N/A,N/A,13.93500042,88.27999878,N/A,N/A,N/A,N/A,N/A,N/A
2014,7,2014,16.68,N/A,N/A,N/A,N/A,N/A,N/A,N/A,N/A,N/A,N/A,N/A,N/A,16.54999924,73.75,N/A,N/A,N/A,N/A,N/A,N/A
2014,8,2014,15.47666667,N/A,N/A,13.5725,1.923,0.005,0.747,N/A,2.131239503,N/A,N/A,N/A,N/A,15.84500027,110.7099991,N/A,N/A,N/A,N/A,N/A,N/A
2014,9,2014,11.98275862,N/A,N/A,11.3928,1.745,0.006,0.547,N/A,1.779134731,N/A,N/A,N/A,N/A,11.48499966,128.4299927,N/A,N/A,N/A,N/A,N/A,N/A
2014,10,2014,6.832258065,N/A,N/A,5.90253,3.7955,0.00425,0.267,N/A,1.182351093,N/A,N/A,N/A,N/A,5.940000057,217.8600006,N/A,N/A,N/A,N/A,N/A,N/A
2014,11,2014,-1.337931034,N/A,N/A,7.172415,2.243,0.009,0.396,N/A,1.478051929,N/A,N/A,N/A,N/A,-2.214999914,205.1699982,N/A,N/A,N/A,N/A,N/A,N/A
2014,12,2014,-11.73166667,N/A,N/A,7.48854,1.654,0.000666667,0.527333333,N/A,1.576413291,N/A,N/A,N/A,N/A,-13.25500011,96.16999817,N/A,N/A,N/A,N/A,N/A,N/A
2015,1,2014,N/A,N/A,N/A,9.204355,1.3755,0.0055,0.555,N/A,1.861123252,N/A,N/A,N/A,N/A,-15.94499969,77.51999664,N/A,N/A,N/A,N/A,N/A,N/A
2015,2,2014,N/A,N/A,N/A,10.20434,1.041,0.005,0.5805,N/A,2.0451802,N/A,N/A,N/A,N/A,-15.625,49.58000183,N/A,N/A,N/A,N/A,N/A,N/A
2015,3,2014,N/A,N/A,N/A,11.19226667,1.151666667,0.008666667,0.624666667,N/A,2.105025625,N/A,N/A,N/A,N/A,-11.82499981,38.27999878,N/A,N/A,N/A,N/A,N/A,N/A
2015,4,2014,N/A,N/A,N/A,6.078389167,2.32325,0.004333333,0.911,N/A,1.167199155,N/A,N/A,N/A,N/A,-0.344999999,51.88000107,N/A,N/A,N/A,N/A,N/A,N/A
2015,5,2014,N/A,N/A,N/A,6.3846,1.9168,0.003,0.5598,N/A,1.314049129,N/A,N/A,N/A,N/A,7.940000057,108.0100021,N/A,N/A,N/A,N/A,N/A,N/A
2015,6,2015,N/A,N/A,N/A,7.549,1.90125,0.00175,0.30275,N/A,1.440993877,N/A,N/A,N/A,N/A,14.73499966,66.83999634,N/A,N/A,N/A,N/A,N/A,N/A
2015,7,2015,N/A,N/A,N/A,10.453,1.422,0.001,0.336,N/A,1.806473961,N/A,N/A,N/A,N/A,13.93999958,55.31000137,N/A,N/A,N/A,N/A,N/A,N/A
2015,8,2015,N/A,N/A,N/A,11.307,1.48,0.001,0.297,N/A,1.869602504,N/A,N/A,N/A,N/A,14.86499977,74.90000153,N/A,N/A,N/A,N/A,N/A,N/A
2015,9,2015,N/A,N/A,N/A,12.088,1.69,0.008,0.2875,N/A,1.752704314,N/A,N/A,N/A,N/A,11.53499985,91.16999817,N/A,N/A,N/A,N/A,N/A,N/A
2015,10,2015,N/A,N/A,N/A,12.3833,1.396,0.0035,0.2495,N/A,2.027016649,N/A,N/A,N/A,N/A,4.954999924,101.6100006,N/A,N/A,N/A,N/A,N/A,N/A
2015,11,2015,N/A,N/A,N/A,6.948666667,2.350666667,0.001666667,0.226333333,N/A,1.396847926,N/A,N/A,N/A,N/A,-4.699999809,146.3300018,N/A,N/A,N/A,N/A,N/A,N/A
2015,12,2015,N/A,N/A,N/A,6.2037,2.3805,0.0045,0.302,N/A,1.213413308,N/A,N/A,N/A,N/A,-6.90500021,180.8000031,N/A,N/A,N/A,N/A,N/A,N/A
