Year,Month,WaterYear,WaterYearMonth,CSMeanTempC,CSPrecipitationmm,Runoffmm,StrCamgL,StrDOCmgL,StrNH4NmgL,StrNO3NmgL,StrSO4SmgL,depNH4Nkgha,depNO3Nkgha,depTotNkgha,depSO4Skgha,NAMGridTempC,NAMGridPrecipitationmm
1980,10,1981,198110,4.447545481,N/A,N/A,N/A,N/A,N/A,N/A,N/A,N/A,N/A,N/A,N/A,5.735000134,123.3199997
1980,11,1981,198111,-0.118206488,N/A,N/A,N/A,N/A,N/A,N/A,N/A,N/A,N/A,N/A,N/A,0.324999988,145.2599945
1980,12,1981,198112,-9.516937179,N/A,N/A,N/A,N/A,N/A,N/A,N/A,N/A,N/A,N/A,N/A,-9.454999924,75.25
1981,1,1981,19811,-11.67820684,N/A,N/A,N/A,N/A,N/A,N/A,N/A,N/A,N/A,N/A,N/A,-12.30500031,56.54000092
1981,2,1981,19812,-1.491458403,N/A,N/A,N/A,N/A,N/A,N/A,N/A,N/A,N/A,N/A,N/A,-1.950000048,93.55000305
1981,3,1981,19813,-0.151435311,N/A,N/A,N/A,N/A,N/A,N/A,N/A,N/A,N/A,N/A,N/A,-0.370000005,57.15999985
1981,4,1981,19814,5.369854744,N/A,N/A,N/A,N/A,N/A,N/A,N/A,N/A,N/A,N/A,N/A,5.364999771,118.3399963
1981,5,1981,19815,11.40046726,N/A,N/A,N/A,N/A,N/A,N/A,N/A,N/A,N/A,N/A,N/A,12.01500034,96.19999695
1981,6,1981,19816,15.25528996,N/A,N/A,N/A,N/A,N/A,N/A,N/A,N/A,N/A,N/A,N/A,16.07500076,110.8700027
1981,7,1981,19817,18.0350625,N/A,N/A,N/A,N/A,N/A,N/A,N/A,N/A,N/A,N/A,N/A,18.99500084,129.4600067
1981,8,1981,19818,16.65285516,N/A,N/A,N/A,N/A,N/A,N/A,N/A,N/A,N/A,N/A,N/A,17.84000015,111.5500031
1981,9,1981,19819,12.19963442,N/A,N/A,N/A,N/A,N/A,N/A,N/A,N/A,N/A,N/A,N/A,12.73999977,175.5899963
1981,10,1982,198210,6.240226519,N/A,N/A,N/A,N/A,N/A,N/A,N/A,N/A,N/A,N/A,N/A,6.454999924,148.7599945
1981,11,1982,198211,1.033074496,N/A,N/A,N/A,N/A,N/A,N/A,N/A,N/A,N/A,N/A,N/A,1.659999967,102.8399963
1981,12,1982,198212,-3.38496279,N/A,N/A,N/A,N/A,N/A,N/A,N/A,N/A,N/A,N/A,N/A,-3.289999962,180.3999939
1982,1,1982,19821,-12.6583175,N/A,N/A,N/A,N/A,N/A,N/A,N/A,N/A,N/A,N/A,N/A,-12.97000027,129.4499969
1982,2,1982,19822,-8.855452237,N/A,N/A,N/A,N/A,N/A,N/A,N/A,N/A,N/A,N/A,N/A,-8.100000381,90.56999969
1982,3,1982,19823,-2.078148575,N/A,N/A,N/A,N/A,N/A,N/A,N/A,N/A,N/A,N/A,N/A,-2.309999943,86.83000183
1982,4,1982,19824,2.643136624,N/A,N/A,N/A,N/A,N/A,N/A,N/A,N/A,N/A,N/A,N/A,3.345000029,128.0800018
1982,5,1982,19825,10.654913,N/A,N/A,N/A,N/A,N/A,N/A,N/A,N/A,N/A,N/A,N/A,11.18500042,25.04999924
1982,6,1982,19826,13.72313406,N/A,N/A,N/A,N/A,N/A,N/A,N/A,N/A,N/A,N/A,N/A,14.28999996,121.7200012
1982,7,1982,19827,18.42878217,N/A,N/A,N/A,N/A,N/A,N/A,N/A,N/A,N/A,N/A,N/A,19.31999969,77.23999786
1982,8,1982,19828,15.38792602,N/A,N/A,N/A,N/A,N/A,N/A,N/A,N/A,N/A,N/A,N/A,16.30999947,100.9499969
1982,9,1982,19829,13.46344662,N/A,N/A,N/A,N/A,N/A,N/A,N/A,N/A,N/A,N/A,N/A,13.84000015,83.19000244
1982,10,1983,198310,7.270599265,N/A,N/A,N/A,N/A,N/A,N/A,N/A,N/A,N/A,N/A,N/A,7.840000153,41.77000046
1982,11,1983,198311,2.40076168,N/A,N/A,N/A,N/A,N/A,N/A,N/A,N/A,N/A,N/A,N/A,3.230000019,141.7400055
1982,12,1983,198312,-2.974489094,N/A,N/A,N/A,N/A,N/A,N/A,N/A,N/A,N/A,N/A,N/A,-2.545000076,62.81000137
1983,1,1983,19831,-7.12111112,N/A,N/A,N/A,N/A,N/A,N/A,N/A,N/A,N/A,N/A,N/A,-6.65500021,96.97000122
1983,2,1983,19832,-5.646457443,N/A,N/A,N/A,N/A,N/A,N/A,N/A,N/A,N/A,N/A,N/A,-5.539999962,85.48000336
1983,3,1983,19833,0.007727959,N/A,N/A,N/A,N/A,N/A,N/A,N/A,N/A,N/A,N/A,N/A,-0.02,153.9400024
1983,4,1983,19834,5.716104664,N/A,N/A,N/A,N/A,N/A,N/A,N/A,N/A,N/A,N/A,N/A,5.349999905,227.9100037
1983,5,1983,19835,9.381606841,N/A,N/A,N/A,N/A,N/A,N/A,N/A,N/A,N/A,N/A,N/A,9.779999733,163.7100067
1983,6,1983,19836,16.19882099,N/A,N/A,N/A,N/A,N/A,N/A,N/A,N/A,N/A,N/A,N/A,16.79999924,41.45999908
1983,7,1983,19837,18.85600989,N/A,N/A,N/A,N/A,N/A,N/A,N/A,N/A,N/A,N/A,N/A,19.30500031,125.0299988
1983,8,1983,19838,17.69998194,N/A,N/A,N/A,N/A,N/A,N/A,N/A,N/A,N/A,N/A,N/A,18.54500008,90.72000122
1983,9,1983,19839,14.89172754,N/A,N/A,N/A,N/A,N/A,N/A,N/A,N/A,N/A,N/A,N/A,15.18999958,69.61000061
1983,10,1984,198410,7.237091208,N/A,N/A,N/A,N/A,N/A,N/A,N/A,N/A,N/A,N/A,N/A,7.460000038,73.91000366
1983,11,1984,198411,2.193011728,N/A,N/A,N/A,N/A,N/A,N/A,N/A,N/A,N/A,N/A,N/A,2.480000019,279.2200012
1983,12,1984,198412,-5.169266813,N/A,N/A,N/A,N/A,N/A,N/A,N/A,N/A,N/A,N/A,N/A,-5.795000076,195.9199982
1984,1,1984,19841,-9.734739548,N/A,N/A,N/A,N/A,N/A,N/A,N/A,N/A,N/A,N/A,N/A,-9.654999733,83.19000244
1984,2,1984,19842,-2.043773931,N/A,N/A,N/A,N/A,N/A,N/A,N/A,N/A,N/A,N/A,N/A,-2.200000048,153.6399994
1984,3,1984,19843,-4.113763025,N/A,N/A,N/A,N/A,N/A,N/A,N/A,N/A,N/A,N/A,N/A,-4.885000229,159.0299988
1984,4,1984,19844,4.815854872,N/A,N/A,N/A,N/A,N/A,N/A,N/A,N/A,N/A,N/A,N/A,4.735000134,90.80000305
1984,5,1984,19845,9.088411345,N/A,N/A,N/A,N/A,N/A,N/A,N/A,N/A,N/A,N/A,N/A,10.22500038,182.1199951
1984,6,1984,19846,14.96963378,N/A,N/A,N/A,N/A,N/A,N/A,N/A,N/A,N/A,N/A,N/A,15.55000019,175.25
1984,7,1984,19847,18.11883265,N/A,N/A,N/A,N/A,N/A,N/A,N/A,N/A,N/A,N/A,N/A,19.375,100.3099976
1984,8,1984,19848,18.328258,N/A,N/A,N/A,N/A,N/A,N/A,N/A,N/A,N/A,N/A,N/A,19.51000023,50.91999817
1984,9,1984,19849,11.74950952,N/A,N/A,N/A,N/A,N/A,N/A,N/A,N/A,N/A,N/A,N/A,12.43999958,53.27000046
1984,10,1985,198510,8.074792627,N/A,N/A,N/A,N/A,N/A,N/A,N/A,N/A,N/A,N/A,N/A,8.199999809,56.77999878
1984,11,1985,198511,2.651792872,N/A,N/A,N/A,N/A,N/A,N/A,N/A,N/A,N/A,N/A,N/A,2.390000105,64.91000366
1984,12,1985,198512,-3.443601889,N/A,N/A,N/A,N/A,N/A,N/A,N/A,N/A,N/A,N/A,N/A,-3.444999933,112.3899994
1985,1,1985,19851,-10.74835827,N/A,N/A,N/A,N/A,N/A,N/A,N/A,N/A,N/A,N/A,N/A,-11.48499966,27
1985,2,1985,19852,-4.84884602,N/A,N/A,N/A,N/A,N/A,N/A,N/A,N/A,N/A,N/A,N/A,-5.324999809,78.88999939
1985,3,1985,19853,-1.340971326,N/A,N/A,N/A,N/A,N/A,N/A,N/A,N/A,N/A,N/A,N/A,-1.840000033,95.91999817
1985,4,1985,19854,3.855011344,N/A,N/A,N/A,N/A,N/A,N/A,N/A,N/A,N/A,N/A,N/A,4.230000019,39.70000076
1985,5,1985,19855,10.03501395,N/A,N/A,N/A,N/A,N/A,N/A,N/A,N/A,N/A,N/A,N/A,10.57499981,100.5899963
1985,6,1985,19856,13.74910281,N/A,N/A,N/A,N/A,N/A,N/A,N/A,N/A,N/A,N/A,N/A,14.41499996,117.5
1985,7,1985,19857,18.55443738,N/A,N/A,N/A,N/A,N/A,N/A,N/A,N/A,N/A,N/A,N/A,19.32500076,67.16000366
1985,8,1985,19858,16.96280469,N/A,N/A,N/A,N/A,N/A,N/A,N/A,N/A,N/A,N/A,N/A,17.39999962,117.6200027
1985,9,1985,19859,14.09535273,N/A,N/A,N/A,N/A,N/A,N/A,N/A,N/A,N/A,N/A,N/A,14.01000023,79.69999695
1985,10,1986,198610,8.09992367,N/A,N/A,N/A,N/A,N/A,N/A,N/A,N/A,N/A,N/A,N/A,7.809999943,72.94000244
1985,11,1986,198611,1.223511952,N/A,N/A,N/A,N/A,N/A,N/A,N/A,N/A,N/A,N/A,N/A,1.034999967,140.8999939
1985,12,1986,198612,-6.894931737,N/A,N/A,N/A,N/A,N/A,N/A,N/A,N/A,N/A,N/A,N/A,-7.764999866,72.97000122
1986,1,1986,19861,-6.333671786,N/A,N/A,N/A,N/A,N/A,N/A,N/A,N/A,N/A,N/A,N/A,-6.755000114,155.8699951
1986,2,1986,19862,-7.371524009,N/A,N/A,N/A,N/A,N/A,N/A,N/A,N/A,N/A,N/A,N/A,-7.675000191,48.27999878
1986,3,1986,19863,-1.223693128,N/A,N/A,N/A,N/A,N/A,N/A,N/A,N/A,N/A,N/A,N/A,-1.695000052,125.5400009
1986,4,1986,19864,6.72888568,N/A,N/A,N/A,N/A,N/A,N/A,N/A,N/A,N/A,N/A,N/A,6.545000076,100.8300018
1986,5,1986,19865,11.05700968,N/A,N/A,N/A,N/A,N/A,N/A,N/A,N/A,N/A,N/A,N/A,10.85000038,102.4599991
1986,6,1986,19866,15.0648525,N/A,N/A,N/A,N/A,N/A,N/A,N/A,N/A,N/A,N/A,N/A,14.52999973,70.41000366
1986,7,1986,19867,17.0884599,N/A,N/A,N/A,N/A,N/A,N/A,N/A,N/A,N/A,N/A,N/A,17.38999939,137.3099976
1986,8,1986,19868,16.93767364,N/A,N/A,N/A,N/A,N/A,N/A,N/A,N/A,N/A,N/A,N/A,16.83499908,128.9700012
1986,9,1986,19869,12.36410313,N/A,N/A,N/A,N/A,N/A,N/A,N/A,N/A,N/A,N/A,N/A,11.60000038,86.41999817
1986,10,1987,198710,6.843371541,N/A,N/A,N/A,N/A,N/A,N/A,N/A,N/A,N/A,N/A,N/A,6.934999943,43.15999985
1986,11,1987,198711,0.262668424,N/A,N/A,N/A,N/A,N/A,N/A,N/A,N/A,N/A,N/A,N/A,-0.36500001,128.5500031
1986,12,1987,198712,-4.088631982,N/A,N/A,N/A,N/A,N/A,N/A,N/A,N/A,N/A,N/A,N/A,-5,97.02999878
1987,1,1987,19871,-8.386040263,N/A,N/A,N/A,N/A,N/A,N/A,N/A,N/A,N/A,N/A,N/A,-8.965000153,119.6399994
1987,2,1987,19872,-7.241680289,N/A,N/A,N/A,N/A,N/A,N/A,N/A,N/A,N/A,N/A,N/A,-8,28.64999962
1987,3,1987,19873,-0.838350475,N/A,N/A,N/A,N/A,N/A,N/A,N/A,N/A,N/A,N/A,N/A,-1.215000033,104.2200012
1987,4,1987,19874,6.261448288,N/A,N/A,N/A,N/A,N/A,N/A,N/A,N/A,N/A,N/A,N/A,6.369999886,94.16999817
1987,5,1987,19875,10.78894523,N/A,N/A,N/A,N/A,N/A,N/A,N/A,N/A,N/A,N/A,N/A,10.93000031,83.31999969
1987,6,1987,19876,15.4976649,N/A,N/A,N/A,N/A,N/A,N/A,N/A,N/A,N/A,N/A,N/A,15.90499973,108.7200012
1987,7,1987,19877,16.97955871,N/A,N/A,N/A,N/A,N/A,N/A,N/A,N/A,N/A,N/A,N/A,18.25499916,52.38999939
1987,8,1987,19878,16.01620208,N/A,N/A,N/A,N/A,N/A,N/A,N/A,N/A,N/A,N/A,N/A,17.34499931,50.56999969
1987,9,1987,19879,11.93129073,N/A,N/A,N/A,N/A,N/A,N/A,N/A,N/A,N/A,N/A,N/A,13.03499985,184.5700073
1987,10,1988,198810,6.349127703,15,N/A,N/A,N/A,N/A,N/A,N/A,2.1,0.07,2.17,2.62,7.519999981,91.95999908
1987,11,1988,198811,-0.02298776,70,N/A,N/A,N/A,N/A,N/A,N/A,2.17,0.16,2.33,2.72,0.550000012,79.76000214
1987,12,1988,198812,-4.339942408,189,N/A,N/A,N/A,N/A,N/A,N/A,2.17,0.28,2.45,2.7,-4.360000134,117.25
1988,1,1988,19881,-8.511695476,71.1,N/A,N/A,N/A,N/A,N/A,N/A,2.13,0.13,2.26,2.56,-8.675000191,76.23000336
1988,2,1988,19882,-6.718147851,112,N/A,N/A,N/A,N/A,N/A,N/A,2.16,0.28,2.44,2.8,-6.164999962,114.2399979
1988,3,1988,19883,-1.952493363,81.5,624.843937,N/A,N/A,N/A,N/A,N/A,2.13,0.36,2.49,2.76,-2.025000095,54.29000092
1988,4,1988,19884,4.417667464,68.8,113.2086546,N/A,N/A,N/A,N/A,N/A,2.15,0.08,2.23,2.61,4.550000191,91.08000183
1988,5,1988,19885,11.4255983,103,68.72588264,N/A,N/A,N/A,N/A,N/A,2.16,0.24,2.4,2.93,11.60499954,67.59999847
1988,6,1988,19886,14.61472761,35.7,11.5655207,N/A,N/A,N/A,N/A,N/A,2.12,0.26,2.38,3.12,15.73499966,57
1988,7,1988,19887,18.82250184,116,7.562071229,N/A,N/A,N/A,N/A,N/A,2.13,0.39,2.52,3.43,19.78000069,103.9899979
1988,8,1988,19888,17.64134284,132,8.896554387,N/A,N/A,N/A,N/A,N/A,2.16,0.23,2.39,3.08,19.15500069,128.5899963
1988,9,1988,19889,12.77094678,46.7,6.227588071,N/A,N/A,N/A,N/A,N/A,2.14,0.08,2.22,2.64,12.67000008,61.75999832
1988,10,1989,198910,6.240226519,125,67.39139948,5.887173425,0.001812603,0.025233303,0.131989585,5.865433277,2.2,0.23,2.43,2.94,5.909999847,124.1900024
1988,11,1989,198911,3.621292648,251,164.5862562,6.922199464,0.002147614,0.0119369,0.141651218,7.104938714,2.22,0.43,2.65,3.08,3.059999943,204.7299957
1988,12,1989,198912,-5.889690034,30,30.24828492,7.422079704,0.001370412,0.012969565,0.172927531,7.521650662,2.12,0.12,2.24,2.52,-6.554999828,41.72999954
1989,1,1989,19891,-6.08236136,81.1,14.01207316,8.164287674,0.001466712,N/A,0.218753327,7.838351742,2.22,0.38,2.6,2.82,-6.554999828,55.77999878
1989,2,1989,19892,-7.788878823,83,38.92242544,7.843393525,0.001976125,0.01002862,0.447945045,6.88744059,2.15,0.19,2.34,2.66,-7.545000076,79.72000122
1989,3,1989,19893,-3.401716818,55.1,65.83450246,7.218949101,0.001681143,0.024027825,0.314364048,6.875747142,2.18,0.15,2.33,2.72,-3.424999952,77.91999817
1989,4,1989,19894,3.09326152,133,169.4793611,6.908573087,0.002393405,0.023215861,0.373775369,6.873701863,2.22,0.36,2.58,2.91,3.075000048,97.93000031
1989,5,1989,19895,11.97010423,312,350.9690706,6.309010776,0.003934924,0.020180541,0.381187996,6.981112226,2.44,0.41,2.85,3.64,12.55000019,211.0099945
1989,6,1989,19896,15.68810236,120,76.51036773,6.162262349,0.001713289,0.005127677,0.073496707,7.277928526,2.17,0.18,2.35,2.81,16.22999954,104.9700012
1989,7,1989,19897,17.83401416,29.6,8.451726668,7.257144599,0.0020371,0.01585169,0.01585169,7.257733095,2.21,0.11,2.32,2.7,18.625,61.15000153
1989,8,1989,19898,16.61097009,113,6.005174211,7.257144599,0.001810755,N/A,0.021135587,6.773884222,2.28,0.41,2.69,3.53,17.40500069,116.1500015
1989,9,1989,19899,12.89213426,105,8.896554387,6.922199464,0.002202157,0.015120074,N/A,6.922760798,2.22,0.25,2.47,2.98,13.34000015,113.9000015
1989,10,1990,199010,8.20044784,119,55.60346492,6.988361466,0.001810755,0.004696797,N/A,7.419016052,2.17,0.11,2.28,2.66,7.994999886,89.09999847
1989,11,1990,199011,0.505043368,239,146.5707335,7.413832949,0.002258094,0.013401884,0.116149658,7.895094019,2.35,0.61,2.96,3.38,0.300000012,183.1100006
1989,12,1990,199012,-12.44051513,51,23.35345527,7.04369917,0.001342089,0.016784143,0.151057284,7.172347999,2.13,0.13,2.26,2.49,-13.54500008,67.36000061
1990,1,1990,19901,-4.046746911,140,75.62071229,7.916885017,0.001688941,0.020751304,0.458257957,7.838351742,2.23,0.45,2.68,3,-4.09499979,130.2700043
1990,2,1990,19902,-7.213856634,52,54.71380948,7.395572276,0.001455733,0.011965968,0.366158607,7.341385538,2.15,0.19,2.34,2.63,-7.09499979,61.75999832
1990,3,1990,19903,-1.575527724,59,122.3276228,7.564650726,0.001942725,0.013970981,0.465341147,8.168025042,2.25,0.21,2.46,2.85,-1.519999981,58.29000092
1990,4,1990,19904,4.86779236,142,156.3569434,7.258695271,0.001871114,0.010080049,0.413282019,8.499611869,2.28,0.35,2.63,3.17,4.784999847,114.8600006
1990,5,1990,19905,9.205689543,155,150.1293553,6.841023923,0.001779192,0.00087257,0.232976219,8.30977147,2.18,0.19,2.37,2.92,9.545000076,183.1600037
1990,6,1990,19906,14.83979006,113,33.36207895,6.299201512,0.001684002,N/A,0.09828048,7.919638353,2.24,0.24,2.48,2.95,15.96500015,100.5899963
1990,7,1990,19907,18.35338904,78,5.782760352,8.164287674,0.00183339,N/A,N/A,8.709279714,2.16,0.18,2.34,2.84,19.54999924,97.97000122
1990,8,1990,19908,18.31150397,113,10.23103755,8.708573519,0.002498842,N/A,0.152176227,8.709279714,2.13,0.1,2.23,2.7,19.52000046,98.77999878
1990,9,1990,19909,12.39872812,126,22.01897211,8.521647067,0.002194306,0.005956393,0.256124888,8.999589037,2.3,0.26,2.56,3.31,12.98499966,107.4100037
1990,10,1991,199110,8.292594996,146,105.4241695,8.893559558,0.002087694,0.009946159,0.343142473,9.563130666,2.22,0.31,2.53,3.09,9.119999886,171.6000061
1990,11,1991,199111,2.331511696,114,108.7603774,8.695216811,0.001756321,0.010853059,0.442563634,8.613103619,2.19,0.21,2.4,2.74,2.339999914,125.8499985
1990,12,1991,199112,-2.220557817,163,204.6207509,8.686582172,0.001882088,0.024337949,0.691710124,9.002521455,2.18,0.24,2.42,2.86,-2.019999981,183.6000061
1991,1,1991,19911,-9.240495711,94,48.04139369,7.775512071,0.001187338,0.013587163,0.543486526,7.713933461,2.14,0.15,2.29,2.56,-9.085000038,94.83999634
1991,2,1991,19912,-4.663354991,71,24.2431107,7.725669045,0.001202859,0.010800053,0.577802823,7.664485169,2.19,0.21,2.4,2.76,-4.784999847,36.88999939
1991,3,1991,19913,-0.151435311,168,217.9655825,8.715463213,0.001603894,0.018058888,0.975179937,9.150255902,2.21,0.22,2.43,2.82,-0.289999992,158.4700012
1991,4,1991,19914,5.655510928,116,175.0397076,7.985628962,0.001414048,0.003751163,0.747231742,9.033938614,2.42,0.26,2.68,3.03,5.570000172,103.25
1991,5,1991,19915,12.13764451,104,78.06726475,7.610368451,0.001499882,0.013466923,0.511743065,8.55513317,2.21,0.19,2.4,2.87,12.63500023,100.5899963
1991,6,1991,19916,16.164196,64,12.01034842,6.249207849,0.001403335,0.010920053,0.054600267,7.499657531,2.17,0.11,2.28,2.65,16.81999969,56.86999893
1991,7,1991,19917,18.48742127,78,2.224138597,7.257144599,0.002172906,N/A,0.063406761,11.61237295,2.25,0.19,2.44,2.94,19.26000023,64.94000244
1991,8,1991,19918,18.30312696,182,11.12069298,7.483930368,0.00183339,0.011888768,0.047555071,9.253609696,2.16,0.18,2.34,2.86,19.10499954,204.4600067
1991,9,1991,19919,11.98322822,59,48.48622141,8.783133224,0.002422195,0.016155695,0.158864338,10.3556915,2.16,0.14,2.3,2.72,12.52000046,150.8000031
1991,10,1992,199210,8.259086939,231,98.30692598,8.678123961,0.0018804,0.01463233,0.121049272,10.90182566,2.23,0.31,2.54,3.16,8.545000076,111.0699997
1991,11,1992,199211,2.513292904,88,91.18968247,8.456957192,0.001450455,0.002869503,0.274037543,9.656493347,2.15,0.12,2.27,2.58,2.430000067,101.1699982
1991,12,1992,199212,-7.414306617,65,49.82070457,8.920240237,0.001267529,N/A,0.404218104,9.193128587,2.17,0.24,2.41,2.6,-6.619999886,81.33000183
1992,1,1992,19921,-8.218499979,165,109.8724467,9.24258982,0.001506685,0.043068744,0.689099897,10.188214,2.16,0.12,2.28,2.68,-8.340000153,143.3399963
1992,2,1992,19922,-7.524074389,80,28.46897404,8.462877088,0.001227368,N/A,0.582288738,8.251974274,2.26,0.26,2.52,2.83,-7.159999847,105.5800018
1992,3,1992,19923,-3.309569662,118,142.1224563,9.881694466,0.001384437,0.042476374,0.863378474,9.597118908,2.21,0.22,2.43,2.93,-3.704999924,88.72000122
1992,4,1992,19924,2.9634178,93,114.5431377,9.875201706,0.001449025,0.023998722,0.900523469,10.15069926,2.21,0.2,2.41,2.74,2.845000029,60.84000015
1992,5,1992,19925,10.31145542,24,61.38622527,9.907225492,0.001300082,0.002137307,0.876295691,9.981421694,2.21,0.11,2.32,2.66,10.71500015,25.84000015
1992,6,1992,19926,15.45438366,158,71.1724351,10.09217866,0.001731217,N/A,0.740318383,10.00888874,2.24,0.22,2.46,2.99,15.89500046,122
1992,7,1992,19927,15.80677673,78,32.69483737,8.56960692,0.001560332,N/A,0.174031324,9.821102656,2.24,0.29,2.53,3.06,16.65999985,92.48999786
1992,8,1992,19928,16.97955871,114,17.1258672,7.837716167,0.001564492,0.007608811,0.060870491,9.406022091,2.19,0.13,2.32,2.76,17.67000008,84.55000305
1992,9,1992,19929,12.44200936,53,6.005174211,6.249207849,0.00130978,N/A,0.021840107,6.999680362,2.13,0.08,2.21,2.61,13.59500027,62.45999908
1992,10,1993,199310,5.628704483,134,64.27760545,9.598158986,0.001787391,0.002045379,0.355896015,10.67589126,2.29,0.33,2.62,3.24,6.190000057,99.30999756
1992,11,1993,199311,0.479074624,82,83.62761124,10.16871101,0.001347202,0.001572488,0.500051083,10.72751013,2.16,0.27,2.43,2.74,0.294999987,99.05999756
1992,12,1993,199312,-4.691777004,64,50.04311843,9.841881032,0.001227841,0.002605757,0.609747212,9.902331729,2.11,0.13,2.24,2.58,-4.25,61.02999878
1993,1,1993,19931,-8.369286235,96,67.16898562,9.875701929,0.001276862,0.003922068,0.809906983,9.876502768,2.14,0.15,2.29,2.66,-8.005000114,68.62999725
1993,2,1993,19932,-11.91605421,88,27.80173246,8.302519,0.001042478,N/A,0.669243269,8.785313108,2.13,0.2,2.33,2.56,-11.73999977,101.8199997
1993,3,1993,19933,-3.376585775,104,102.3103755,9.488226216,0.001486532,0.046269799,0.881696722,11.71045043,2.12,0.12,2.24,2.68,-2.789999962,104.4499969
1993,4,1993,19934,4.599448672,194,312.9363006,8.99406247,0.002254911,0.096813607,0.779538136,11.28306685,2.2,0.15,2.35,2.77,4.809999943,163.3699951
1993,5,1993,19935,11.17428788,36,50.26553229,9.245403394,0.001406436,N/A,0.609747212,9.544416125,2.25,0.23,2.48,2.77,11.26500034,57.38000107
1993,6,1993,19936,15.5322899,96,26.68966316,8.71764495,0.001347202,N/A,0.348895704,9.449568489,2.28,0.26,2.54,3.02,15.70499992,110.0299988
1993,7,1993,19937,18.36176606,47,3.113794035,6.531430139,0.001955616,N/A,0.038044057,8.709279714,2.13,0.06,2.19,2.52,18.79000092,53.36999893
1993,8,1993,19938,18.41202814,52,0.22241386,N/A,N/A,N/A,N/A,N/A,2.25,0.21,2.46,3.05,18.95999908,37.20999908
1993,9,1993,19939,12.7190093,109,1.334483158,11.24857413,0.002526003,N/A,0.09828048,17.99917807,2.21,0.2,2.41,2.98,13.36999989,113.8000031
1993,10,1994,199410,5.017182446,96,20.23966123,10.8857169,0.001685876,N/A,0.216457565,11.71247961,2.17,0.22,2.39,2.78,5.324999809,135.5399933
1993,11,1994,199411,1.240824448,186,131.4465911,11.64826966,0.001837871,0.000997771,0.526823284,13.06539322,2.19,0.28,2.47,2.85,1.570000052,135.1100006
1993,12,1994,199412,-4.42371255,232,264.0052514,9.947783067,0.002199855,N/A,0.465369207,12.71145525,2.21,0.22,2.43,2.86,-3.970000029,188.2799988
1994,1,1994,19941,-13.41224878,120,94.08106264,9.124792106,0.001330106,N/A,0.525903138,11.20679375,2.16,0.33,2.49,2.7,-13.10999966,144.1600037
1994,2,1994,19942,-9.643789109,62,37.36552843,8.637297992,0.001263002,N/A,0.526502572,10.28524461,2.11,0.04,2.15,2.48,-9.199999809,26.56999969
1994,3,1994,19943,-1.969247391,173,58.05001738,9.58979822,0.001377467,N/A,0.670300049,9.746098727,2.18,0.21,2.39,2.74,-1.63499999,154.6699982
1994,4,1994,19944,4.56482368,81,258.4449049,8.690758823,0.001784085,N/A,0.629807728,12.06921631,2.28,0.22,2.5,2.82,4.545000076,108.4899979
1994,5,1994,19945,9.624540253,137,123.4396921,9.061295072,0.001638784,N/A,0.524965477,12.11514329,2.34,0.36,2.7,3.13,9.595000267,134.1999969
1994,6,1994,19946,16.91728958,92,40.47932246,8.666934165,0.001435543,0.003222311,0.128892433,10.77,2.36,0.32,2.68,3.13,17.34499931,82.02999878
1994,7,1994,19947,20.17957814,22,4.893104913,9.330614485,0.001862491,N/A,0.027174326,12.44182816,2.13,0.1,2.23,2.52,20.78000069,70.91999817
1994,8,1994,19948,16.8539035,81,1.112069298,10.8857169,0.002444519,N/A,0.095110142,13.06391957,2.27,0.2,2.47,3.04,17.96999931,59.84999847
1994,9,1994,19949,12.47663435,88,1.779310877,11.24857413,0.003368005,N/A,0.26208128,14.99931506,2.14,0.07,2.21,2.6,12.93000031,116.5999985
1994,10,1995,199510,7.672695946,65,10.4534514,4.35428676,0.001412389,N/A,0.11413217,5.806186476,2.16,0.14,2.3,2.68,8.079999924,63.18999863
1994,11,1995,199511,2.695074112,124,57.60518966,10.46378989,0.00150777,N/A,0.523400696,11.40645587,2.17,0.14,2.31,2.66,3.345000029,136.0599976
1994,12,1995,199512,-3.518995017,72,61.16381141,9.907225492,0.001281771,N/A,0.671114261,11.1557066,2.14,0.13,2.27,2.57,-3.109999895,82.66000366
1995,1,1995,19951,-5.889690034,154,120.1034842,10.19753939,0.001788901,0.026237281,1.088847143,12.51333292,2.18,0.41,2.59,2.76,-5.59499979,135.1799927
1995,2,1995,19952,-8.994570509,51,27.5793186,7.669482361,0.000861138,0.009572774,0.540861733,7.450958456,2.13,0.09,2.22,2.49,-8.965000153,88.59999847
1995,3,1995,19953,-2.471469337,125,123.8845198,10.46238346,0.001819809,0.069747437,1.130753911,12.48330092,2.24,0.24,2.48,2.82,-1.139999986,80.33000183
1995,4,1995,19954,3.603980152,79,111.4293437,9.968796234,0.001512577,0.005885059,0.973388707,11.85574604,2.29,0.23,2.52,2.84,2.809999943,80.61000061
1995,5,1995,19955,10.54601181,109,68.9482965,9.470573702,0.001303744,N/A,0.637237952,11.23497083,2.23,0.23,2.46,2.76,10.09500027,111.4300003
1995,6,1995,19956,16.84803959,92,33.80690667,7.940169973,0.001155688,0.007708273,0.20812337,9.176051568,2.22,0.15,2.37,2.64,17.25499916,73.98999786
1995,7,1995,19957,19.66858027,94,11.34310684,4.082143837,0.00081484,N/A,0.047555071,4.898969839,2.2,0.17,2.37,2.63,19.97999954,81.76999664
1995,8,1995,19958,17.84239118,45,4.003449474,5.442858449,0.001358066,N/A,0.063406761,5.806186476,2.21,0.19,2.4,2.76,18.64500046,34.54999924
1995,9,1995,19959,11.15222841,84,1.334483158,5.624287064,0.002526003,N/A,0.09828048,8.999589037,2.28,0.2,2.48,2.87,11.79500008,66.52999878
1995,10,1996,199610,9.021395231,183,38.70001158,9.91377789,0.002066201,0.016983954,0.383837359,11.3531682,2.2,0.28,2.48,2.86,10.03499985,160.9499969
1995,11,1996,199611,0.080887216,228,214.6293746,8.908032307,0.001480039,0.007325253,0.412655929,11.12371564,2.27,0.59,2.86,3.09,0.430000007,221.5
1995,12,1996,199612,-5.588117523,126,38.92242544,9.719390088,0.001367767,0.006793582,0.411011685,10.57555394,2.26,0.11,2.37,2.65,-6.315000057,99.40000153
1996,1,1996,19961,-7.858288369,146,219.3000656,9.790298846,0.002352273,0.003589062,0.819502482,12.68049216,2.15,0.17,2.32,2.93,-8.550000191,124.2799988
1996,2,1996,19962,-5.903266574,96,86.29657756,10.24702841,0.00048102,0.109256735,0.763279694,12.36690825,2.15,0.25,2.4,2.74,-6.724999905,93.69000244
1996,3,1996,19963,-1.533642653,107,68.72588264,10.34143105,0.001385228,0.001902203,0.726641485,10.88659964,2.23,0.3,2.53,2.81,-2.75999999,89.18000031
1996,4,1996,19964,4.686011152,174,178.1535016,8.762934153,0.001753381,0.0044171,0.573486846,11.62868246,2.25,0.28,2.53,2.86,4.534999847,136.3999939
1996,5,1996,19965,10.55438883,126,127.2207277,8.826256945,0.001708961,0.007197524,0.372214826,11.86345129,2.39,0.29,2.68,2.93,9.670000076,138.8600006
1996,6,1996,19966,16.37194595,158,66.50174404,8.773887821,0.001532442,0.015724877,0.137592672,12.05944931,2.25,0.26,2.51,2.78,15.89000034,113.0500031
1996,7,1996,19967,17.72511298,253,153.9103909,8.347343452,0.001615064,0.011089075,0.030708207,12.30234578,2.36,0.43,2.79,3.32,17.76000023,180.9799957
1996,8,1996,19968,18.00155445,3,16.90345334,7.837716167,0.001564492,0.007608811,0.022826434,10.79950684,2.1,0.01,2.11,2.41,18.41500092,31.60000038
1996,9,1996,19969,13.01332173,157,30.47069878,8.558697707,0.001684002,N/A,0.064095965,12.12988088,2.13,0.1,2.23,2.58,13.49499989,172.0700073
1996,10,1997,199710,6.139702348,125,45.15001351,9.043518654,0.00150432,0.002926466,0.096573375,12.46096944,2.24,0.35,2.59,2.92,6.735000134,101.8099976
1996,11,1997,199711,0.340574656,57,39.81208088,8.623906832,0.001403335,N/A,0.18018088,11.8494589,2.14,0.12,2.26,2.55,0.104999997,80.77999878
1996,12,1997,199712,-0.796465404,294,226.1948953,7.53371261,0.00193276,0.007539219,0.506867464,12.53286593,2.29,0.95,3.24,3.34,-1.070000052,188.9199982
1997,1,1997,19971,-7.808026284,107,67.16898562,8.192343646,0.001512074,0.003922068,0.447115719,11.04372582,2.16,0.18,2.34,2.76,-8.18500042,120.6100006
1997,2,1997,19972,-4.644805889,55,38.47759772,8.941838881,0.001367767,N/A,0.38723415,9.642416826,2.21,0.28,2.49,2.71,-5.610000134,71.36000061
1997,3,1997,19973,-2.924227009,94,52.26725702,8.593987025,0.001522464,0.137659416,0.603198532,11.57417436,2.16,0.23,2.39,2.68,-3.765000105,111.8899994
1997,4,1997,19974,3.448167688,106,165.9207393,7.815274395,0.001765159,0.024471445,0.828871519,11.52959399,2.26,0.28,2.54,2.85,3.224999905,84.76000214
1997,5,1997,19975,8.309349025,108,121.2155535,7.855034353,0.001370412,0.008646377,0.911111929,10.98556873,2.3,0.21,2.51,2.86,8.795000076,113.9400024
1997,6,1997,19976,15.52363365,61,20.46207509,6.531430139,0.001140776,N/A,0.19656096,9.289898361,2.33,0.22,2.55,2.83,16.20499992,76.93000031
1997,7,1997,19977,18.66333857,110,40.2569086,5.630543224,0.000983427,0.00327966,0.196779604,6.757199778,2.32,0.32,2.64,3.15,19.44499969,74.97000122
1997,8,1997,19978,15.80677673,36,2.446552456,10.8857169,0.002444519,N/A,0.142665213,13.06391957,2.15,0.08,2.23,2.63,17.85000038,72.91999817
1997,9,1997,19979,11.836072,139,6.005174211,7.499049419,0.001684002,N/A,0.043680213,8.999589037,2.27,0.39,2.66,3.35,13.18500042,85.87000275
1997,10,1998,199810,4.975297375,19,10.89827912,4.762501143,0.001120405,N/A,0.225886587,6.531959785,2.13,0.04,2.17,2.49,6.614999771,39.36000061
1997,11,1998,199811,-0.741456344,108,70.72760738,9.338438899,0.001954078,0.011126092,0.526635025,12.73526751,2.15,0.11,2.26,2.59,0.239999995,126.4899979
1997,12,1998,199812,-5.755657806,110,36.03104527,8.792309803,0.00128494,0.003658082,0.49018304,11.22157194,2.21,0.42,2.63,2.75,-4.925000191,87.02999878
1998,1,1998,19981,-6.450949985,90,88.07588843,8.334377001,0.001693339,0.020805344,0.765339424,11.63505337,2.11,0.04,2.15,2.49,-6.210000038,183.6799927
1998,2,1998,19982,-3.735899849,38,143.4569395,7.964828886,0.001600325,0.00274697,0.866211188,11.69667085,2.1,0.03,2.13,2.47,-2.75999999,118.8499985
1998,3,1998,19983,-0.855104503,223,354.0828646,6.840635328,0.001896009,0.011842508,0.606928533,11.45422779,2.2,0.21,2.41,2.87,-0.360000014,135.8300018
1998,4,1998,19984,4.512886192,70,121.6603812,7.045810169,0.00194308,0.003240016,0.467642284,11.81814165,2.2,0.11,2.31,2.63,5.875,97.08999634
1998,5,1998,19985,12.88319877,113,110.0948605,7.007680254,0.003157504,0.009511014,0.266308398,11.81196061,2.21,0.13,2.34,2.67,13.42500019,89.94999695
1998,6,1998,19986,13.93954026,174,92.96899335,7.283249436,0.002108032,0.002828215,0.183833992,11.9778703,2.36,0.39,2.75,3.27,14.72999954,151.2799988
1998,7,1998,19987,17.52406464,60,29.35862948,7.341530002,0.00162968,0.004423728,0.079627096,10.93723499,2.26,0.17,2.43,2.86,19.24500084,72.01999664
1998,8,1998,19988,17.48217957,40,9.118968247,8.373628384,0.0018804,0.01463233,0.512131534,10.71911349,2.2,0.16,2.36,2.74,18.96999931,51.63999939
1998,9,1998,19989,13.42016538,66,5.782760352,9.998732559,0.002058225,0.021840107,1.070165228,9.999543375,2.3,0.2,2.5,2.85,14.08500004,65.73000336
1998,10,1999,199910,7.119813009,134,61.38622527,10.3964712,0.001867723,0.019235759,1.540998032,10.7642783,2.24,0.21,2.45,2.88,7.599999905,160.3000031
1998,11,1999,199911,0.989793256,93,66.94657176,9.673773751,0.001481922,0.003931219,1.13612235,11.69946575,2.21,0.23,2.44,2.87,1.684999943,81.98000336
1998,12,1999,199912,-2.714801654,31,51.15518773,9.12046551,0.001519566,N/A,1.125898438,11.76929691,2.14,0.05,2.19,2.57,-2.019999981,55.27000046
1999,1,1999,19991,-8.293893107,209,204.8431648,8.53997319,0.001679064,0.032023617,1.344991907,12.75601574,2.21,0.4,2.61,3.06,-7.514999866,173.6999969
1999,2,1999,19992,-4.162529214,100,74.50864299,7.632961016,0.001638895,0.019305094,0.977539775,11.49054672,2.17,0.11,2.28,2.71,-4.005000114,98.61000061
1999,3,1999,19993,-0.260336495,386,231.3104141,7.928701264,0.001751298,0.106182666,0.936905877,11.33506255,2.67,0.85,3.52,4.49,0.100000001,183.0099945
1999,4,1999,19994,5.058229816,7,76.28795387,8.485766448,0.001506739,0.005172657,0.88624854,10.97318312,2.19,0.12,2.31,2.58,5.485000134,22.26000023
1999,5,1999,19995,10.7721912,70,52.26725702,9.023686377,0.001886998,0.007508695,0.840973887,10.31362071,2.2,0.14,2.34,2.75,13.02999973,76.08999634
1999,6,1999,19996,16.8307271,56,15.34655632,7.825095046,0.001684002,0.008546129,0.299114505,10.56473496,2.3,0.37,2.67,3.08,18.17499924,64.41999817
1999,7,1999,19997,18.7387317,51,6.67241579,6.531430139,0.001466712,0.019022028,0.11413217,9.580207685,2.16,0.16,2.32,2.76,20.25499916,70.55999756
1999,8,1999,19998,16.70311725,79,2.446552456,5.442858449,0.0020371,N/A,0.190220284,8.709279714,2.23,0.14,2.37,2.81,18.25499916,67.98999786
1999,9,1999,19999,15.57557114,212,54.93622334,8.093486263,0.002710833,0.00958834,0.479416976,11.52386401,2.28,0.25,2.53,3.12,17.05999947,233.9900055
1999,10,2000,200010,5.536557326,111,66.7241579,7.855671989,0.00184809,0.013727237,0.32553162,12.39052165,2.22,0.19,2.41,2.87,6.525000095,109.0800018
1999,11,2000,200011,3.249073984,128,106.7586526,8.29582342,0.001905028,0.013513566,0.390664908,11.64321832,2.22,0.27,2.49,2.89,3.815000057,124.4000015
1999,12,2000,200012,-2.815325825,132,126.3310723,7.733022934,0.002039326,0.009355096,0.558187391,11.80273972,2.16,0.27,2.43,2.67,-2.394999981,110.0400009
2000,1,2000,20001,-8.31902415,117,57.60518966,7.905103938,0.001998298,0.020380745,0.697474375,11.71605485,2.24,0.28,2.52,2.81,-7.889999866,125.3399963
2000,2,2000,20002,-7.792716568,60,70.50519352,7.793222823,0.002716992,0.050368357,0.932747359,12.21393134,2.16,0.19,2.35,2.69,-5.599999905,89.41999817
2000,3,2000,20003,0.342808526,93,204.8431648,7.110535617,0.002063163,0.039709285,0.864637655,11.43642791,2.24,0.29,2.53,2.86,1.389999986,117.1399994
2000,4,2000,20004,4.0454488,193,176.1517769,7.115575301,0.001824336,0.018613727,0.751994583,11.45402241,2.48,0.67,3.15,3.54,4.630000114,153.1600037
2000,5,2000,20005,8.962756132,122,78.73450633,7.734588323,0.001744043,0.01668599,0.457196121,10.77200386,2.5,0.4,2.9,3.27,9.960000038,117.9300003
2000,6,2000,20006,14.10400898,76,26.68966316,7.592787537,0.001810302,0.014742072,0.17199084,10.34952739,2.24,0.19,2.43,2.78,15.56000042,61.90999985
2000,7,2000,20007,16.0832182,87,10.00862369,6.531430139,0.001738325,0.012681352,0.025362705,9.289898361,2.17,0.12,2.29,2.68,17.55999947,86.05000305
2000,8,2000,20008,16.33452862,52,0.667241579,21.7714338,0.009778078,N/A,N/A,34.83711885,2.24,0.15,2.39,2.71,17.73500061,51.95999908
2000,9,2000,20009,11.50713458,101,0.889655439,22.49714826,0.011788016,N/A,N/A,26.99876711,2.28,0.22,2.5,2.88,12.96500015,73.76000214
2000,10,2001,200110,6.432897845,80,21.35173053,8.427651793,0.004521047,0.018408415,0.13499504,10.11400225,2.18,0.12,2.3,2.8,7.599999905,102.3399963
2000,11,2001,200111,1.8813868,127,62.72070843,8.376597756,0.002508089,0.012546444,0.232109219,11.58457738,2.14,0.05,2.19,2.54,2.595000029,87.20999908
2000,12,2001,200112,-6.685506382,94,69.61553808,8.083453143,0.002081472,0.033900645,0.5311101,12.07226891,2.15,0.18,2.33,2.68,-6.355000019,116.9499969
2001,1,2001,20011,-10.05306609,64,15.56897018,8.519256703,0.00162968,N/A,0.40525191,10.22393706,2.14,0.17,2.31,2.59,-8.510000229,46.27999878
2001,2,2001,20012,-8.428822871,119,10.89827912,8.70425379,0.001403335,N/A,0.479702343,9.642416826,2.35,0.58,2.93,3.13,-7.364999771,75.37999725
2001,3,2001,20013,-4.063500939,55,12.01034842,10.24538061,0.00162968,N/A,0.548281995,10.24621143,2.15,0.1,2.25,2.55,-2.835000038,111.6800003
2001,4,2001,20014,3.52607392,157,203.9535093,7.719609696,0.00225084,N/A,0.860757146,12.58766048,2.2,0.12,2.32,2.81,4.005000114,36.88999939
2001,5,2001,20015,11.32507413,42,34.47414825,8.055430505,0.001857835,N/A,0.369027351,11.32206363,2.14,0.06,2.2,2.55,12.36999989,50.11000061
2001,6,2001,20016,16.8307271,69,18.46035035,8.034695806,0.001684002,N/A,0.140400686,10.9280724,2.16,0.11,2.27,2.63,17.64500046,87.25
2001,7,2001,20017,16.6498912,80,6.450001931,9.676192799,0.001810755,N/A,0.169084697,11.61237295,2.15,0.06,2.21,2.51,18.13500023,62.86000061
2001,8,2001,20018,18.94251742,27,0,N/A,N/A,N/A,N/A,N/A,2.18,0.09,2.27,2.7,20.09000015,30.75
2001,9,2001,20019,14.52942,63,1.556897018,16.87286119,0.003368005,N/A,0.29484144,22.49897259,2.19,0.13,2.32,2.74,14.71000004,88.40000153
2001,10,2002,200210,8.974609316,79,0.444827719,32.6571507,0.006518719,N/A,0.570660852,34.83711885,2.19,0.17,2.36,2.74,8.975000381,46.99000168
2001,11,2002,200211,2.831704,41.1,2.668966316,14.06071766,0.002526003,N/A,0.19656096,15.74928082,2.28,0.39,2.67,2.82,3.734999895,60.74000168
2001,12,2002,200212,-2.148417254,99.4,30.47069878,10.14350893,0.002518596,N/A,0.311269556,11.87629052,2.19,0.31,2.5,2.7,-0.920000017,74.27999878
2002,1,2002,20021,-5.502108498,87.9,17.1258672,10.01485955,0.001564492,N/A,0.266308398,12.1929916,2.19,0.22,2.41,2.6,-4.914999962,88.19000244
2002,2,2002,20022,-5.933968537,122,119.8810704,8.742415126,0.00241195,0.060015837,0.703822091,13.43943071,2.27,0.36,2.63,2.81,-5.005000114,124.0299988
2002,3,2002,20023,-1.841351295,90.8,187.2724698,7.884140548,0.002174903,0.013986786,0.635699405,12.80776428,2.19,0.11,2.3,2.64,-1.399999976,122.5999985
2002,4,2002,20024,3.237118667,269,171.0362581,7.293997287,0.001993175,0.006910346,0.437655263,12.62051744,2.53,0.48,3.01,3.23,4.730000019,144.2700043
2002,5,2002,20025,9.170425806,76.3,85.85174984,7.402287491,0.001851316,0.009130574,0.211524956,12.05364312,2.24,0.14,2.38,2.67,9.729999542,84.75
2002,6,2002,20026,13.20530667,80.6,21.57414439,7.381876772,0.001789252,0.00614253,0.01842759,11.2494863,2.3,0.24,2.54,2.73,14.86499977,90.55999756
2002,7,2002,20027,16.90276387,108,10.89827912,2.721429225,0.00061113,N/A,N/A,4.354639857,2.46,0.27,2.73,2.92,18.79999924,93.48999786
2002,8,2002,20028,18.24638968,15.3,1.779310877,N/A,N/A,N/A,N/A,N/A,2.17,0.06,2.23,2.55,19.77000046,27.87999916
2002,9,2002,20029,14.24143333,109,1.334483158,N/A,N/A,N/A,N/A,N/A,2.23,0.14,2.37,2.72,15.28999996,124.5999985
2002,10,2003,200310,5.10859871,115,8.896554387,10.04835406,0.002507199,0.01463233,0.102426307,12.72894727,2.19,0.17,2.36,2.69,5.929999828,84.25
2002,11,2003,200311,-0.4533,64.5,114.3207239,7.301706013,0.002599863,0.008046355,0.066669799,12.73626051,2.15,0.06,2.21,2.56,0.38499999,140.2200012
2002,12,2003,200312,-4.736652903,177,132.3362465,6.520090851,0.003539461,0.026749727,0.179322247,10.79587798,2.13,0.06,2.19,2.52,-4.579999924,130.0399933
2003,1,2003,20031,-12.23946679,50.8,25.57759386,9.414674075,0.002246315,0.005141089,0.24677226,13.18161254,2.12,0.08,2.2,2.5,-11.30500031,44.49000168
2003,2,2003,20032,-10.07969303,97.5,22.46379983,8.70425379,0.001653931,N/A,0.257401257,10.98164138,2.14,0.18,2.32,2.52,-9.239999771,89.80999756
2003,3,2003,20033,-3.498318168,138,174.8172937,6.985715963,0.002149381,0.002995595,0.366960391,11.69237946,2.17,0.21,2.38,2.64,-3.079999924,132.8600006
2003,4,2003,20034,2.001702667,127,144.1241811,6.613744974,0.001925688,N/A,0.340341663,11.91612252,2.24,0.22,2.46,2.75,2.799999952,61.18000031
2003,5,2003,20035,9.641861935,94.1,81.40347264,7.011139698,0.001864464,N/A,0.141859195,11.95680774,2.1,0.11,2.21,2.62,10.06499958,93.63999939
2003,6,2003,20036,15.38799867,107,68.9482965,6.880195826,0.002027343,N/A,0.061067483,11.88295252,2.14,0.11,2.25,2.64,16.25499916,86.08000183
2003,7,2003,20037,18.0857329,67.3,6.450001931,7.257144599,0.001448604,N/A,0.021135587,10.64467521,2.3,0.17,2.47,2.77,19.26499939,68.01000214
2003,8,2003,20038,17.90087097,63.2,4.448277194,10.8857169,0.002172906,N/A,0.031703381,14.51546619,2.14,0.05,2.19,2.48,19.125,72.65000153
2003,9,2003,20039,14.76360267,132,3.558621755,13.49828895,0.002694404,N/A,N/A,16.19926027,2.24,0.21,2.45,2.95,15.20499992,112.5999985
2003,10,2004,200410,7.377307097,259,193.0552302,7.308981346,N/A,N/A,0.027853684,12.13078246,2.22,0.54,2.76,3.24,7.849999905,247
2003,11,2004,200411,2.017474667,175,194.6121272,6.934052545,N/A,0.00424087,0.064622781,10.87964017,2.14,0.13,2.27,2.65,2.845000029,133.8899994
2003,12,2004,200412,-3.493492903,174,203.5086816,6.346926463,N/A,N/A,0.234712486,11.07111828,2.12,0.07,2.19,2.64,-3.190000057,157.8999939
2004,1,2004,20041,-14.1004529,N/A,28.6913879,12.70000305,N/A,N/A,0.407614894,19.49219745,N/A,N/A,N/A,N/A,-13.03999996,30.76000023
2004,2,2004,20042,-6.537289655,22.1,8.451726668,8.056007997,N/A,N/A,0.375394937,12.17451037,0,0.06,0.06,2.51,-6.079999924,38.34000015
2004,3,2004,20043,-2.027544516,46.5,31.58276807,8.045964664,N/A,N/A,0.521038169,12.11725873,0,0.27,0.27,2.74,-1.159999967,55.33000183
2004,4,2004,20044,3.887456,90.6,133.0034881,7.178738263,0.001049328,N/A,0.517577604,11.9391533,2.1,0.05,2.15,2.64,4.590000153,99.73000336
2004,5,2004,20045,10.03990194,97.5,82.29312808,7.40960562,0.00160229,N/A,0.2189931,11.85633037,2.11,0.11,2.22,2.58,10.97500038,96.18000031
2004,6,2004,20046,13.42612667,68.5,23.79828299,7.499049419,0.001496891,N/A,0.038220187,11.2494863,2.1,0.12,2.22,2.67,14.26000023,59.15999985
2004,7,2004,20047,16.76502452,158,31.13794035,7.257144599,0.002571272,N/A,0.01690847,10.83821475,2.31,0.29,2.6,3.04,18.13500023,95.68000031
2004,8,2004,20048,17.32794968,151,54.26898176,7.303075894,0.001939113,N/A,0.007223555,12.12684517,2.25,0.14,2.39,2.79,18.61000061,164.2100067
2004,9,2004,20049,13.09458,58.9,31.58276807,7.658603662,0.001540683,N/A,N/A,11.48883707,2.11,0.04,2.15,2.46,13.64500046,71.65000153
2004,10,2005,200510,7.586726452,76.8,25.13276614,8.164287674,0.001493873,N/A,N/A,11.61237295,2.15,0.1,2.25,2.62,8.154999733,74.73999786
2004,11,2005,200511,0.713504,47.2,81.18105878,7.283912756,0.001476953,N/A,0.132114744,12.02404109,2.14,0.13,2.27,2.54,1.549999952,125.2300034
2004,12,2005,200512,-5.642268387,120,105.2017556,6.901402217,0.001597725,N/A,0.276005902,11.89698994,2.13,0.08,2.21,2.57,-5.150000095,118.8399963
2005,1,2005,20051,-10.6937329,87.3,59.82932825,7.75763733,0.001180113,N/A,0.341084647,10.81151964,2.21,0.2,2.41,2.7,-10.125,93.65000153
2005,2,2005,20052,-5.427344286,80.6,33.80690667,7.811509812,0.001169446,N/A,0.366601791,10.5352332,2.14,0.09,2.23,2.58,-5.275000095,75.76999664
2005,3,2005,20053,-2.907206452,116,153.4655632,7.322231098,0.001439672,N/A,0.582602933,11.16974887,2.17,0.05,2.22,2.52,-2.345000029,173.1100006
2005,4,2005,20054,5.028549333,281,308.7104372,6.14662906,0.001876771,N/A,0.54340827,11.23490813,2.37,0.24,2.61,2.97,5.59499979,185.4100037
2005,5,2005,20055,7.566756129,280,192.6104025,5.969586686,0.001915896,N/A,0.382485948,11.05048394,2.31,0.17,2.48,2.88,8.329999924,206.8800049
2005,6,2005,20056,16.250368,77.9,49.15346299,6.688341374,0.001524705,N/A,0.127499001,11.06706219,2.29,0.21,2.5,2.92,16.89500046,73.13999939
2005,7,2005,20057,18.09382839,26.9,8.006898948,6.350001524,0.00122226,N/A,N/A,10.16082633,2.11,0.03,2.14,2.46,19.10499954,85.66999817
2005,8,2005,20058,18.19161806,57.2,3.781035615,8.708573519,0.002281552,N/A,N/A,13.93484754,2.13,0.05,2.18,2.49,18.97999954,110.6500015
2005,9,2005,20059,14.78575333,105,7.562071229,6.135585888,0.001990185,N/A,0.089345891,10.63587795,2.28,0.26,2.54,2.95,15.26000023,104.7399979
2005,10,2006,200610,8.153046452,322,332.5087202,6.45915982,0.00213346,N/A,0.173645073,11.70874119,2.23,0.06,2.29,2.51,8.925000191,345.8599854
2005,11,2006,200611,2.651724,254,163.0293591,6.315797769,0.001794429,N/A,0.339148214,10.51181506,2.36,0.28,2.64,3,3.170000076,173.1000061
2005,12,2006,200612,-5.16276,142,162.3621176,6.763041137,0.001525658,N/A,0.439530273,9.821102656,2.16,0.18,2.34,2.63,-4.320000172,148.4299927
2006,1,2006,20061,-3.699611613,203,169.0345334,7.109039607,0.001423475,0.001164614,0.706532484,9.491337484,2.21,0.23,2.44,2.72,-3.289999962,124.75
2006,2,2006,20062,-6.786825714,84.8,72.72933211,7.313633362,0.001264544,0.003060015,0.669603271,9.147933912,2.14,0.07,2.21,2.54,-5.625,77.48000336
2006,3,2006,20063,-1.102584516,38.2,26.02242158,7.734588323,0.001415248,0.006507536,0.670776791,8.480088142,2.19,0.21,2.4,2.59,-0.629999995,35.41999817
2006,4,2006,20064,5.41896,57.2,69.17071036,7.787474397,0.001424925,0.000567003,0.918544487,9.432261587,2.21,0.15,2.36,2.63,6.135000229,65.87999725
2006,5,2006,20065,11.39315226,143,122.9948644,7.277529837,0.001382481,N/A,0.62195621,9.834636081,2.29,0.12,2.41,2.72,12.14000034,160.6100006
2006,6,2006,20066,15.370704,263,217.9655825,6.295073595,0.002600676,N/A,0.538589053,9.302327507,2.24,0.15,2.39,2.71,17.06999969,205.7299957
2006,7,2006,20067,19.21670839,91.4,64.27760545,6.086637406,0.002470805,N/A,0.100223591,9.458465065,2.39,0.22,2.61,2.87,20.64500046,143.8600006
2006,8,2006,20068,15.93991226,339,32.69483737,6.253496942,0.001456309,N/A,0.028330681,10.00640648,2.47,0.33,2.8,3.38,16.78499985,96.33999634
2006,9,2006,20069,13.345244,95.4,14.45690088,6.135585888,0.001454366,N/A,0.008934589,9.817733495,2.2,0.06,2.26,2.64,13.89000034,74.40000153
2006,10,2007,200710,7.446753548,201,102.5327893,6.940557754,0.002515613,N/A,0.372780691,10.69663213,2.27,0.2,2.47,2.85,7.75,202.3099976
2006,11,2007,200711,4.418813333,179,223.9707567,6.026021855,0.002666337,0.164970806,0.614253001,9.803123773,2.22,0.16,2.38,2.65,4.84499979,180.8699951
2006,12,2007,200712,-2.07308,92.4,83.18278352,6.747345185,0.001400716,N/A,0.701142535,9.644987451,2.18,0.24,2.42,2.64,-1.225000024,91.02999878
2007,1,2007,20071,-7.491043871,116,84.73968054,6.726134019,0.001457437,N/A,0.952647927,9.983808452,2.1,0.11,2.21,2.53,-6.889999866,93.51999664
2007,2,2007,20072,-10.08745714,59.1,13.12241772,8.034695806,0.001288777,N/A,0.822346874,10.10157953,2.1,0.04,2.14,2.45,-9.904999733,56.83000183
2007,3,2007,20073,-2.884190968,140,151.9086662,5.8387027,0.002000061,N/A,0.959747797,9.738558225,2.26,0.23,2.49,2.79,-2.075000048,134.1699982
2007,4,2007,20074,2.354694667,191,214.6293746,5.729087445,0.001621244,N/A,0.866821626,9.782161997,2.18,0.11,2.29,2.66,3.414999962,182
2007,5,2007,20075,10.6111729,112,99.19658142,6.652382549,0.001392018,N/A,0.693511452,9.858420787,2.18,0.11,2.29,2.68,10.85499954,96.08000183
2007,6,2007,20076,15.16254933,53.7,31.13794035,6.222615476,0.001612343,N/A,0.355482588,9.956992127,2.18,0.05,2.23,2.54,16.18000031,61.40000153
2007,7,2007,20077,17.49857806,132,20.01724737,6.005912772,0.001685876,N/A,0.032796601,9.910559674,2.41,0.28,2.69,3.18,18.60000038,68.73999786
2007,8,2007,20078,17.10472516,68.8,6.227588071,6.047620499,0.001267529,N/A,N/A,8.709279714,2.26,0.19,2.45,2.83,18.18499947,91.70999908
2007,9,2007,20079,13.92630667,67.2,2.001724737,11.24857413,0.002245336,N/A,N/A,14.99931506,2.18,0.1,2.28,2.66,14.53499985,64.73000336
2007,10,2008,200810,9.489668387,144,15.79138404,7.572672625,0.001558824,N/A,0.008270447,10.98126573,2.1,0.04,2.14,2.54,10.09000015,118.3000031
2007,11,2008,200811,0.220186667,181,141.4552148,6.367117431,0.002041456,N/A,0.434844766,10.78252649,2.26,0.24,2.5,2.86,0.995000005,188.5599976
2007,12,2008,200812,-7.021042581,50.5,64.72243317,7.064135434,0.001404298,N/A,0.594944293,9.821102656,0,0,0,0,-6.559999943,127.9400024
2008,1,2008,20081,-6.358771613,83.3,100.5310646,6.85949284,0.001562707,N/A,0.622775998,9.484763524,2.1,0.07,2.17,2.51,-6.019999981,85.94999695
2008,2,2008,20082,-6.22421931,259,150.3517691,7.441338812,0.001577584,0.016581286,0.79851981,10.98810264,2.26,0.25,2.51,2.97,-5.820000172,167.8500061
2008,3,2008,20083,-3.627584516,134,110.3172744,6.327322947,0.001395413,0.066577099,0.759692259,10.12453767,2.1,0.1,2.2,2.54,-3.190000057,141.7799988
2008,4,2008,20084,5.418188,142,244.8776595,6.099363083,0.002005202,0.008033827,0.712332635,10.00499272,2.33,0.25,2.58,2.87,5.889999866,102.9400024
2008,5,2008,20085,9.935852903,17.9,54.71380948,7.440869779,0.002331061,N/A,0.589923666,11.90635708,2.18,0.07,2.25,2.54,10.53499985,48.59000015
2008,6,2008,20086,15.01485467,51.1,19.79483351,6.374192006,0.002020803,N/A,0.117936576,9.59956164,2.26,0.17,2.43,2.75,16.21999931,119.0899963
2008,7,2008,20087,19.22873548,11.6,6.450001931,7.257144599,0.006337643,N/A,0.105677936,11.61237295,2.1,0.04,2.14,2.48,20.26499939,111.9100037
2008,8,2008,20088,16.05435355,234,65.38967475,6.187670658,0.003362286,N/A,0.104120577,10.72616554,2.57,0.35,2.92,3.25,17.24500084,117.1699982
2008,9,2008,20089,13.07774933,351,192.8328163,5.721593069,0.003886607,N/A,0.259133999,10.40090913,2.18,0.13,2.31,2.74,13.78999996,172.0299988
2008,10,2009,200910,6.824504516,51.2,93.63623492,5.602942521,0.002552366,N/A,0.286729105,10.56640553,2.18,0.08,2.26,2.57,7.340000153,117.1699982
2008,11,2009,200911,1.82012,122,207.0673034,5.733144233,0.002433655,N/A,0.258065519,10.56725939,2.1,0.07,2.17,2.65,2.269999981,161.2700043
2008,12,2009,200912,-4.956325161,134,265.3397346,5.824565406,0.00236621,N/A,0.240616307,10.6094862,2.1,0.1,2.2,2.6,-4.559999943,166.2400055
2009,1,2009,20091,-11.60197806,0,45.37242737,8.081820122,0.003111207,N/A,0.299741054,14.51546619,0,0,0,0,-11.32499981,82.86000061
2009,2,2009,20092,-6.262968571,0,24.2431107,6.798588759,0.002405718,N/A,0.216001055,11.86758994,0,0,0,0,-5.989999771,80.25
2009,3,2009,20093,-2.624247742,10,95.19313194,6.152796508,0.002043004,N/A,0.168165758,10.53949067,2.1,0.01,2.11,2.43,-2.214999914,75
2009,4,2009,20094,5.615732,174,332.5087202,6.166387022,0.001974814,N/A,0.151170377,10.48144908,2.1,0.07,2.17,2.6,5.800000191,130.2899933
2009,5,2009,20095,10.37272258,51,60.27415597,6.256159137,0.001854463,N/A,0.124627083,10.41109299,2.18,0.08,2.26,2.53,11.07499981,114.0400009
2009,6,2009,20096,13.60882533,38,134.3379712,6.379788312,0.001742649,N/A,0.098769438,10.43235943,2.1,0.03,2.13,2.45,14.75,189.9799957
2009,7,2009,20097,15.97841548,118,85.85174984,6.444344404,0.001668792,N/A,0.082175163,10.38146142,2.26,0.11,2.37,2.6,17.07500076,146.0200043
2009,8,2009,20098,18.19608258,14,32.02759579,6.626088547,0.001523396,N/A,0.049622683,10.41326922,2.1,0.03,2.13,2.46,19.36000061,120.6399994
2009,9,2009,20099,12.64582267,182,12.01034842,6.249207849,0.001403335,N/A,0.03276016,9.999543375,2.18,0.07,2.25,2.58,13.02000046,50.68999863
2009,10,2010,201010,4.789763871,167,114.09831,6.135585888,0.00184697,N/A,0.172927531,10.66226971,2.1,0.1,2.2,2.56,5.565000057,175.0399933
2009,11,2010,201011,4.34518,99,129.6672802,6.725951541,0.001397548,N/A,0.272551022,10.11294026,2.1,0.04,2.14,2.51,4.619999886,127.0899963
2009,12,2010,201012,-5.410414194,108,102.3103755,6.69324485,0.001255294,N/A,0.447274722,9.886209405,2.1,0.07,2.17,2.5,-4.25,128.8300018
2010,1,2010,20101,-6.504029677,62,100.9758923,6.934052545,0.001183192,N/A,0.581083881,9.783026528,2.1,0.04,2.14,2.47,-5.465000153,103.5500031
2010,2,2010,20102,-4.533002857,67.2,46.92932439,7.07053231,0.001250973,N/A,0.73289158,9.899547941,2.1,0.04,2.14,2.47,-3.234999895,74.41999817
2010,3,2010,20103,1.311913548,66.2,247.9914535,6.501192037,0.001376174,N/A,0.63935151,9.410860579,2.1,0.03,2.13,2.47,2.315000057,153.3699951
2010,4,2010,20104,6.872086667,190,109.2052051,6.310175731,0.001365685,N/A,0.466233009,9.493468924,2.18,0.14,2.32,2.67,7.599999905,63.40000153
2010,5,2010,20105,11.97046194,53.9,30.69311264,6.289525319,0.001339959,N/A,0.139494875,9.67697746,2.26,0.14,2.4,2.59,12.73499966,60.61999893
2010,6,2010,20106,14.60251733,156,26.24483544,6.056924531,0.001252207,N/A,0.020160098,9.230347731,2.26,0.2,2.46,2.71,15.92500019,138.3699951
2010,7,2010,20107,18.91151871,N/A,4.003449474,5.442858449,0.00162968,N/A,N/A,8.709279714,N/A,N/A,N/A,N/A,20.5,58.88000107
2010,8,2010,20108,17.84270968,41,0.444827719,10.8857169,0.003259359,N/A,N/A,17.41855943,2.1,0.06,2.16,2.47,18.875,52.13999939
2010,9,2010,20109,13.71259067,142,0.667241579,11.24857413,0.003368005,N/A,N/A,17.99917807,2.1,0.1,2.2,2.6,14.97000027,152.4499969
2010,10,2011,201110,6.593083871,207,75.62071229,6.260334929,0.00148238,N/A,0.129606866,9.904479723,2.1,0.18,2.28,2.7,7.869999886,172.5
2010,11,2011,201111,1.169885333,126,161.0276344,6.480343496,0.001660072,N/A,0.354453093,10.73700376,2.1,0.04,2.14,2.48,2.394999981,166.4900055
2010,12,2011,201112,-5.109816774,210,233.9793804,6.084209257,0.001479651,N/A,0.477055434,10.33573453,2.1,0.13,2.23,2.6,-3.579999924,226.8399963
2011,1,2011,20111,-8.91188129,78.8,48.48622141,6.56217221,0.001241053,N/A,0.497973039,9.904847958,2.1,0.06,2.16,2.46,-7.619999886,63.61000061
2011,2,2011,20112,-8.223064286,119,18.90517807,6.830139474,0.001014451,N/A,0.435172212,9.659384596,2.18,0.19,2.37,2.63,-7.304999828,83.87999725
2011,3,2011,20113,-3.006096774,107,213.5173053,6.547806996,0.001354901,N/A,0.68886192,10.22982944,2.1,0.07,2.17,2.55,-1.394999981,125.1699982
2011,4,2011,20114,2.901553333,126,231.9776556,5.793409793,0.00147572,N/A,0.523781871,10.11804637,2.1,0.07,2.17,2.57,4.78000021,133.8099976
2011,5,2011,20115,9.387892903,138,149.017286,5.868300598,0.001551343,N/A,0.277505689,10.08355386,2.33,0.22,2.55,2.72,11.06499958,142.5
2011,6,2011,20116,14.37168133,54.5,30.69311264,6.007292487,0.001388623,N/A,0.048140208,10.10224231,2.26,0.14,2.4,2.59,15.27000046,79.61000061
2011,7,2011,20117,19.32448129,18,6.005174211,6.966380295,0.001599501,N/A,0.005606116,10.91973912,2.1,0.04,2.14,2.44,19.95000076,65.75
2011,8,2011,20118,17.28744,222,42.92587492,6.463684845,0.001556005,N/A,0.012859992,9.60510615,2.18,0.23,2.41,2.81,18.33499908,179.8000031
2011,9,2011,20119,15.61,96.5,20.46207509,6.405772785,0.001503418,N/A,0.012724323,9.782974818,2.18,0.14,2.32,2.69,15.22000027,75.37999725
2011,10,2012,201210,9.65308129,119,92.96899335,6.208890379,0.001448604,N/A,0.104268896,10.12856974,2.1,0.06,2.16,2.49,9.06000042,153.1399994
2011,11,2012,201211,3.883662357,93.9,93.63623492,6.668797519,0.00135923,N/A,0.391717914,9.899547941,2.1,0.05,2.15,2.48,4.385000229,77.86000061
2011,12,2012,201212,-2.907472981,109,129.4448663,6.42720519,0.001291608,N/A,0.653629274,9.496820964,2.1,0.07,2.17,2.46,-2.204999924,129.9199982
2012,1,2012,20121,-5.872936005,74.8,48.26380755,6.842450622,0.001094213,N/A,0.755446271,9.455789403,2.18,0.07,2.25,2.52,-5.869999886,72.66000366
2012,2,2012,20122,-4.363051412,101,23.79828299,7.233472646,0.000988743,N/A,0.785877464,9.058300243,2.26,0.22,2.48,2.62,-4.514999866,52.29999924
2012,3,2012,20123,1.825540039,28.5,103.4224448,7.257144599,0.001097318,N/A,0.994218018,9.347960226,2.1,0.04,2.14,2.44,2,58.95999908
2012,4,2012,20124,5.932510864,115,153.0207355,7.318941245,0.001875199,N/A,1.193099278,10.96456481,2.1,0.08,2.18,2.54,6.005000114,127.2699966
2012,5,2012,20125,11.63502366,104,125.4414169,7.416642283,0.001343143,N/A,0.988727411,9.857756159,2.18,0.13,2.31,2.55,12.06000042,131.5299988
2012,6,2012,20126,14.58010262,114,112.3189991,6.561668242,0.001483526,N/A,0.310051515,9.856692755,2.33,0.19,2.52,2.66,15.10000038,153.8600006
2012,7,2012,20127,18.68846961,79,20.23966123,6.756651868,0.001742071,N/A,0.118067763,10.81151964,2.18,0.1,2.28,2.51,19.92499924,37.13000107
2012,8,2012,20128,18.40365113,219,46.70691053,5.602942521,0.001941236,N/A,0.173436141,9.733900856,2.33,0.25,2.58,2.76,19.91500092,101.5699997
2012,9,2012,20129,12.04382195,111,35.58621755,N/A,N/A,N/A,N/A,N/A,2.1,0.08,2.18,2.53,13.72500038,162.6999969
2012,10,2013,201310,8.309349025,231,N/A,N/A,N/A,N/A,N/A,N/A,2.1,0.14,2.24,2.63,9.43999958,199.1999969
2012,11,2013,201311,0.373913051,113,N/A,N/A,N/A,N/A,N/A,N/A,2.1,0.05,2.15,2.55,1.480000019,45.97999954
2012,12,2013,201312,-3.562531613,0,N/A,N/A,N/A,N/A,N/A,N/A,0,0,0,0,-3.125,152.5599976
2013,1,2013,20131,-7.917996129,0,N/A,N/A,N/A,N/A,N/A,N/A,0,0,0,0,-7.480000019,33.18000031
2013,2,2013,20132,-6.247078571,24,N/A,N/A,N/A,N/A,N/A,N/A,2.17,0.07,2.24,2.4,-5.039999962,89.66999817
2013,3,2013,20133,-1.575597419,45,N/A,N/A,N/A,N/A,N/A,N/A,2.14,0.02,2.16,2.4,-0.100000001,86.27999878
2013,4,2013,20134,3.535193333,104,N/A,N/A,N/A,N/A,N/A,N/A,2.29,0.17,2.46,2.4,4.389999866,67.06999969
2013,5,2013,20135,10.33631613,72,N/A,N/A,N/A,N/A,N/A,N/A,2.2,0.07,2.27,2.4,10.875,145.6900024
2013,6,2013,20136,15.303896,N/A,N/A,N/A,N/A,N/A,N/A,N/A,N/A,N/A,N/A,N/A,16.21999931,167.8600006
2013,7,2013,20137,19.15253419,227,N/A,N/A,N/A,N/A,N/A,N/A,2.32,0.19,2.51,2.4,20.34000015,137.1999969
2013,8,2013,20138,17.18430452,253,N/A,N/A,N/A,N/A,N/A,N/A,2.27,0.18,2.45,2.4,17.90500069,115.3000031
2013,9,2013,20139,13.10273733,249,N/A,N/A,N/A,N/A,N/A,N/A,2.46,0.2,2.66,2.4,13.97500038,142.8000031
2013,10,2014,201410,8.627549677,39,N/A,N/A,N/A,N/A,N/A,N/A,0,0,0,0,9.015000343,40.41999817
2013,11,2014,201411,0.468912,80,N/A,N/A,N/A,N/A,N/A,N/A,2.1,0.01,2.11,2.4,0.935000002,138.4299927
2013,12,2014,201412,-6.93632129,0,N/A,N/A,N/A,N/A,N/A,N/A,0,0,0,0,-7.03000021,115.5599976
2014,1,2014,20141,-8.504394839,N/A,N/A,N/A,N/A,N/A,N/A,N/A,N/A,N/A,N/A,N/A,-8.005000114,104.9700012
2014,2,2014,20142,-7.47894,N/A,N/A,N/A,N/A,N/A,N/A,N/A,N/A,N/A,N/A,N/A,-7.21999979,90.97000122
2014,3,2014,20143,-5.749766521,N/A,N/A,N/A,N/A,N/A,N/A,N/A,N/A,N/A,N/A,N/A,-5.920000076,132.3600006
2014,4,2014,20144,3.650410496,N/A,N/A,N/A,N/A,N/A,N/A,N/A,N/A,N/A,N/A,N/A,4.264999866,114.0500031
2014,5,2014,20145,10.23123742,N/A,N/A,N/A,N/A,N/A,N/A,N/A,N/A,N/A,N/A,N/A,10.69999981,103.6100006
2014,6,2014,20146,15.7299895,N/A,N/A,N/A,N/A,N/A,N/A,N/A,N/A,N/A,N/A,N/A,16.31500053,127.7099991
2014,7,2014,20147,18.65496155,N/A,N/A,N/A,N/A,N/A,N/A,N/A,N/A,N/A,N/A,N/A,19.76499939,167.7200012
2014,8,2014,20148,17.46108556,N/A,N/A,N/A,N/A,N/A,N/A,N/A,N/A,N/A,N/A,N/A,18.14999962,77.68000031
2014,9,2014,20149,13.77312133,N/A,N/A,N/A,N/A,N/A,N/A,N/A,N/A,N/A,N/A,N/A,14.00500011,42.40999985
2014,10,2015,201510,9.031707097,N/A,N/A,N/A,N/A,N/A,N/A,N/A,N/A,N/A,N/A,N/A,9.569999695,194.8699951
2014,11,2015,201511,-0.120116,N/A,N/A,N/A,N/A,N/A,N/A,N/A,N/A,N/A,N/A,N/A,0.560000002,131.9100037
2014,12,2015,201512,-2.851265806,N/A,N/A,N/A,N/A,N/A,N/A,N/A,N/A,N/A,N/A,N/A,-1.600000024,219.4299927
2015,1,2015,20151,-9.970540645,N/A,N/A,N/A,N/A,N/A,N/A,N/A,N/A,N/A,N/A,N/A,-9.380000114,111.9599991
2015,2,2015,20152,-14.02613,N/A,N/A,N/A,N/A,N/A,N/A,N/A,N/A,N/A,N/A,N/A,-13.27999973,71.29000092
2015,3,2015,20153,-5.290428387,N/A,N/A,N/A,N/A,N/A,N/A,N/A,N/A,N/A,N/A,N/A,-4.815000057,57.25
2015,4,2015,20154,2.514398667,N/A,N/A,N/A,N/A,N/A,N/A,N/A,N/A,N/A,N/A,N/A,3.704999924,90.62000275
2015,5,2015,20155,12.09576645,N/A,N/A,N/A,N/A,N/A,N/A,N/A,N/A,N/A,N/A,N/A,12.84000015,71.63999939
2015,6,2015,20156,12.84814933,N/A,N/A,N/A,N/A,N/A,N/A,N/A,N/A,N/A,N/A,N/A,14.09000015,147.6600037
2015,7,2015,20157,17.48935484,N/A,N/A,N/A,N/A,N/A,N/A,N/A,N/A,N/A,N/A,N/A,18.32500076,66.80000305
2015,8,2015,20158,18.66657806,N/A,N/A,N/A,N/A,N/A,N/A,N/A,N/A,N/A,N/A,N/A,19.77499962,97.30000305
2015,9,2015,20159,16.32065467,N/A,N/A,N/A,N/A,N/A,N/A,N/A,N/A,N/A,N/A,N/A,16.95999908,136.4600067
2015,10,2016,201610,6.072682581,N/A,N/A,N/A,N/A,N/A,N/A,N/A,N/A,N/A,N/A,N/A,6.855000019,159.3000031
2015,11,2016,201611,2.477257333,N/A,N/A,N/A,N/A,N/A,N/A,N/A,N/A,N/A,N/A,N/A,3.355000019,77.56999969
2015,12,2016,201612,-0.229618065,N/A,N/A,N/A,N/A,N/A,N/A,N/A,N/A,N/A,N/A,N/A,0.569999993,158.5899963
2016,1,2016,20161,-6.385672258,N/A,N/A,N/A,N/A,N/A,N/A,N/A,N/A,N/A,N/A,N/A,-5.050000191,83.16999817
2016,2,2016,20162,-4.400048651,N/A,N/A,N/A,N/A,N/A,N/A,N/A,N/A,N/A,N/A,N/A,-3.765000105,133.7899933
2016,3,2016,20163,-0.662433177,N/A,N/A,N/A,N/A,N/A,N/A,N/A,N/A,N/A,N/A,N/A,-0.275000006,107.7300034
2016,4,2016,20164,3.127886512,N/A,N/A,N/A,N/A,N/A,N/A,N/A,N/A,N/A,N/A,N/A,3.744999886,81.56999969
2016,5,2016,20165,10.8894694,N/A,N/A,N/A,N/A,N/A,N/A,N/A,N/A,N/A,N/A,N/A,11.46500015,77.04000092
2016,6,2016,20166,14.45891514,N/A,N/A,N/A,N/A,N/A,N/A,N/A,N/A,N/A,N/A,N/A,15.54500008,89.65000153
2016,7,2016,20167,18.77223975,N/A,N/A,N/A,N/A,N/A,N/A,N/A,N/A,N/A,N/A,N/A,19.67499924,88.94000244
2016,8,2016,20168,18.51255231,N/A,N/A,N/A,N/A,N/A,N/A,N/A,N/A,N/A,N/A,N/A,19.52499962,90.40000153
2016,9,2016,20169,14.33772767,N/A,N/A,N/A,N/A,N/A,N/A,N/A,N/A,N/A,N/A,N/A,15.33500004,40.90999985
2016,10,2017,201710,7.647564903,N/A,N/A,N/A,N/A,N/A,N/A,N/A,N/A,N/A,N/A,N/A,8.670000076,114.3799973
2016,11,2017,201711,2.83357408,N/A,N/A,N/A,N/A,N/A,N/A,N/A,N/A,N/A,N/A,N/A,3.744999886,110.9599991
2016,12,2017,201712,-6.208016573,N/A,N/A,N/A,N/A,N/A,N/A,N/A,N/A,N/A,N/A,N/A,-4.715000153,132.4299927
2017,1,2017,20171,-4.733662075,N/A,N/A,N/A,N/A,N/A,N/A,N/A,N/A,N/A,N/A,N/A,-4.105000019,111.6800003
2017,2,2017,20172,-5.646457443,N/A,N/A,N/A,N/A,N/A,N/A,N/A,N/A,N/A,N/A,N/A,-4.840000153,97.80000305
2017,3,2017,20173,-4.482351649,N/A,N/A,N/A,N/A,N/A,N/A,N/A,N/A,N/A,N/A,N/A,-3.950000048,79.11000061
2017,4,2017,20174,5.958479608,N/A,N/A,N/A,N/A,N/A,N/A,N/A,N/A,N/A,N/A,N/A,6.199999809,103.0599976
2017,5,2017,20175,9.624540253,N/A,N/A,N/A,N/A,N/A,N/A,N/A,N/A,N/A,N/A,N/A,10.43500042,173.4299927
2017,6,2017,20176,15.19469622,N/A,N/A,N/A,N/A,N/A,N/A,N/A,N/A,N/A,N/A,N/A,16.15500069,77.19000244
2017,7,2017,20177,17.49055658,N/A,N/A,N/A,N/A,N/A,N/A,N/A,N/A,N/A,N/A,N/A,18.69000053,57.02999878
2017,8,2017,20178,17.13872198,N/A,N/A,N/A,N/A,N/A,N/A,N/A,N/A,N/A,N/A,N/A,18.125,57.09000015
2017,9,2017,20179,16.04300853,N/A,N/A,N/A,N/A,N/A,N/A,N/A,N/A,N/A,N/A,N/A,16.64500046,68.08999634
2017,10,2018,201810,11.05700968,N/A,N/A,N/A,N/A,N/A,N/A,N/A,N/A,N/A,N/A,N/A,11.77999973,182.2700043
2017,11,2018,201811,1.136949472,N/A,N/A,N/A,N/A,N/A,N/A,N/A,N/A,N/A,N/A,N/A,1.669999957,87.93000031
2017,12,2018,201812,-8.369286235,N/A,N/A,N/A,N/A,N/A,N/A,N/A,N/A,N/A,N/A,N/A,-6.945000172,127.4100037
2018,1,2018,20181,-7.950435525,N/A,N/A,N/A,N/A,N/A,N/A,N/A,N/A,N/A,N/A,N/A,-7.590000153,178.3999939
2018,2,2018,20182,-4.431491206,N/A,N/A,N/A,N/A,N/A,N/A,N/A,N/A,N/A,N/A,N/A,-3.210000038,102.6900024
2018,3,2018,20183,-1.458249525,N/A,N/A,N/A,N/A,N/A,N/A,N/A,N/A,N/A,N/A,N/A,-0.920000017,85.75
2018,4,2018,20184,3.3962302,N/A,N/A,N/A,N/A,N/A,N/A,N/A,N/A,N/A,N/A,N/A,3.38499999,140.8699951
2018,5,2018,20185,11.86958006,N/A,N/A,N/A,N/A,N/A,N/A,N/A,N/A,N/A,N/A,N/A,12.11499977,52.41999817
2018,6,2018,20186,14.15594646,N/A,N/A,N/A,N/A,N/A,N/A,N/A,N/A,N/A,N/A,N/A,15.06499958,111.9700012
2018,7,2018,20187,19.10732032,N/A,N/A,N/A,N/A,N/A,N/A,N/A,N/A,N/A,N/A,N/A,20.36499977,73.58000183
2018,8,2018,20188,19.28323762,N/A,N/A,N/A,N/A,N/A,N/A,N/A,N/A,N/A,N/A,N/A,20.28499985,102.2300034
2018,9,2018,20189,13.87029028,N/A,N/A,N/A,N/A,N/A,N/A,N/A,N/A,N/A,N/A,N/A,14.86999989,88.90000153
2018,10,2019,201910,5.628704483,N/A,N/A,N/A,N/A,N/A,N/A,N/A,N/A,N/A,N/A,N/A,5.989999771,146.5899963
2018,11,2019,201911,-0.992487536,N/A,N/A,N/A,N/A,N/A,N/A,N/A,N/A,N/A,N/A,N/A,-0.625,200.2799988
2018,12,2019,201912,-5.294922026,N/A,N/A,N/A,N/A,N/A,N/A,N/A,N/A,N/A,N/A,N/A,-4.929999828,120.2099991
2019,1,2019,20191,-8.151483866,N/A,N/A,N/A,N/A,N/A,N/A,N/A,N/A,N/A,N/A,N/A,N/A,N/A
2019,2,2019,20192,-7.12111112,N/A,N/A,N/A,N/A,N/A,N/A,N/A,N/A,N/A,N/A,N/A,N/A,N/A
2019,3,2019,20193,-3.167160421,N/A,N/A,N/A,N/A,N/A,N/A,N/A,N/A,N/A,N/A,N/A,N/A,N/A
2019,4,2019,20194,4.287823744,N/A,N/A,N/A,N/A,N/A,N/A,N/A,N/A,N/A,N/A,N/A,N/A,N/A
2019,5,2019,20195,8.761707791,N/A,N/A,N/A,N/A,N/A,N/A,N/A,N/A,N/A,N/A,N/A,N/A,N/A
2019,6,2019,20196,14.62338386,N/A,N/A,N/A,N/A,N/A,N/A,N/A,N/A,N/A,N/A,N/A,N/A,N/A
2019,7,2019,20197,19.34187672,N/A,N/A,N/A,N/A,N/A,N/A,N/A,N/A,N/A,N/A,N/A,N/A,N/A
2019,8,2019,20198,17.18898407,N/A,N/A,N/A,N/A,N/A,N/A,N/A,N/A,N/A,N/A,N/A,N/A,N/A
2019,9,2019,20199,12.63244682,N/A,N/A,N/A,N/A,N/A,N/A,N/A,N/A,N/A,N/A,N/A,N/A,N/A
