Year,Month,WaterYear,WaterYearMonth,CSMeanTempC,CSPrecipitationmm,Runoffmm,StrCamgL,StrDOCmgL,StrNH4NmgL,StrNO3NmgL,StrPO4PmgL,StrSO4SmgL,depNH4Nkgha,depNO3Nkgha,depTotNkgha,depSO4Skgha,FWACamgL,FWADOCmgL,FWANH4NmgL,FWANO3NmgL,FWAPO4PmgL,FWASO4SmgL
1980,1,1980,19801,19.43596569,164.8,7.252870904,N/A,N/A,N/A,N/A,N/A,N/A,N/A,N/A,N/A,N/A,N/A,N/A,N/A,N/A,N/A,N/A
1980,2,1980,19802,19.44771534,205,8.910749577,N/A,N/A,N/A,N/A,N/A,N/A,N/A,N/A,N/A,N/A,N/A,N/A,N/A,N/A,N/A,N/A
1980,3,1980,19803,19.60371464,191.7,7.333675074,N/A,N/A,N/A,N/A,N/A,N/A,N/A,N/A,N/A,N/A,N/A,N/A,N/A,N/A,N/A,N/A
1980,4,1980,19804,20.27855472,172,12.22372057,N/A,N/A,N/A,N/A,N/A,N/A,N/A,N/A,N/A,N/A,N/A,N/A,N/A,N/A,N/A,N/A
1980,5,1980,19805,21.28120421,366.8,12.42433783,N/A,N/A,N/A,N/A,N/A,N/A,N/A,N/A,N/A,N/A,N/A,N/A,N/A,N/A,N/A,N/A
1980,6,1980,19806,21.39985165,211.1,6.742968723,N/A,N/A,N/A,N/A,N/A,N/A,N/A,N/A,N/A,N/A,N/A,N/A,N/A,N/A,N/A,N/A
1980,7,1980,19807,21.13966603,338.5,9.738295739,N/A,N/A,N/A,N/A,N/A,N/A,N/A,N/A,N/A,N/A,N/A,N/A,N/A,N/A,N/A,N/A
1980,8,1980,19808,21.28644637,247.3,9.044494412,N/A,N/A,N/A,N/A,N/A,N/A,N/A,N/A,N/A,N/A,N/A,N/A,N/A,N/A,N/A,N/A
1980,9,1980,19809,20.8635792,219.7,9.986280952,N/A,N/A,N/A,N/A,N/A,N/A,N/A,N/A,N/A,N/A,N/A,N/A,N/A,N/A,N/A,N/A
1980,10,1980,198010,20.6783564,270.7,10.9447856,N/A,N/A,N/A,N/A,N/A,N/A,N/A,N/A,N/A,N/A,N/A,N/A,N/A,N/A,N/A,N/A
1980,11,1980,198011,20.08354655,186.4,7.227793747,N/A,N/A,N/A,N/A,N/A,N/A,N/A,N/A,N/A,N/A,N/A,N/A,N/A,N/A,N/A,N/A
1980,12,1980,198012,19.86058023,330.3,9.97513555,N/A,N/A,N/A,N/A,N/A,N/A,N/A,N/A,N/A,N/A,N/A,N/A,N/A,N/A,N/A,N/A
1981,1,1981,19811,19.94644312,187.9,7.849149956,N/A,N/A,N/A,N/A,N/A,N/A,N/A,N/A,N/A,N/A,N/A,N/A,N/A,N/A,N/A,N/A
1981,2,1981,19812,19.86338853,221,9.919408535,N/A,N/A,N/A,N/A,N/A,N/A,N/A,N/A,N/A,N/A,N/A,N/A,N/A,N/A,N/A,N/A
1981,3,1981,19813,19.66102887,282.8,8.033049103,N/A,N/A,N/A,N/A,N/A,N/A,N/A,N/A,N/A,N/A,N/A,N/A,N/A,N/A,N/A,N/A
1981,4,1981,19814,19.10308885,485.8,17.09147527,N/A,N/A,N/A,N/A,N/A,N/A,N/A,N/A,N/A,N/A,N/A,N/A,N/A,N/A,N/A,N/A
1981,5,1981,19815,19.95493902,537.5,20.31249669,N/A,N/A,N/A,N/A,N/A,N/A,N/A,N/A,N/A,N/A,N/A,N/A,N/A,N/A,N/A,N/A
1981,6,1981,19816,20.08354655,225.1,12.34632001,N/A,N/A,N/A,N/A,N/A,N/A,N/A,N/A,N/A,N/A,N/A,N/A,N/A,N/A,N/A,N/A
1981,7,1981,19817,24.95595479,365.9,13.64754579,N/A,N/A,N/A,N/A,N/A,N/A,N/A,N/A,N/A,N/A,N/A,N/A,N/A,N/A,N/A,N/A
1981,8,1981,19818,24.90353324,402.7,15.05743925,N/A,N/A,N/A,N/A,N/A,N/A,N/A,N/A,N/A,N/A,N/A,N/A,N/A,N/A,N/A,N/A
1981,9,1981,19819,21.49735573,194.6,8.693414222,N/A,N/A,N/A,N/A,N/A,N/A,N/A,N/A,N/A,N/A,N/A,N/A,N/A,N/A,N/A,N/A
1981,10,1981,198110,21.39653162,238.4,11.46026048,N/A,N/A,N/A,N/A,N/A,N/A,N/A,N/A,N/A,N/A,N/A,N/A,N/A,N/A,N/A,N/A
1981,11,1981,198111,20.99900154,153.6,10.39587451,N/A,N/A,N/A,N/A,N/A,N/A,N/A,N/A,N/A,N/A,N/A,N/A,N/A,N/A,N/A,N/A
1981,12,1981,198112,20.12268798,778.4,24.72050352,N/A,N/A,N/A,N/A,N/A,N/A,N/A,N/A,N/A,N/A,N/A,N/A,N/A,N/A,N/A,N/A
1982,1,1982,19821,19.26821673,158.8,8.481651568,N/A,N/A,N/A,N/A,N/A,N/A,N/A,N/A,N/A,N/A,N/A,N/A,N/A,N/A,N/A,N/A
1982,2,1982,19822,19.38747575,520.6,14.95434427,N/A,N/A,N/A,N/A,N/A,N/A,N/A,N/A,N/A,N/A,N/A,N/A,N/A,N/A,N/A,N/A
1982,3,1982,19823,19.16267468,101.4,6.904577065,N/A,N/A,N/A,N/A,N/A,N/A,N/A,N/A,N/A,N/A,N/A,N/A,N/A,N/A,N/A,N/A
1982,4,1982,19824,19.78561742,159.4,5.430597538,N/A,N/A,N/A,N/A,N/A,N/A,N/A,N/A,N/A,N/A,N/A,N/A,N/A,N/A,N/A,N/A
1982,5,1982,19825,20.36906926,547.7,18.1753657,N/A,N/A,N/A,N/A,N/A,N/A,N/A,N/A,N/A,N/A,N/A,N/A,N/A,N/A,N/A,N/A
1982,6,1982,19826,21.52985709,165.5,8.046980857,N/A,N/A,N/A,N/A,N/A,N/A,N/A,N/A,N/A,N/A,N/A,N/A,N/A,N/A,N/A,N/A
1982,7,1982,19827,21.17636111,473.3,10.92249479,N/A,N/A,N/A,N/A,N/A,N/A,N/A,N/A,N/A,N/A,N/A,N/A,N/A,N/A,N/A,N/A
1982,8,1982,19828,21.19732973,383.5,11.32651564,N/A,N/A,N/A,N/A,N/A,N/A,N/A,N/A,N/A,N/A,N/A,N/A,N/A,N/A,N/A,N/A
1982,9,1982,19829,21.13984077,446,15.55619603,N/A,N/A,N/A,N/A,N/A,N/A,N/A,N/A,N/A,N/A,N/A,N/A,N/A,N/A,N/A,N/A
1982,10,1982,198210,20.91425337,178.8,7.578873937,N/A,N/A,N/A,N/A,N/A,N/A,N/A,N/A,N/A,N/A,N/A,N/A,N/A,N/A,N/A,N/A
1982,11,1982,198211,20.1322986,231.7,14.60047773,N/A,N/A,N/A,N/A,N/A,N/A,N/A,N/A,N/A,N/A,N/A,N/A,N/A,N/A,N/A,N/A
1982,12,1982,198212,19.06246215,363.5,15.29985176,N/A,N/A,N/A,N/A,N/A,N/A,N/A,N/A,N/A,N/A,N/A,N/A,N/A,N/A,N/A,N/A
1983,1,1983,19831,19.8291273,136.8,7.737695928,N/A,N/A,N/A,N/A,N/A,N/A,N/A,N/A,N/A,N/A,N/A,N/A,N/A,N/A,N/A,N/A
1983,2,1983,19832,19.61382451,35.2,3.79500967,N/A,N/A,N/A,N/A,N/A,N/A,N/A,N/A,N/A,N/A,N/A,N/A,N/A,N/A,N/A,N/A
1983,3,1983,19833,20.41624865,107.8,6.681669008,N/A,N/A,N/A,N/A,N/A,N/A,N/A,N/A,N/A,N/A,N/A,N/A,N/A,N/A,N/A,N/A
1983,4,1983,19834,20.16479996,249.5,12.44662863,N/A,N/A,N/A,N/A,N/A,N/A,N/A,N/A,N/A,N/A,N/A,N/A,N/A,N/A,N/A,N/A
1983,5,1983,19835,21.08724448,295.3,11.81691337,N/A,N/A,N/A,N/A,N/A,N/A,N/A,N/A,N/A,N/A,N/A,N/A,N/A,N/A,N/A,N/A
1983,6,1983,19836,20.975,363.1,11.03394882,3.0725,0.00149,0.017433333,0.0805,N/A,N/A,N/A,N/A,N/A,N/A,4.14E-01,3.69E-05,8.32E-03,2.40E-02,N/A,N/A
1983,7,1983,19837,20.83333333,514.6,15.74288152,3.203333333,0.0013575,0.021266667,0.0695,N/A,N/A,N/A,N/A,N/A,N/A,7.24E-01,9.23E-04,8.25E-03,2.26E-02,N/A,N/A
1983,8,1983,19838,21.16666667,399.5,15.82368569,3.093333333,0.001792,0.02955,0.0745,N/A,N/A,N/A,N/A,N/A,N/A,5.44E-01,3.72E-04,5.74E-03,1.34E-02,N/A,N/A
1983,9,1983,19839,21,188.1,7.90487697,3.69,0.0023025,0.01895,0.0745,N/A,N/A,N/A,N/A,N/A,N/A,4.94E-01,3.12E-04,2.57E-03,1.00E-02,N/A,N/A
1983,10,1983,198310,20.6,340.9,8.253170809,3.74,0.00144,0.0079,0.0772,N/A,N/A,N/A,N/A,N/A,N/A,5.60E-01,2.83E-04,1.29E-03,1.31E-02,N/A,N/A
1983,11,1983,198311,19.75,192.4,9.395574601,3.6375,0.0012375,0.004425,0.0775,N/A,0.97,N/A,N/A,N/A,N/A,3.22E-01,1.25E-04,4.07E-04,7.03E-03,N/A,1.73E-02
1983,12,1983,198312,19.75,351.2,11.95344456,3.6725,0.00157,0.027325,0.07525,N/A,N/A,N/A,N/A,N/A,N/A,2.68E-01,1.20E-04,2.06E-03,5.52E-03,N/A,N/A
1984,1,1984,19841,19,210.3,9.526533085,3.386,0.002032,0.0215,0.0694,N/A,N/A,N/A,N/A,N/A,N/A,4.48E-01,3.37E-04,3.13E-03,9.41E-03,N/A,N/A
1984,2,1984,19842,18.625,271.4,11.51877384,3.5625,0.001375,0.003675,0.06925,N/A,N/A,N/A,N/A,N/A,N/A,5.03E-01,2.87E-04,7.84E-04,9.69E-03,N/A,N/A
1984,3,1984,19843,18.75,60.8,5.678582751,4.3675,0.00047,0.007375,0.05225,N/A,N/A,N/A,N/A,N/A,N/A,4.61E-01,4.99E-05,7.67E-04,5.64E-03,N/A,N/A
1984,4,1984,19844,19.625,30.2,3.984481518,4.614,0.001134,0.004,0.0498,N/A,N/A,N/A,N/A,N/A,N/A,7.27E-01,1.88E-04,6.25E-04,7.93E-03,N/A,N/A
1984,5,1984,19845,20.25,353.6,13.38284247,3.053333333,0.00123,0.005233333,0.059333333,N/A,N/A,N/A,N/A,N/A,N/A,1.06E-01,4.43E-05,1.87E-04,8.23E-03,N/A,N/A
1984,6,1984,19846,21,271.5,9.966776497,2.7025,0.00208,0.008475,0.0575,N/A,N/A,N/A,N/A,N/A,N/A,2.51E-01,1.88E-04,8.31E-04,5.49E-03,N/A,N/A
1984,7,1984,19847,21.1,277.1,10.13117119,2.874,0.001293333,0.00495,0.0584,N/A,N/A,N/A,N/A,N/A,N/A,3.23E-01,7.52E-05,4.46E-04,6.68E-03,N/A,N/A
1984,8,1984,19848,20.25,259.5,10.1757528,3.1325,0.0012,0.0111,0.05175,N/A,1.08,N/A,N/A,N/A,N/A,2.81E-01,1.11E-04,1.08E-03,5.24E-03,N/A,1.60E-02
1984,9,1984,19849,20.125,291.6,9.952844744,3.76,0.001325,0.005725,0.05175,N/A,N/A,N/A,N/A,N/A,N/A,3.27E-01,1.54E-04,6.05E-04,4.40E-03,N/A,N/A
1984,10,1984,198410,21.2,366.2,13.67819565,3.4075,0.002432,0.00968,0.0616,N/A,0.9,N/A,N/A,N/A,N/A,3.47E-01,3.21E-04,1.17E-03,7.55E-03,N/A,3.36E-02
1984,11,1984,198411,20.75,604.7,25.69015357,2.6725,0.001826667,0.010075,0.0687,N/A,0.82,N/A,N/A,N/A,N/A,4.10E-01,1.57E-04,1.67E-03,1.29E-02,N/A,4.71E-02
1984,12,1984,198412,19.5,279.9,12.22372057,3.3075,0.0023,0.013933333,0.0645,N/A,N/A,N/A,N/A,N/A,N/A,4.04E-01,2.42E-04,1.52E-03,8.02E-03,N/A,N/A
1985,1,1985,19851,18.44,114.1,7.105194316,3.29,0.001364,0.0131,0.06724,N/A,1.48,N/A,N/A,N/A,N/A,4.71E-01,3.28E-04,2.34E-03,1.12E-02,N/A,1.48E-01
1985,2,1985,19852,18.125,279.6,8.952544838,3.535,0.00288,0.019825,0.07675,N/A,N/A,0.001049163,0.002136621,0.003185784,0.041946067,3.85E-01,3.62E-04,2.65E-03,8.66E-03,N/A,N/A
1985,3,1985,19853,18.75,388.9,14.12122541,3.8475,0.0024625,0.008575,0.0605,N/A,0.63,0.007077681,0.026768301,0.033845982,0.118306561,2.15E-01,1.40E-04,4.47E-04,3.38E-03,N/A,7.33E-03
1985,4,1985,19854,18.5,171.8,8.629328156,3.328,0.002568,0.00406,0.0348,N/A,0.87,0.004852667,0.01186658,0.016719246,0.063091973,9.15E-01,7.90E-04,1.48E-03,1.30E-02,N/A,1.10E-01
1985,5,1985,19855,20.125,462.3,17.796422,3.3475,0.00203,0.006475,0.059,N/A,N/A,0.002809012,0.003120302,0.005929313,0.063453264,6.00E-01,8.81E-04,7.80E-04,1.23E-02,N/A,N/A
1985,6,1985,19856,20.125,12.1,4.335561708,3.855,0.00057,0.00625,0.057,N/A,0.77,0.000623069,0.002356491,0.002979559,0.018958246,5.18E-01,6.00E-05,8.02E-04,7.76E-03,N/A,2.77E-02
1985,7,1985,19857,20.6,423.5,7.598378392,3.6525,0.001302,0.00842,0.0734,N/A,N/A,0.002951975,0.004036425,0.0069884,0.07830024,3.37E-01,1.88E-04,1.23E-03,9.47E-03,N/A,N/A
1985,8,1985,19858,20.75,324.6,7.450701804,2.9025,0.0021625,0.014,0.079,N/A,0.83,0.002806465,0.004327349,0.007133813,0.086988159,5.91E-01,9.84E-04,8.20E-03,2.54E-02,N/A,2.92E-02
1985,9,1985,19859,21,479.9,13.62246863,3.1975,0.00186,0.012433333,0.067,N/A,0.405,0.00419197,0.009475075,0.013667045,0.077629746,2.10E-01,1.05E-04,7.03E-04,4.53E-03,N/A,1.43E-02
1985,10,1985,198510,20.8,715.3,27.69632608,2.734,0.00129,0.01834,0.0576,N/A,0.43,0.002689451,0.001173657,0.003863108,0.021967596,2.50E-01,1.37E-04,1.80E-03,5.39E-03,N/A,2.57E-02
1985,11,1985,198511,20,534.7,20.81403982,3.063333333,0.00113,0.017025,0.0725,N/A,0.59,0.002799166,0.002035894,0.00483506,0.091936357,2.80E-01,1.50E-04,2.42E-03,1.06E-02,N/A,5.91E-02
1985,12,1985,198512,20,190.8,10.7692455,3.62,0.0010275,0.0276,0.0716,N/A,0.46,0.001658845,0.001399556,0.003058402,0.076519294,3.11E-01,1.28E-04,2.68E-03,1.05E-02,N/A,2.33E-02
1986,1,1986,19861,19.5,180.8,8.620969103,3.94,0.0004375,0.02315,0.07675,N/A,N/A,0.001887981,0.004723703,0.006611684,0.075563596,1.01E-01,4.96E-05,2.30E-03,7.71E-03,N/A,N/A
1986,2,1986,19862,18.75,130.8,6.213562088,3.786666667,0.0009425,0.016,0.073,N/A,0.62,0.000975088,0.005106259,0.006081347,0.026947819,2.84E-01,4.77E-04,4.66E-03,1.75E-02,N/A,1.11E-01
1986,3,1986,19863,19,196.2,6.648232799,3.3,0.00086,0.020475,0.079,N/A,0.7725,0.00168641,0.002894687,0.004581097,0.079240763,3.30E-01,6.51E-05,1.96E-03,7.94E-03,N/A,7.76E-02
1986,4,1986,19864,19.4,164.6,10.73580929,3.4,0.00097,0.02308,0.0784,N/A,0.834,0.001161673,0.001520838,0.002682511,0.030263692,6.49E-01,3.37E-04,5.40E-03,1.86E-02,N/A,1.32E-01
1986,5,1986,19865,20.25,560,14.22710674,3.02,0.0018325,0.02615,0.05975,N/A,0.566666667,0.004200845,0.013076964,0.017277809,0.094450372,3.17E-01,2.91E-04,3.23E-03,7.21E-03,N/A,4.09E-02
1986,6,1986,19866,20.625,170.5,7.336461425,3.5525,0.00094,0.0179,0.06025,N/A,0.78,0.001420004,0.007394845,0.008814849,0.067333376,4.87E-01,1.49E-04,2.68E-03,8.35E-03,N/A,9.17E-02
1986,7,1986,19867,20.3,284.2,10.13674389,3.912,0.000984,0.0179,0.0698,N/A,0.9125,0.00121292,0.001199769,0.002412689,0.05709678,1.25E+00,2.41E-04,5.14E-03,2.18E-02,N/A,7.62E-02
1986,8,1986,19868,21,499.5,13.43299678,3.34,0.0010775,0.027375,0.063625,N/A,0.5875,0.005037489,0.013776168,0.018813657,0.111961824,1.91E-01,6.74E-05,1.57E-03,4.04E-03,N/A,3.44E-02
1986,9,1986,19869,20.875,168.8,5.873627301,3.8125,0.00067,0.013933333,0.043375,N/A,0.345,0.000927956,0.004184521,0.005112478,0.031674766,4.49E-01,8.76E-05,1.33E-03,5.89E-03,N/A,1.87E-02
1986,10,1986,198610,21.2,403.1,10.99215356,3.026,0.001618,0.02576,0.0645,N/A,0.69,0.003310858,0.019264467,0.022575325,0.078567862,4.02E-01,3.51E-04,3.23E-03,1.08E-02,N/A,3.68E-02
1986,11,1986,198611,20.75,553.3,17.35060588,2.3775,0.0022525,0.0199,0.0545,N/A,N/A,0.003075821,0.009932773,0.013008595,0.075502704,3.64E-01,4.46E-04,1.85E-03,6.51E-03,N/A,N/A
1986,12,1986,198612,19.6,249.2,7.425624648,2.622,0.000828,0.01824,0.0808,N/A,0.47,0.001623687,0.004645041,0.006268728,0.04891954,3.06E-01,1.07E-04,1.91E-03,9.20E-03,N/A,8.11E-03
1987,1,1987,19871,18.75,126.1,6.664950903,3.4225,0.000396667,0.0254,0.08825,N/A,1.593333333,0.006282439,0.010800289,0.017082727,0.059712387,4.23E-01,4.19E-05,3.25E-03,1.05E-02,N/A,1.77E-01
1987,2,1987,19872,18.75,147.8,6.740182373,3.34,0.0012325,0.018,0.0735,N/A,0.535,0.007419521,0.0122972,0.019716721,0.053450572,3.37E-01,1.20E-04,1.87E-03,7.45E-03,N/A,2.72E-02
1987,3,1987,19873,19,263.5,7.400547492,2.96,0.001566,0.01162,0.07475,N/A,N/A,0.004328054,0.008394365,0.012722419,0.035351803,5.05E-01,1.52E-03,6.05E-03,5.36E-03,N/A,N/A
1987,4,1987,19874,19.75,370,10.20361631,2.675,0.00152,0.0153,0.081,N/A,N/A,0.025734638,0.043862897,0.069597535,0.12303693,2.78E-01,2.83E-04,1.69E-03,1.04E-02,N/A,N/A
1987,5,1987,19875,20.25,518.3,17.67660892,2.465,0.0030875,0.0834,0.0935,N/A,N/A,0.009484444,0.030220862,0.039705306,0.115524694,3.77E-01,5.78E-04,1.38E-02,1.68E-02,N/A,N/A
1987,6,1987,19876,20.6,480.6,17.12769783,2.674,0.001582,0.1036,0.1036,N/A,N/A,0.00512259,0.017088866,0.022211456,0.091170689,3.07E-01,2.05E-04,1.22E-02,1.33E-02,N/A,N/A
1987,7,1987,19877,21,211.9,9.108580478,3.195,0.00115,0.0585,0.0775,N/A,N/A,0.004047291,0.016222959,0.02027025,0.106231892,4.27E-01,1.22E-04,7.97E-03,1.03E-02,N/A,N/A
1987,8,1987,19878,21,277.3,7.311384269,3.29,N/A,0.02625,0.059875,N/A,0.59,0.001567921,0.017014512,0.018582433,0.06248406,4.80E-01,N/A,3.98E-03,9.64E-03,N/A,2.25E-02
1987,9,1987,19879,21.2,260.5,8.183512042,3.363333333,N/A,0.028,0.1086,N/A,N/A,0.001755283,0.013379344,0.015134627,0.058480905,4.56E-01,N/A,6.76E-03,3.43E-02,N/A,N/A
1987,10,1987,198710,21,255.7,8.492796971,3.49,N/A,0.019,0.081,N/A,N/A,0.002268062,0.005542691,0.007810753,0.03812387,1.35E-01,N/A,7.19E-04,3.13E-03,N/A,N/A
1987,11,1987,198711,21.10733941,750.6,19.19795641,N/A,N/A,N/A,N/A,N/A,N/A,0.003599316,0.00785358,0.011452896,0.076438507,N/A,N/A,N/A,N/A,N/A,N/A
1987,12,1987,198712,20.81989458,882.7,27.02760191,N/A,N/A,N/A,N/A,N/A,N/A,N/A,N/A,N/A,N/A,N/A,N/A,N/A,N/A,N/A,N/A
1988,1,1988,19881,19.28918535,328.3,15.52554617,N/A,N/A,N/A,N/A,N/A,N/A,N/A,N/A,N/A,N/A,N/A,N/A,N/A,N/A,N/A,N/A
1988,2,1988,19882,19.68307002,366.5,14.70078636,N/A,N/A,N/A,N/A,N/A,N/A,N/A,N/A,N/A,N/A,N/A,N/A,N/A,N/A,N/A,N/A
1988,3,1988,19883,20.05978212,247.8,11.12311204,N/A,N/A,N/A,N/A,N/A,N/A,1.51E-06,6.79E-06,8.30E-06,6.82E-05,N/A,N/A,N/A,N/A,N/A,N/A
1988,4,1988,19884,21.06400426,210.6,7.088476212,N/A,N/A,N/A,N/A,N/A,N/A,3.28E-06,1.09E-05,1.42E-05,4.70E-05,N/A,N/A,N/A,N/A,N/A,N/A
1988,5,1988,19885,21.52234334,216.2,10.00021271,N/A,N/A,N/A,N/A,N/A,N/A,1.57E-06,8.45E-06,1.00E-05,4.35E-05,N/A,N/A,N/A,N/A,N/A,N/A
1988,6,1988,19886,22.00654371,184,7.916022373,N/A,N/A,N/A,N/A,N/A,N/A,9.74E-07,4.53E-07,1.43E-06,2.47E-05,N/A,N/A,N/A,N/A,N/A,N/A
1988,7,1988,19887,21.87356771,442.8,8.793722848,N/A,N/A,N/A,N/A,N/A,N/A,2.45E-06,1.64E-06,4.09E-06,8.57E-05,N/A,N/A,N/A,N/A,N/A,N/A
1988,8,1988,19888,21.68485014,585.9,15.15217517,N/A,N/A,N/A,N/A,N/A,N/A,3.52E-06,1.35E-05,1.70E-05,8.37E-05,N/A,N/A,N/A,N/A,N/A,N/A
1988,9,1988,19889,21.60027671,344,13.27696114,N/A,N/A,N/A,N/A,N/A,N/A,3.78E-06,4.27E-06,8.04E-06,6.24E-05,N/A,N/A,N/A,N/A,N/A,N/A
1988,10,1988,198810,21.39653162,280.7,14.76208607,N/A,N/A,N/A,N/A,N/A,N/A,1.96E-06,7.08E-06,9.03E-06,3.66E-05,N/A,N/A,N/A,N/A,N/A,N/A
1988,11,1988,198811,20.67940483,318.3,15.0602256,N/A,N/A,N/A,N/A,N/A,N/A,1.78E-06,3.31E-06,5.09E-06,4.03E-05,N/A,N/A,N/A,N/A,N/A,N/A
1988,12,1988,198812,19.7137999,282.9,10.53240569,N/A,N/A,N/A,N/A,N/A,N/A,1.58E-06,5.60E-06,7.18E-06,5.03E-05,N/A,N/A,N/A,N/A,N/A,N/A
1989,1,1989,19891,19.43072353,242.5,12.13455735,N/A,N/A,N/A,N/A,N/A,N/A,1.32E-06,8.92E-06,1.02E-05,4.93E-05,N/A,N/A,N/A,N/A,N/A,N/A
1989,2,1989,19892,19.53837493,406.1,14.45001479,N/A,N/A,N/A,N/A,N/A,N/A,4.92E-06,1.33E-05,1.82E-05,8.26E-05,N/A,N/A,N/A,N/A,N/A,N/A
1989,3,1989,19893,19.58798818,278.1,10.03364891,N/A,N/A,N/A,N/A,N/A,N/A,5.82E-06,2.05E-05,2.63E-05,9.20E-05,N/A,N/A,N/A,N/A,N/A,N/A
1989,4,1989,19894,20.28397161,260.4,13.26581574,N/A,N/A,N/A,N/A,N/A,N/A,1.53E-06,4.59E-06,6.12E-06,4.92E-05,N/A,N/A,N/A,N/A,N/A,N/A
1989,5,1989,19895,20.93522199,264.8,10.03086256,N/A,N/A,N/A,N/A,N/A,N/A,7.97E-06,1.12E-05,1.91E-05,3.62E-05,N/A,N/A,N/A,N/A,N/A,N/A
1989,6,1989,19896,21.43727746,251.7,10.28720683,N/A,N/A,N/A,N/A,N/A,N/A,1.18E-05,1.51E-05,2.69E-05,4.69E-05,N/A,N/A,N/A,N/A,N/A,N/A
1989,7,1989,19897,21.75824031,450.3,12.41040607,N/A,N/A,N/A,N/A,N/A,N/A,2.21E-05,1.99E-05,4.20E-05,8.80E-05,N/A,N/A,N/A,N/A,N/A,N/A
1989,8,1989,19898,21.86850632,412.3,14.05992569,N/A,N/A,N/A,N/A,N/A,N/A,7.87E-06,1.51E-05,2.29E-05,5.31E-05,N/A,N/A,N/A,N/A,N/A,N/A
1989,9,1989,19899,21.91084526,346.7,31.42724968,N/A,N/A,N/A,N/A,N/A,N/A,5.04E-06,8.24E-06,1.33E-05,2.91E-05,N/A,N/A,N/A,N/A,N/A,N/A
1989,10,1989,198910,21.19826583,79.5,12.27387489,N/A,N/A,N/A,N/A,N/A,N/A,N/A,N/A,N/A,N/A,N/A,N/A,N/A,N/A,N/A,N/A
1989,11,1989,198911,20.72273998,167.5,9.894331379,N/A,N/A,N/A,N/A,N/A,N/A,N/A,N/A,N/A,N/A,N/A,N/A,N/A,N/A,N/A,N/A
1989,12,1989,198912,19.56701956,70.6,4.307698201,N/A,N/A,N/A,N/A,N/A,N/A,N/A,N/A,N/A,N/A,N/A,N/A,N/A,N/A,N/A,N/A
1990,1,1990,19901,19.68234697,194.37,8.272675264,N/A,N/A,N/A,N/A,N/A,N/A,N/A,N/A,N/A,N/A,N/A,N/A,N/A,N/A,N/A,N/A
1990,2,1990,19902,19.34104524,250.52,8.448215359,N/A,N/A,N/A,N/A,N/A,N/A,N/A,N/A,N/A,N/A,N/A,N/A,N/A,N/A,N/A,N/A
1990,3,1990,19903,19.43072353,452.89,20.99793897,N/A,N/A,N/A,N/A,N/A,N/A,N/A,N/A,N/A,N/A,N/A,N/A,N/A,N/A,N/A,N/A
1990,4,1990,19904,20.15938306,217.8,15.19118408,N/A,N/A,N/A,N/A,N/A,N/A,N/A,N/A,N/A,N/A,N/A,N/A,N/A,N/A,N/A,N/A
1990,5,1990,19905,21.27596206,281.36,11.60515072,N/A,N/A,N/A,N/A,N/A,N/A,N/A,N/A,N/A,N/A,N/A,N/A,N/A,N/A,N/A,N/A
1990,6,1990,19906,21.73569904,328.24,12.59430522,N/A,N/A,N/A,N/A,N/A,N/A,N/A,N/A,N/A,N/A,N/A,N/A,N/A,N/A,N/A,N/A
1990,7,1990,19907,21.65339721,304.48,10.52683299,N/A,N/A,N/A,N/A,N/A,N/A,N/A,N/A,N/A,N/A,N/A,N/A,N/A,N/A,N/A,N/A
1990,8,1990,19908,21.80017755,375.46,11.46026048,N/A,N/A,N/A,N/A,N/A,N/A,N/A,N/A,N/A,N/A,N/A,N/A,N/A,N/A,N/A,N/A
1990,9,1990,19909,21.85487069,237.2,9.342633938,N/A,N/A,N/A,N/A,N/A,N/A,N/A,N/A,N/A,N/A,N/A,N/A,N/A,N/A,N/A,N/A
1990,10,1990,199010,21.38604731,567.85,18.7744311,N/A,N/A,N/A,N/A,N/A,N/A,N/A,N/A,N/A,N/A,N/A,N/A,N/A,N/A,N/A,N/A
1990,11,1990,199011,20.9448326,183.83,9.178239246,N/A,N/A,N/A,N/A,N/A,N/A,N/A,N/A,N/A,N/A,N/A,N/A,N/A,N/A,N/A,N/A
1990,12,1990,199012,19.64040973,412.74,14.18531148,N/A,N/A,N/A,N/A,N/A,N/A,N/A,N/A,N/A,N/A,N/A,N/A,N/A,N/A,N/A,N/A
1991,1,1991,19911,19.77670575,198.11,9.621269009,N/A,N/A,N/A,N/A,N/A,N/A,N/A,N/A,N/A,N/A,N/A,N/A,N/A,N/A,N/A,N/A
1991,2,1991,19912,19.91562286,252.77,12.09833479,N/A,N/A,N/A,N/A,N/A,N/A,N/A,N/A,N/A,N/A,N/A,N/A,N/A,N/A,N/A,N/A
1991,3,1991,19913,19.95493902,165.31,8.790936497,N/A,N/A,N/A,N/A,N/A,N/A,N/A,N/A,N/A,N/A,N/A,N/A,N/A,N/A,N/A,N/A
1991,4,1991,19914,20.36522501,207.09,8.495583321,N/A,N/A,N/A,N/A,N/A,N/A,N/A,N/A,N/A,N/A,N/A,N/A,N/A,N/A,N/A,N/A
1991,5,1991,19915,21.01909647,236.36,9.454087966,N/A,N/A,N/A,N/A,N/A,N/A,1.77E-08,3.96E-07,4.13E-07,1.53E-06,N/A,N/A,N/A,N/A,N/A,N/A
1991,6,1991,19916,21.18859281,152.63,8.13893043,N/A,N/A,N/A,N/A,N/A,N/A,8.82E-07,1.24E-05,1.33E-05,3.29E-05,N/A,N/A,N/A,N/A,N/A,N/A
1991,7,1991,19917,21.66912367,172.05,6.352879624,N/A,N/A,N/A,N/A,N/A,N/A,7.72E-07,7.05E-06,7.83E-06,3.33E-05,N/A,N/A,N/A,N/A,N/A,N/A
1991,8,1991,19918,21.41750024,213.82,6.589719434,N/A,N/A,N/A,N/A,N/A,N/A,3.03E-06,1.00E-05,1.30E-05,2.74E-05,N/A,N/A,N/A,N/A,N/A,N/A
1991,9,1991,19919,21.08567183,207.66,9.005485502,N/A,N/A,N/A,N/A,N/A,N/A,4.59E-06,1.21E-05,1.67E-05,4.48E-05,N/A,N/A,N/A,N/A,N/A,N/A
1991,10,1991,199110,20.49488098,91.02,8.278247966,N/A,N/A,N/A,N/A,N/A,N/A,5.48E-07,3.64E-06,4.19E-06,1.03E-05,N/A,N/A,N/A,N/A,N/A,N/A
1991,11,1991,199111,20.25147025,539.42,18.75771299,N/A,N/A,N/A,N/A,N/A,N/A,1.12E-06,5.97E-06,7.09E-06,4.17E-05,N/A,N/A,N/A,N/A,N/A,N/A
1991,12,1991,199112,18.07824757,211.48,9.320343132,N/A,N/A,N/A,N/A,N/A,N/A,8.82E-07,5.67E-06,6.55E-06,3.94E-05,N/A,N/A,N/A,N/A,N/A,N/A
1992,1,1992,19921,19.6089568,210.52,14.59211868,N/A,N/A,N/A,N/A,N/A,N/A,6.02E-06,1.47E-05,2.07E-05,5.53E-05,N/A,N/A,N/A,N/A,N/A,N/A
1992,2,1992,19922,19.98006521,106.61,4.775805121,N/A,N/A,N/A,N/A,N/A,N/A,1.05E-06,3.04E-06,4.09E-06,2.21E-05,N/A,N/A,N/A,N/A,N/A,N/A
1992,3,1992,19923,20.21704677,101.85,8.074844364,N/A,N/A,N/A,N/A,N/A,N/A,2.71E-06,5.52E-06,8.23E-06,2.04E-05,N/A,N/A,N/A,N/A,N/A,N/A
1992,4,1992,19924,20.93941571,125.75,8.924681331,N/A,N/A,N/A,N/A,N/A,N/A,6.60E-06,1.18E-05,1.84E-05,4.64E-05,N/A,N/A,N/A,N/A,N/A,N/A
1992,5,1992,19925,21.09248663,477.29,21.03416153,N/A,N/A,N/A,N/A,N/A,N/A,1.06E-05,2.99E-05,4.06E-05,0.000105315,N/A,N/A,N/A,N/A,N/A,N/A
1992,6,1992,19926,21.81153555,194.06,12.8952311,N/A,N/A,N/A,N/A,N/A,N/A,4.35E-06,1.21E-05,1.64E-05,4.03E-05,N/A,N/A,N/A,N/A,N/A,N/A
1992,7,1992,19927,21.84735694,272.42,8.386915644,N/A,N/A,N/A,N/A,N/A,N/A,5.48E-06,1.68E-05,2.23E-05,5.35E-05,N/A,N/A,N/A,N/A,N/A,N/A
1992,8,1992,19928,21.75824031,250.25,9.314770431,N/A,N/A,N/A,N/A,N/A,N/A,4.78E-06,1.17E-05,1.64E-05,4.54E-05,N/A,N/A,N/A,N/A,N/A,N/A
1992,9,1992,19929,21.69778079,382.25,8.462147113,N/A,N/A,N/A,N/A,N/A,N/A,2.76E-06,1.11E-05,1.39E-05,3.77E-05,N/A,N/A,N/A,N/A,N/A,N/A
1992,10,1992,199210,21.69009229,54.28,4.132158106,N/A,N/A,N/A,N/A,N/A,N/A,1.31E-06,6.85E-06,8.16E-06,1.80E-05,N/A,N/A,N/A,N/A,N/A,N/A
1992,11,1992,199211,20.79857648,466.03,18.3899147,N/A,N/A,N/A,N/A,N/A,N/A,4.34E-06,1.83E-05,2.27E-05,9.00E-05,N/A,N/A,N/A,N/A,N/A,N/A
1992,12,1992,199212,19.96018118,361.11,17.67382257,N/A,N/A,N/A,N/A,N/A,N/A,3.36E-06,1.36E-05,1.70E-05,6.47E-05,N/A,N/A,N/A,N/A,N/A,N/A
1993,1,1993,19931,19.71904205,317.08,16.13297062,N/A,N/A,N/A,N/A,N/A,N/A,3.39E-06,1.08E-05,1.42E-05,8.74E-05,N/A,N/A,N/A,N/A,N/A,N/A
1993,2,1993,19932,19.53837493,112.14,9.657491568,N/A,N/A,N/A,N/A,N/A,N/A,5.42E-06,8.70E-06,1.41E-05,3.72E-05,N/A,N/A,N/A,N/A,N/A,N/A
1993,3,1993,19933,19.92348609,99.6,8.09992152,N/A,N/A,N/A,N/A,N/A,N/A,3.09E-06,5.15E-06,8.24E-06,2.96E-05,N/A,N/A,N/A,N/A,N/A,N/A
1993,4,1993,19934,20.83649474,195.01,7.573301236,N/A,N/A,N/A,N/A,N/A,N/A,1.66E-05,3.23E-05,4.89E-05,7.10E-05,N/A,N/A,N/A,N/A,N/A,N/A
1993,5,1993,19935,21.4804061,313.01,13.31597005,N/A,N/A,N/A,N/A,N/A,N/A,5.05E-06,1.53E-05,2.04E-05,4.29E-05,N/A,N/A,N/A,N/A,N/A,N/A
1993,6,1993,19936,21.86570448,217.52,6.517274316,N/A,N/A,N/A,N/A,N/A,N/A,4.31E-06,8.00E-06,1.23E-05,2.79E-05,N/A,N/A,N/A,N/A,N/A,N/A
1993,7,1993,19937,21.51185903,388.01,9.621269009,N/A,N/A,N/A,N/A,N/A,N/A,9.00E-06,1.93E-05,2.83E-05,5.99E-05,N/A,N/A,N/A,N/A,N/A,N/A
1993,8,1993,19938,21.93647357,102.43,5.104594505,N/A,N/A,N/A,N/A,N/A,N/A,8.88E-07,4.07E-06,4.96E-06,1.34E-05,N/A,N/A,N/A,N/A,N/A,N/A
1993,9,1993,19939,21.68153011,318.4,9.487524175,N/A,N/A,N/A,N/A,N/A,N/A,2.99E-06,1.48E-05,1.78E-05,2.96E-05,N/A,N/A,N/A,N/A,N/A,N/A
1993,10,1993,199310,21.55903842,122.61,7.261229956,N/A,N/A,N/A,N/A,N/A,N/A,1.32E-06,5.66E-06,6.98E-06,1.59E-05,N/A,N/A,N/A,N/A,N/A,N/A
1993,11,1993,199311,21.00441843,270.77,9.562755644,N/A,N/A,N/A,N/A,N/A,N/A,2.16E-06,6.07E-06,8.24E-06,5.00E-05,N/A,N/A,N/A,N/A,N/A,N/A
1993,12,1993,199312,20.23277323,155.31,6.196843984,N/A,N/A,N/A,N/A,N/A,N/A,3.00E-06,7.68E-06,1.07E-05,4.25E-05,N/A,N/A,N/A,N/A,N/A,N/A
1994,1,1994,19941,19.78194791,186,5.739882467,N/A,N/A,N/A,N/A,N/A,N/A,1.64E-06,5.07E-06,6.71E-06,3.44E-05,N/A,N/A,N/A,N/A,N/A,N/A
1994,2,1994,19942,19.75311606,168.26,9.275761521,N/A,N/A,N/A,N/A,N/A,N/A,5.90E-06,8.59E-06,1.45E-05,3.54E-05,N/A,N/A,N/A,N/A,N/A,N/A
1994,3,1994,19943,20.08599289,50.04,4.870541045,N/A,N/A,N/A,N/A,N/A,N/A,3.61E-06,3.82E-06,7.42E-06,1.76E-05,N/A,N/A,N/A,N/A,N/A,N/A
1994,4,1994,19944,20.619819,184.04,6.093749007,N/A,N/A,N/A,N/A,N/A,N/A,6.75E-06,1.04E-05,1.72E-05,4.52E-05,N/A,N/A,N/A,N/A,N/A,N/A
1994,5,1994,19945,21.56428057,110.51,5.90984986,N/A,N/A,N/A,N/A,N/A,N/A,5.43E-06,7.62E-06,1.31E-05,2.30E-05,N/A,N/A,N/A,N/A,N/A,N/A
1994,6,1994,19946,21.77361729,154.38,6.826559245,N/A,N/A,N/A,N/A,N/A,N/A,5.28E-06,1.47E-05,2.00E-05,4.76E-05,N/A,N/A,N/A,N/A,N/A,N/A
1994,7,1994,19947,21.63767074,73.47,6.230280192,N/A,N/A,N/A,N/A,N/A,N/A,1.94E-06,4.86E-06,6.80E-06,3.15E-05,N/A,N/A,N/A,N/A,N/A,N/A
1994,8,1994,19948,21.92074711,19.54,5.684155453,N/A,N/A,N/A,N/A,N/A,N/A,5.00E-06,9.51E-06,1.45E-05,4.26E-05,N/A,N/A,N/A,N/A,N/A,N/A
1994,9,1994,19949,21.58944292,150.5,7.757200383,N/A,N/A,N/A,N/A,N/A,N/A,1.45E-06,9.71E-06,1.12E-05,3.27E-05,N/A,N/A,N/A,N/A,N/A,N/A
1994,10,1994,199410,21.55903842,87.79,N/A,N/A,N/A,N/A,N/A,N/A,N/A,2.08E-06,9.51E-06,1.16E-05,2.17E-05,N/A,N/A,N/A,N/A,N/A,N/A
1994,11,1994,199411,21.16150834,129.55,N/A,N/A,N/A,N/A,N/A,N/A,N/A,4.30E-06,9.11E-06,1.34E-05,3.12E-05,N/A,N/A,N/A,N/A,N/A,N/A
1994,12,1994,199412,20.35858495,90.44,N/A,N/A,N/A,N/A,N/A,N/A,N/A,5.60E-06,8.61E-06,1.42E-05,4.89E-05,N/A,N/A,N/A,N/A,N/A,N/A
1995,1,1995,19951,19.80291653,345.83,N/A,N/A,N/A,N/A,N/A,N/A,N/A,3.53E-06,1.41E-05,1.76E-05,6.35E-05,N/A,N/A,N/A,N/A,N/A,N/A
1995,2,1995,19952,20.17679451,417.32,N/A,N/A,N/A,N/A,N/A,N/A,N/A,7.03E-06,1.16E-05,1.86E-05,4.72E-05,N/A,N/A,N/A,N/A,N/A,N/A
1995,3,1995,19953,19.57750387,131.55,N/A,N/A,N/A,N/A,N/A,N/A,N/A,1.33E-06,4.67E-06,5.99E-06,2.37E-05,N/A,N/A,N/A,N/A,N/A,N/A
1995,4,1995,19954,20.69565551,136.87,N/A,N/A,N/A,N/A,N/A,N/A,N/A,2.61E-06,6.09E-06,8.71E-06,1.67E-05,N/A,N/A,N/A,N/A,N/A,N/A
1995,5,1995,19955,21.72154522,349,N/A,N/A,N/A,N/A,N/A,N/A,N/A,8.32E-06,1.86E-05,2.69E-05,2.92E-05,N/A,N/A,N/A,N/A,N/A,N/A
1995,6,1995,19956,6.021291302,221.97,N/A,N/A,N/A,N/A,N/A,N/A,N/A,7.49E-06,1.77E-05,2.52E-05,4.51E-05,N/A,N/A,N/A,N/A,N/A,N/A
1995,7,1995,19957,22.14615977,307.35,N/A,N/A,N/A,N/A,N/A,N/A,N/A,2.71E-06,8.73E-06,1.14E-05,3.81E-05,N/A,N/A,N/A,N/A,N/A,N/A
1995,8,1995,19958,22.15664408,377.36,N/A,N/A,N/A,N/A,N/A,N/A,N/A,7.89E-06,1.37E-05,2.16E-05,4.99E-05,N/A,N/A,N/A,N/A,N/A,N/A
1995,9,1995,19959,22.02821128,402.92,N/A,N/A,N/A,N/A,N/A,N/A,N/A,2.82E-05,1.23E-05,4.05E-05,6.99E-05,N/A,N/A,N/A,N/A,N/A,N/A
1995,10,1995,199510,21.54496737,245.3,N/A,N/A,N/A,N/A,N/A,N/A,N/A,6.10E-06,1.06E-05,1.67E-05,3.24E-05,N/A,N/A,N/A,N/A,N/A,N/A
1995,11,1995,199511,21.11817319,272.81,N/A,N/A,N/A,N/A,N/A,N/A,N/A,4.46E-06,6.40E-06,1.09E-05,3.84E-05,N/A,N/A,N/A,N/A,N/A,N/A
1995,12,1995,199512,20.56302899,324.1,N/A,N/A,N/A,N/A,N/A,N/A,N/A,3.66E-06,9.79E-06,1.35E-05,5.19E-05,N/A,N/A,N/A,N/A,N/A,N/A
1996,1,1996,19961,6.021291302,484.62,N/A,N/A,N/A,N/A,N/A,N/A,N/A,5.08E-06,1.21E-05,1.72E-05,7.23E-05,N/A,N/A,N/A,N/A,N/A,N/A
1996,2,1996,19962,19.94644312,147.06,N/A,N/A,N/A,N/A,N/A,N/A,N/A,8.77E-07,3.67E-06,4.55E-06,1.75E-05,N/A,N/A,N/A,N/A,N/A,N/A
1996,3,1996,19963,20.23277323,146.3,N/A,N/A,N/A,N/A,N/A,N/A,N/A,3.28E-06,6.47E-06,9.75E-06,4.39E-05,N/A,N/A,N/A,N/A,N/A,N/A
1996,4,1996,19964,20.76065823,345.43,N/A,N/A,N/A,N/A,N/A,N/A,N/A,1.38E-05,1.96E-05,3.35E-05,9.37E-05,N/A,N/A,N/A,N/A,N/A,N/A
1996,5,1996,19965,21.24450913,300.31,N/A,N/A,N/A,N/A,N/A,N/A,N/A,7.94E-06,2.04E-05,2.83E-05,8.35E-05,N/A,N/A,N/A,N/A,N/A,N/A
1996,6,1996,19966,21.58944292,332.15,N/A,N/A,N/A,N/A,N/A,N/A,N/A,4.63E-06,1.40E-05,1.86E-05,5.36E-05,N/A,N/A,N/A,N/A,N/A,N/A
1996,7,1996,19967,21.71106091,396.47,N/A,N/A,N/A,N/A,N/A,N/A,N/A,3.12E-06,1.53E-05,1.84E-05,7.00E-05,N/A,N/A,N/A,N/A,N/A,N/A
1996,8,1996,19968,21.76348246,397.3,N/A,N/A,N/A,N/A,N/A,N/A,N/A,7.59E-06,1.49E-05,2.25E-05,6.07E-05,N/A,N/A,N/A,N/A,N/A,N/A
1996,9,1996,19969,21.88737206,769.6,N/A,N/A,N/A,N/A,N/A,N/A,N/A,3.28E-06,1.34E-05,1.66E-05,4.40E-05,N/A,N/A,N/A,N/A,N/A,N/A
1996,10,1996,199610,21.60097566,172.45,N/A,N/A,N/A,N/A,N/A,N/A,N/A,2.94E-06,6.25E-06,9.19E-06,2.32E-05,N/A,N/A,N/A,N/A,N/A,N/A
1996,11,1996,199611,20.7877427,802.14,N/A,N/A,N/A,N/A,N/A,N/A,N/A,7.00E-06,2.43E-05,3.13E-05,8.06E-05,N/A,N/A,N/A,N/A,N/A,N/A
1996,12,1996,199612,19.45169215,282.42,N/A,N/A,N/A,N/A,N/A,N/A,N/A,6.07E-06,1.05E-05,1.65E-05,4.05E-05,N/A,N/A,N/A,N/A,N/A,N/A
1997,1,1997,19971,19.59847249,395.5,N/A,N/A,N/A,N/A,N/A,N/A,N/A,5.73E-06,1.94E-05,2.51E-05,0.000105617,N/A,N/A,N/A,N/A,N/A,N/A
1997,2,1997,19972,19.70088173,337.29,N/A,N/A,N/A,N/A,N/A,N/A,N/A,1.35E-06,9.45E-06,1.08E-05,5.88E-05,N/A,N/A,N/A,N/A,N/A,N/A
1997,3,1997,19973,19.81864299,146.11,N/A,N/A,N/A,N/A,N/A,N/A,N/A,3.50E-07,6.01E-06,6.36E-06,2.32E-05,N/A,N/A,N/A,N/A,N/A,N/A
1997,4,1997,19974,20.57648385,60.13,N/A,N/A,N/A,N/A,N/A,N/A,N/A,4.62E-06,7.76E-06,1.24E-05,2.59E-05,N/A,N/A,N/A,N/A,N/A,N/A
1997,5,1997,19975,21.55379627,295.66,N/A,N/A,N/A,N/A,N/A,N/A,N/A,3.58E-06,1.89E-05,2.25E-05,6.65E-05,N/A,N/A,N/A,N/A,N/A,N/A
1997,6,1997,19976,22.21238566,215.13,N/A,N/A,N/A,N/A,N/A,N/A,N/A,1.35E-06,4.20E-06,5.55E-06,2.79E-05,N/A,N/A,N/A,N/A,N/A,N/A
1997,7,1997,19977,22.17237054,314.93,N/A,N/A,N/A,N/A,N/A,N/A,N/A,1.23E-06,3.09E-06,4.32E-06,4.89E-05,N/A,N/A,N/A,N/A,N/A,N/A
1997,8,1997,19978,21.90502064,379.7,N/A,N/A,N/A,N/A,N/A,N/A,N/A,1.76E-06,8.33E-06,1.01E-05,5.53E-05,N/A,N/A,N/A,N/A,N/A,N/A
1997,9,1997,19979,22.07696332,382.52,N/A,N/A,N/A,N/A,N/A,N/A,N/A,7.12E-06,2.12E-05,2.83E-05,6.99E-05,N/A,N/A,N/A,N/A,N/A,N/A
1997,10,1997,199710,21.65339721,276.11,N/A,N/A,N/A,N/A,N/A,N/A,N/A,1.54E-06,6.77E-06,8.31E-06,1.45E-05,N/A,N/A,N/A,N/A,N/A,N/A
1997,11,1997,199711,21.28067999,398.33,N/A,N/A,N/A,N/A,N/A,N/A,N/A,4.65E-06,1.32E-05,1.78E-05,5.14E-05,N/A,N/A,N/A,N/A,N/A,N/A
1997,12,1997,199712,20.66787209,121.89,N/A,N/A,N/A,N/A,N/A,N/A,N/A,6.15E-07,3.40E-06,4.02E-06,1.54E-05,N/A,N/A,N/A,N/A,N/A,N/A
1998,1,1998,19981,20.23801539,319.55,N/A,N/A,N/A,N/A,N/A,N/A,N/A,1.73E-06,7.79E-06,9.52E-06,4.96E-05,N/A,N/A,N/A,N/A,N/A,N/A
1998,2,1998,19982,20.12456018,203.62,N/A,N/A,N/A,N/A,N/A,N/A,N/A,1.06E-05,4.35E-05,5.42E-05,0.000134029,N/A,N/A,N/A,N/A,N/A,N/A
1998,3,1998,19983,20.50536529,626.42,N/A,N/A,N/A,N/A,N/A,N/A,N/A,1.10E-05,2.37E-05,3.47E-05,5.64E-05,N/A,N/A,N/A,N/A,N/A,N/A
1998,4,1998,19984,20.90691435,351.04,N/A,N/A,N/A,N/A,N/A,N/A,N/A,7.94E-06,1.50E-05,2.29E-05,5.06E-05,N/A,N/A,N/A,N/A,N/A,N/A
1998,5,1998,19985,21.90502064,223.34,N/A,N/A,N/A,N/A,N/A,N/A,N/A,5.09E-06,1.69E-05,2.20E-05,4.75E-05,N/A,N/A,N/A,N/A,N/A,N/A
1998,6,1998,19986,22.35864178,259.52,N/A,N/A,N/A,N/A,N/A,N/A,N/A,1.48E-06,6.20E-06,7.68E-06,2.88E-05,N/A,N/A,N/A,N/A,N/A,N/A
1998,7,1998,19987,22.19858132,365.53,N/A,N/A,N/A,N/A,N/A,N/A,N/A,1.71E-06,7.62E-06,9.33E-06,6.18E-05,N/A,N/A,N/A,N/A,N/A,N/A
1998,8,1998,19988,22.36108812,638.78,N/A,N/A,N/A,N/A,N/A,N/A,N/A,4.79E-06,1.91E-05,2.39E-05,7.02E-05,N/A,N/A,N/A,N/A,N/A,N/A
1998,9,1998,19989,22.20696877,731.01,N/A,N/A,N/A,N/A,N/A,N/A,N/A,2.58E-06,1.94E-05,2.19E-05,7.80E-05,N/A,N/A,N/A,N/A,N/A,N/A
1998,10,1998,199810,21.81066186,314.81,N/A,N/A,N/A,N/A,N/A,N/A,N/A,4.96E-06,1.72E-05,2.21E-05,4.87E-05,N/A,N/A,N/A,N/A,N/A,N/A
1998,11,1998,199811,20.99358465,414.98,N/A,N/A,N/A,N/A,N/A,N/A,N/A,1.93E-06,6.90E-06,8.82E-06,4.57E-05,N/A,N/A,N/A,N/A,N/A,N/A
1998,12,1998,199812,20.65738778,845.06,N/A,N/A,N/A,N/A,N/A,N/A,N/A,4.53E-06,9.80E-06,1.43E-05,8.25E-05,N/A,N/A,N/A,N/A,N/A,N/A
1999,1,1999,19991,19.84485377,315.1,N/A,N/A,N/A,N/A,N/A,N/A,N/A,3.40E-06,8.35E-06,1.18E-05,6.71E-05,N/A,N/A,N/A,N/A,N/A,N/A
1999,2,1999,19992,18.96379731,74.58,N/A,N/A,N/A,N/A,N/A,N/A,N/A,1.20E-06,2.70E-06,3.90E-06,1.25E-05,N/A,N/A,N/A,N/A,N/A,N/A
1999,3,1999,19993,19.70855774,119.52,N/A,N/A,N/A,N/A,N/A,N/A,N/A,1.37E-06,4.17E-06,5.53E-06,1.44E-05,N/A,N/A,N/A,N/A,N/A,N/A
1999,4,1999,19994,20.56023317,133.59,N/A,N/A,N/A,N/A,N/A,N/A,N/A,2.04E-06,5.62E-06,7.65E-06,2.33E-05,N/A,N/A,N/A,N/A,N/A,N/A
1999,5,1999,19995,21.73202953,217.69,N/A,N/A,N/A,N/A,N/A,N/A,N/A,4.83E-06,1.12E-05,1.60E-05,3.17E-05,N/A,N/A,N/A,N/A,N/A,N/A
1999,6,1999,19996,21.83320312,351.27,N/A,N/A,N/A,N/A,N/A,N/A,N/A,1.26E-05,3.06E-05,4.31E-05,7.08E-05,N/A,N/A,N/A,N/A,N/A,N/A
1999,7,1999,19997,21.747756,381.54,N/A,N/A,N/A,N/A,N/A,N/A,N/A,4.41E-06,1.84E-05,2.28E-05,6.24E-05,N/A,N/A,N/A,N/A,N/A,N/A
1999,8,1999,19998,22.03083236,313.12,N/A,N/A,N/A,N/A,N/A,N/A,N/A,1.32E-06,1.34E-05,1.47E-05,2.89E-05,N/A,N/A,N/A,N/A,N/A,N/A
1999,9,1999,19999,21.96862546,301.5,N/A,N/A,N/A,N/A,N/A,N/A,N/A,N/A,N/A,N/A,N/A,N/A,N/A,N/A,N/A,N/A,N/A
1999,10,1999,199910,21.50661687,385.66,N/A,N/A,N/A,N/A,N/A,N/A,N/A,2.13E-06,1.03E-05,1.24E-05,5.94E-05,N/A,N/A,N/A,N/A,N/A,N/A
1999,11,1999,199911,20.87982988,596.29,N/A,N/A,N/A,N/A,N/A,N/A,N/A,2.33E-06,1.11E-05,1.34E-05,4.37E-05,N/A,N/A,N/A,N/A,N/A,N/A
1999,12,1999,199912,19.99687626,796.78,N/A,N/A,N/A,N/A,N/A,N/A,N/A,N/A,N/A,N/A,N/A,N/A,N/A,N/A,N/A,N/A,N/A
2000,1,2000,20001,20,230.86,N/A,2.42,0.0006,0.0025,0.341,0.00626,0.35,1.53E-06,1.13E-05,1.28E-05,6.77E-05,N/A,N/A,N/A,N/A,N/A,N/A
2000,2,2000,20002,19.9,217.16,N/A,2.998,0.001046,0.007944,0.1906,0.004874,0.416,1.98E-06,7.13E-06,9.11E-06,3.18E-05,N/A,N/A,N/A,N/A,N/A,N/A
2000,3,2000,20003,19.875,67.04,N/A,3.7,0.000435,0.00674,0.15425,0.00652,0.3825,N/A,N/A,N/A,N/A,N/A,N/A,N/A,N/A,N/A,N/A
2000,4,2000,20004,19.25,151.38,N/A,3.71,0.0007175,0.0055775,0.1705,0.006665,0.4125,1.50E-05,1.86E-05,3.36E-05,5.12E-05,N/A,N/A,N/A,N/A,N/A,N/A
2000,5,2000,20005,20.45,367.3,N/A,3.636,0.00136,0.009142,0.1775,0.005716,0.475,7.44E-06,2.27E-05,3.01E-05,5.94E-05,N/A,N/A,N/A,N/A,N/A,N/A
2000,6,2000,20006,21.93,183.9,N/A,3.805,0.0009,0.006465,0.1739775,0.0061925,0.395,8.90E-07,1.29E-07,1.02E-06,3.63E-05,N/A,N/A,N/A,N/A,N/A,N/A
2000,7,2000,20007,23,194.34,N/A,4.1675,0.0008025,0.0057575,0.1618025,0.004525,0.375,3.67E-06,1.04E-05,1.41E-05,3.40E-05,N/A,N/A,N/A,N/A,N/A,N/A
2000,8,2000,20008,22.375,520.96,N/A,3.49,0.001854,0.007236,0.152604,0.005288,0.43,3.07E-06,1.61E-05,1.92E-05,7.42E-05,N/A,N/A,N/A,N/A,N/A,N/A
2000,9,2000,20009,22.83333333,267.69,N/A,3.265,0.00165,0.007845,0.16125,0.006005,0.4375,4.34E-06,1.33E-05,1.76E-05,4.77E-05,N/A,N/A,N/A,N/A,N/A,N/A
2000,10,2000,200010,22.2,133.86,N/A,2.998,0.001264,0.006876,0.1838,0.0074,0.378,5.98E-07,4.47E-06,5.07E-06,8.95E-06,N/A,N/A,N/A,N/A,N/A,N/A
2000,11,2000,200011,21.5,278.85,N/A,2.9225,0.0016175,0.0108825,0.1395,0.00681,0.595,2.65E-06,1.19E-05,1.45E-05,4.40E-05,N/A,N/A,N/A,N/A,N/A,N/A
2000,12,2000,200012,19.25,215.35,N/A,3.17,0.00153,0.0145425,0.224,0.0134075,0.425,1.30E-06,9.98E-06,1.13E-05,5.28E-05,N/A,N/A,N/A,N/A,N/A,N/A
2001,1,2001,20011,18.2,168.93,N/A,3.442,0.000752,0.011016,0.1712,0.007082,0.372,1.72E-06,7.39E-06,9.11E-06,2.82E-05,N/A,N/A,N/A,N/A,N/A,N/A
2001,2,2001,20012,18,240.57,N/A,3.48,0.00125,0.01875,0.17,0.0131625,0.4625,1.06E-06,7.48E-06,8.54E-06,4.58E-05,N/A,N/A,N/A,N/A,N/A,N/A
2001,3,2001,20013,18.75,126.23,N/A,4.115,0.0004725,0.007415,0.144,0.00406,0.3325,3.87E-06,8.17E-06,1.20E-05,2.40E-05,N/A,N/A,N/A,N/A,N/A,N/A
2001,4,2001,20014,19.5,267.45,N/A,3.775,0.001095,0.0058975,0.14125,0.00515,0.4175,3.69E-06,1.37E-05,1.74E-05,4.24E-05,N/A,N/A,N/A,N/A,N/A,N/A
2001,5,2001,20015,19.4,214.37,N/A,3.652,0.001046,0.004918,0.1398,0.002,0.426,8.56E-06,1.03E-05,1.89E-05,2.41E-05,N/A,N/A,N/A,N/A,N/A,N/A
2001,6,2001,20016,19.66666667,125.96,N/A,3.995,0.0010025,0.0046575,0.13675,0.00514,0.3575,2.62E-06,1.01E-05,1.28E-05,3.15E-05,N/A,N/A,N/A,N/A,N/A,N/A
2001,7,2001,20017,21.96268435,282.93,N/A,4.134,0.001576,0.0025,0.139,0.005556,0.38,4.13E-06,8.82E-06,1.30E-05,4.55E-05,N/A,N/A,N/A,N/A,N/A,N/A
2001,8,2001,20018,22.21430778,435.1,N/A,3.44,0.00157,0.00666,0.1318,0.0050475,0.444,5.83E-06,1.29E-05,1.88E-05,4.48E-05,N/A,N/A,N/A,N/A,N/A,N/A
2001,9,2001,20019,22.33333333,153.93,N/A,3.806666667,0.000916667,0.00779,0.141,0.006246667,0.393333333,3.21E-06,9.64E-06,1.29E-05,3.13E-05,N/A,N/A,N/A,N/A,N/A,N/A
2001,10,2001,200110,22.14,328.96,N/A,3.5,0.001624,0.008306,0.1364,0.002686,0.458,3.72E-06,1.57E-05,1.94E-05,4.97E-05,N/A,N/A,N/A,N/A,N/A,N/A
2001,11,2001,200111,21.05,501.12,N/A,3.316,0.001884,0.010112,0.1474,0.005128,0.412,3.08E-06,1.69E-05,1.99E-05,8.09E-05,N/A,N/A,N/A,N/A,N/A,N/A
2001,12,2001,200112,20.775,556.5,N/A,2.916666667,0.002211667,0.007058333,0.137166667,0.002933333,0.448333333,N/A,N/A,N/A,N/A,N/A,N/A,N/A,N/A,N/A,N/A
2002,1,2002,20021,20.44,309.86,N/A,3.033333333,0.001573333,0.00801,0.160916667,0.00487,0.438333333,N/A,N/A,N/A,N/A,N/A,N/A,N/A,N/A,N/A,N/A
2002,2,2002,20022,19.9,107.19,N/A,3.9725,0.0006125,0.0056325,0.1575,0.0025,0.3925,6.55E-06,8.00E-06,1.45E-05,4.08E-05,N/A,N/A,N/A,N/A,N/A,N/A
2002,3,2002,20023,20.2,151.62,N/A,4.19,0.0007475,0.0046725,0.14775,0.003285,0.38,N/A,N/A,N/A,N/A,N/A,N/A,N/A,N/A,N/A,N/A
2002,4,2002,20024,20.32,521.5,N/A,2.74,0.001724,0.004576,0.129375,0.003276,0.47,N/A,N/A,N/A,N/A,N/A,N/A,N/A,N/A,N/A,N/A
2002,5,2002,20025,20.775,367.25,N/A,3.1725,0.0016125,0.0055475,0.124125,0.0025,0.535,N/A,N/A,N/A,N/A,N/A,N/A,N/A,N/A,N/A,N/A
2002,6,2002,20026,21.375,250.96,N/A,3.66,0.0017725,0.00674,0.1175,0.0053075,0.4675,N/A,N/A,N/A,N/A,N/A,N/A,N/A,N/A,N/A,N/A
2002,7,2002,20027,21.72,160.26,N/A,3.592,0.001132,0.00823,0.1284,0.002502,0.504,N/A,N/A,N/A,N/A,N/A,N/A,N/A,N/A,N/A,N/A
2002,8,2002,20028,22.43333333,263.65,N/A,4.023333333,0.001286667,0.007023333,0.155806667,0.00687,0.493333333,N/A,N/A,N/A,N/A,N/A,N/A,N/A,N/A,N/A,N/A
2002,9,2002,20029,22.325,364.97,N/A,3.325,0.001545,0.007045,0.13625,0.01342,0.41,4.81E-06,1.33E-05,1.81E-05,4.04E-05,N/A,N/A,N/A,N/A,N/A,N/A
2002,10,2002,200210,22.24,267.46,N/A,3.588,0.001326,0.008636,0.1347,0.009384,0.4,4.55E-06,1.13E-05,1.58E-05,3.97E-05,N/A,N/A,N/A,N/A,N/A,N/A
2002,11,2002,200211,21.5,154.66,N/A,3.5275,0.0018925,0.0131175,0.13125,0.0098425,0.4175,1.22E-06,5.34E-06,6.57E-06,2.18E-05,N/A,N/A,N/A,N/A,N/A,N/A
2002,12,2002,200212,20.62,206.45,N/A,3.896,0.001482,0.014804,0.1434,0.00764,0.416,2.60E-06,5.39E-06,7.98E-06,2.99E-05,N/A,N/A,N/A,N/A,N/A,N/A
2003,1,2003,20031,20.15,233.7,N/A,3.313333333,0.000745,0.0107575,0.142625,0.009935,0.375,4.56E-06,7.21E-06,1.18E-05,3.50E-05,N/A,N/A,N/A,N/A,N/A,N/A
2003,2,2003,20032,19.8,168.43,N/A,2.92,0.00272,0.017713333,0.102333333,0.007653333,0.36,3.05E-06,6.70E-06,9.75E-06,4.66E-05,N/A,N/A,N/A,N/A,N/A,N/A
2003,3,2003,20033,20.3,67.04,N/A,4.31,0.0005775,0.0092175,0.127625,0.014575,0.345,4.41E-06,6.03E-06,1.04E-05,1.89E-05,N/A,N/A,N/A,N/A,N/A,N/A
2003,4,2003,20034,20.5,785.37,N/A,3.535,0.0011675,0.009603333,0.12475,0.011135,0.42,1.57E-05,3.04E-05,4.61E-05,0.0001181,N/A,N/A,N/A,N/A,N/A,N/A
2003,5,2003,20035,21.375,150.88,N/A,3.1225,0.0006675,0.00764,0.1285,0.0111675,0.435,6.69E-06,1.43E-05,2.10E-05,4.47E-05,N/A,N/A,N/A,N/A,N/A,N/A
2003,6,2003,20036,21.55,250.21,N/A,3.325,0.00216,0.006125,0.1146325,0.00585,0.5,8.73E-06,1.48E-05,2.35E-05,5.19E-05,N/A,N/A,N/A,N/A,N/A,N/A
2003,7,2003,20037,21.58,312.44,N/A,3.518,0.001262,0.00738,0.1192,0.002,0.518,5.74E-06,1.45E-05,2.02E-05,0.000100827,N/A,N/A,N/A,N/A,N/A,N/A
2003,8,2003,20038,22.15,517.16,N/A,3.485,0.00131,0.0098925,0.1142875,0.002,0.4575,9.59E-06,1.83E-05,2.79E-05,7.74E-05,N/A,N/A,N/A,N/A,N/A,N/A
2003,9,2003,20039,22.14,227.34,N/A,2.662,0.002258,0.024496,0.107,0.002,0.462,3.66E-06,1.16E-05,1.52E-05,2.69E-05,N/A,N/A,N/A,N/A,N/A,N/A
2003,10,2003,200310,22.45,162.01,N/A,4.2125,0.0007175,0.00817,0.141,0.002,0.415,8.14E-07,5.37E-06,6.18E-06,1.55E-05,N/A,N/A,N/A,N/A,N/A,N/A
2003,11,2003,200311,22.3,881.89,N/A,1.915,0.00134,0.01067,0.044,0.002,0.46,5.36E-06,1.46E-05,1.99E-05,4.38E-05,N/A,N/A,N/A,N/A,N/A,N/A
2003,12,2003,200312,20.54,396.51,N/A,3.034,0.00077,0.014672,0.1264,0.003914,0.382,3.71E-06,1.65E-05,2.02E-05,8.25E-05,N/A,N/A,N/A,N/A,N/A,N/A
2004,1,2004,20041,20.06666667,110.75,N/A,3.873333333,0.000693333,0.00844,0.131333333,0.002,0.4,1.00E-06,3.39E-06,4.40E-06,1.59E-05,N/A,N/A,N/A,N/A,N/A,N/A
2004,2,2004,20042,20.075,277.39,N/A,3.415,0.0016475,0.0092125,0.155375,0.002,0.48,3.47E-06,1.02E-05,1.36E-05,5.80E-05,N/A,N/A,N/A,N/A,N/A,N/A
2004,3,2004,20043,20.02,434.83,N/A,3.272,0.000942,0.003718,0.0964,0.002464,0.494,3.37E-06,1.03E-05,1.37E-05,7.01E-05,N/A,N/A,N/A,N/A,N/A,N/A
2004,4,2004,20044,20.675,191.03,N/A,2.8475,0.001775,0.010305,0.1105,0.00563,0.44,3.58E-06,1.02E-05,1.38E-05,2.37E-05,N/A,N/A,N/A,N/A,N/A,N/A
2004,5,2004,20045,20.1,1075.96,N/A,2.035,0.00174,0.00702,0.10525,0.0051075,0.6325,1.31E-05,3.01E-05,4.31E-05,0.00013237,N/A,N/A,N/A,N/A,N/A,N/A
2004,6,2004,20046,21.3,427.97,N/A,3.316,0.000858,0.010996,0.1154,0.002,0.436,9.67E-06,2.27E-05,3.24E-05,8.45E-05,N/A,N/A,N/A,N/A,N/A,N/A
2004,7,2004,20047,21.85,369.04,N/A,3.7175,0.00165,0.006616667,0.1293925,0.0028475,0.5025,8.05E-06,2.21E-05,3.02E-05,7.74E-05,N/A,N/A,N/A,N/A,N/A,N/A
2004,8,2004,20048,22.225,194.32,N/A,4.385,0.000775,0.00853,0.13556,0.002,0.4525,3.36E-06,9.86E-06,1.32E-05,3.96E-05,N/A,N/A,N/A,N/A,N/A,N/A
2004,9,2004,20049,22.2,693.39,N/A,3.79,0.001148,0.004122,0.0898,0.004892,0.444,1.68E-06,7.69E-06,9.37E-06,2.63E-05,N/A,N/A,N/A,N/A,N/A,N/A
2004,10,2004,200410,22.1,363.74,N/A,3.693333333,0.000883333,0.0025,0.101,0.004516667,0.363333333,1.95E-06,1.17E-05,1.37E-05,2.78E-05,N/A,N/A,N/A,N/A,N/A,N/A
2004,11,2004,200411,21.02,685.31,N/A,4.34,0.000864,0.004328,0.1608,0.002,0.606,3.62E-06,1.05E-05,1.41E-05,6.83E-05,N/A,N/A,N/A,N/A,N/A,N/A
2004,12,2004,200412,20.04929781,387.61,N/A,N/A,N/A,N/A,N/A,N/A,N/A,1.69E-06,8.45E-06,1.01E-05,5.09E-05,N/A,N/A,N/A,N/A,N/A,N/A
2005,1,2005,20051,19.96666667,770.13,N/A,3.346666667,0.000576667,0.0025,0.11473,0.002853333,0.386666667,4.13E-05,9.02E-05,0.000131497,0.000459533,N/A,N/A,N/A,N/A,N/A,N/A
2005,2,2005,20052,19.7,174.72,N/A,3.4,0.0009275,0.0066325,0.117395,0.002,0.4275,7.00E-06,1.17E-05,1.87E-05,4.56E-05,N/A,N/A,N/A,N/A,N/A,N/A
2005,3,2005,20053,20.56,9.4,N/A,4.154,0.000436,0.009332,0.118318,0.00241,0.374,N/A,N/A,N/A,N/A,N/A,N/A,N/A,N/A,N/A,N/A
2005,4,2005,20054,22,255.35,N/A,3.9525,0.0008725,0.003695,0.1347725,0.002,0.4675,1.57E-06,6.81E-06,8.38E-06,2.70E-05,N/A,N/A,N/A,N/A,N/A,N/A
2005,5,2005,20055,22.02,315.39,N/A,3.272,0.001624,0.014626,0.104466,0.005576,0.494,N/A,N/A,N/A,N/A,N/A,N/A,N/A,N/A,N/A,N/A
2005,6,2005,20056,22.4,233.71,N/A,3.965,0.0009475,0.0069325,0.11875,0.00285,0.455,N/A,N/A,N/A,N/A,N/A,N/A,N/A,N/A,N/A,N/A
2005,7,2005,20057,23.06666667,350.78,N/A,3.716666667,0.000896667,0.0025,0.111643333,0.002,0.396666667,4.87E-06,1.49E-05,1.98E-05,5.98E-05,N/A,N/A,N/A,N/A,N/A,N/A
2005,8,2005,20058,22.88,234.2,N/A,3.44,0.001536,0.004286,0.112166,0.002488,0.432,1.69E-06,9.22E-06,1.09E-05,2.84E-05,N/A,N/A,N/A,N/A,N/A,N/A
2005,9,2005,20059,22.825,336.01,N/A,3.7175,0.00138,0.00702,0.11096,0.0036575,0.4325,6.35E-06,1.59E-05,2.23E-05,3.82E-05,N/A,N/A,N/A,N/A,N/A,N/A
2005,10,2005,200510,22.05,513.59,N/A,2.59,0.001495,0.0076375,0.09302,0.00339,0.4225,4.52E-06,1.31E-05,1.76E-05,5.57E-05,N/A,N/A,N/A,N/A,N/A,N/A
2005,11,2005,200511,21.9,388.41,N/A,3.2775,0.00125,0.0081475,0.108215,0.0042725,0.4275,1.51E-06,7.10E-06,8.61E-06,6.77E-05,N/A,N/A,N/A,N/A,N/A,N/A
2005,12,2005,200512,21.225,230.26,N/A,3.7775,0.0007825,0.0040875,0.109395,0.002,0.3825,1.72E-06,6.61E-06,8.32E-06,4.11E-05,N/A,N/A,N/A,N/A,N/A,N/A
2006,1,2006,20061,20.44,422.76,N/A,3.072,0.001354,0.008063333,0.116634,0.003524,0.748,4.81E-06,1.42E-05,1.90E-05,0.000143884,N/A,N/A,N/A,N/A,N/A,N/A
2006,2,2006,20062,20.65,119.36,N/A,3.2875,0.0005875,0.0025,0.1180975,0.0027925,0.3925,9.13E-07,3.84E-06,4.75E-06,2.81E-05,N/A,N/A,N/A,N/A,N/A,N/A
2006,3,2006,20063,20.625,132.35,N/A,3.1375,0.001475,0.0065,0.14161,0.002,0.4675,3.20E-06,6.38E-06,9.58E-06,2.08E-05,N/A,N/A,N/A,N/A,N/A,N/A
2006,4,2006,20064,21.25,673.78,N/A,3.7125,0.0007525,0.0025,0.107715,0.002,0.41,1.22E-05,2.69E-05,3.91E-05,8.14E-05,N/A,N/A,N/A,N/A,N/A,N/A
2006,5,2006,20065,21.5,152.23,N/A,4.11,0.00101,0.0025,0.107754,0.002,0.562,2.19E-05,1.66E-05,3.85E-05,4.72E-05,N/A,N/A,N/A,N/A,N/A,N/A
2006,6,2006,20066,21.925,340.11,N/A,3.725,0.001586667,0.00487,0.1147725,0.002,0.48,6.44E-06,1.17E-05,1.81E-05,5.94E-05,N/A,N/A,N/A,N/A,N/A,N/A
2006,7,2006,20067,22.775,505.21,N/A,3.9225,0.0006575,0.0053275,0.1254975,0.002,0.4075,7.00E-06,2.04E-05,2.74E-05,8.75E-05,N/A,N/A,N/A,N/A,N/A,N/A
2006,8,2006,20068,22.74,327.9,N/A,4.066,0.000934,0.010736,0.13156,0.002,0.452,5.46E-06,1.57E-05,2.12E-05,6.25E-05,N/A,N/A,N/A,N/A,N/A,N/A
2006,9,2006,20069,22.8,279.08,N/A,4.03,0.0007025,0.0068775,0.11095,0.002,0.375,2.61E-06,9.91E-06,1.25E-05,4.26E-05,N/A,N/A,N/A,N/A,N/A,N/A
2006,10,2006,200610,22.48,246.73,N/A,4.132,0.000966,0.005154,0.111456,0.0024,0.39,2.51E-06,8.85E-06,1.14E-05,4.77E-05,N/A,N/A,N/A,N/A,N/A,N/A
2006,11,2006,200611,22.075,232.92,N/A,3.515,0.001185,0.00352,0.1115675,0.002,0.43,4.51E-07,5.49E-06,5.94E-06,2.20E-05,N/A,N/A,N/A,N/A,N/A,N/A
2006,12,2006,200612,21.5,363.26,N/A,4.185,0.0009025,0.0036375,0.1229925,0.002,0.4475,1.70E-06,1.09E-05,1.26E-05,8.27E-05,N/A,N/A,N/A,N/A,N/A,N/A
2007,1,2007,20071,20.88,209.26,N/A,4.196,0.00068,0.005468,0.113936,0.002,0.396,1.17E-06,4.39E-06,5.55E-06,3.86E-05,N/A,N/A,N/A,N/A,N/A,N/A
2007,2,2007,20072,20.4,112.77,N/A,4.1725,0.0010475,0.01266,0.149955,0.002,0.46,2.66E-06,3.43E-06,6.09E-06,2.65E-05,N/A,N/A,N/A,N/A,N/A,N/A
2007,3,2007,20073,20.475,264.67,N/A,4.1175,0.000855,0.00804,0.0918425,0.00387,0.4025,5.51E-06,1.09E-05,1.64E-05,3.38E-05,N/A,N/A,N/A,N/A,N/A,N/A
2007,4,2007,20074,21.2,422.37,N/A,3.6425,0.0011275,0.0137875,0.08868,0.002,0.435,1.64E-05,1.94E-05,3.59E-05,4.99E-05,N/A,N/A,N/A,N/A,N/A,N/A
2007,5,2007,20075,21.4,106.67,N/A,3.73,0.001034,0.00727,0.090632,0.002,0.56,3.35E-07,2.91E-06,3.25E-06,1.51E-05,N/A,N/A,N/A,N/A,N/A,N/A
2007,6,2007,20076,22.1,253.14,N/A,3.6875,0.00111,0.00599,0.0971225,0.002,0.475,2.83E-06,1.13E-05,1.42E-05,3.38E-05,N/A,N/A,N/A,N/A,N/A,N/A
2007,7,2007,20077,22.625,264.3,N/A,4.2925,0.0007125,0.007395,0.1109775,0.002,0.435,2.23E-06,8.55E-06,1.08E-05,3.17E-05,N/A,N/A,N/A,N/A,N/A,N/A
2007,8,2007,20078,22.525,281.95,N/A,4.475,0.0013325,0.0142475,0.10497,0.002,0.455,7.02E-06,1.05E-05,1.75E-05,3.61E-05,N/A,N/A,N/A,N/A,N/A,N/A
2007,9,2007,20079,22.825,298.65,N/A,4.38,0.0008225,0.003955,0.0950075,0.002,0.405,3.35E-06,1.33E-05,1.67E-05,3.66E-05,N/A,N/A,N/A,N/A,N/A,N/A
2007,10,2007,200710,22.28,370.67,N/A,3.428,0.001714,0.006584,0.1366,0.002,0.572,1.93E-06,9.57E-06,1.15E-05,3.89E-05,N/A,N/A,N/A,N/A,N/A,N/A
2007,11,2007,200711,21.475,229.08,N/A,3.895,0.001725,0.009155,0.1338675,0.002,0.5575,2.43E-06,5.91E-06,8.34E-06,2.42E-05,N/A,N/A,N/A,N/A,N/A,N/A
2007,12,2007,200712,21.025,516.01,N/A,3.765,0.0011375,0.00859,0.1084225,0.00271,0.47,1.07E-06,9.31E-06,1.04E-05,8.26E-05,N/A,N/A,N/A,N/A,N/A,N/A
2008,1,2008,20081,20.63333333,345.77,N/A,4.44,0.00067,0.004835,0.072465,0.002,0.33,2.51E-06,8.67E-06,1.12E-05,4.25E-05,N/A,N/A,N/A,N/A,N/A,N/A
2008,2,2008,20082,20.25,227.32,N/A,4.656666667,0.0006675,0.00831,0.0959925,0.002803333,0.7075,2.14E-06,8.99E-06,1.11E-05,4.54E-05,N/A,N/A,N/A,N/A,N/A,N/A
2008,3,2008,20083,20.725,164.59,N/A,4.48,0.0009775,0.02419,0.102245,0.002,0.4025,2.62E-06,7.42E-06,1.00E-05,3.79E-05,N/A,N/A,N/A,N/A,N/A,N/A
2008,4,2008,20084,20.82,303.51,N/A,4.264,0.000686,0.006494,0.098584,0.002,0.426,7.60E-06,1.46E-05,2.22E-05,7.59E-05,N/A,N/A,N/A,N/A,N/A,N/A
2008,5,2008,20085,21.5,100.05,N/A,3.7075,0.0005125,0.0025,0.0819475,0.008185,0.3725,2.46E-06,6.38E-06,8.85E-06,2.41E-05,N/A,N/A,N/A,N/A,N/A,N/A
2008,6,2008,20086,22.06666667,213.32,N/A,3.423333333,0.001616667,0.012303333,0.0658,0.004196667,0.44,2.53E-06,1.01E-05,1.26E-05,2.84E-05,N/A,N/A,N/A,N/A,N/A,N/A
2008,7,2008,20087,22.4,186.19,N/A,4.32,0.001893333,0.005603333,0.102666667,0.004156667,0.406666667,2.67E-06,8.62E-06,1.13E-05,3.33E-05,N/A,N/A,N/A,N/A,N/A,N/A
2008,8,2008,20088,23.3,320.17,N/A,4.58,0.001095,0.0041475,0.09183,0.002,0.4275,1.97E-06,1.13E-05,1.33E-05,3.50E-05,N/A,N/A,N/A,N/A,N/A,N/A
2008,9,2008,20089,22.8,700.91,N/A,3.08,0.00484,0.00531,0.09565,0.002,0.52,1.85E-05,2.71E-05,4.56E-05,8.67E-05,N/A,N/A,N/A,N/A,N/A,N/A
2008,10,2008,200810,23,394.95,N/A,3.79,0.00025,0.00817,0.12592,0.002,0.39,1.29E-06,7.75E-06,9.03E-06,2.13E-05,N/A,N/A,N/A,N/A,N/A,N/A
2008,11,2008,200811,20.90691435,198.36,N/A,N/A,N/A,N/A,N/A,N/A,N/A,1.31E-06,7.34E-06,8.65E-06,3.99E-05,N/A,N/A,N/A,N/A,N/A,N/A
2008,12,2008,200812,19.94969687,281.17,N/A,N/A,N/A,N/A,N/A,N/A,N/A,7.32E-07,4.79E-06,5.53E-06,5.48E-05,N/A,N/A,N/A,N/A,N/A,N/A
2009,1,2009,20091,20.0964772,249.93,N/A,N/A,N/A,N/A,N/A,N/A,N/A,1.01E-06,6.15E-06,7.16E-06,4.33E-05,N/A,N/A,N/A,N/A,N/A,N/A
2009,2,2009,20092,19.8,148.23,N/A,4.1,0.000525,0.007865,0.058275,0.002,0.375,1.06E-06,4.81E-06,5.87E-06,3.70E-05,N/A,N/A,N/A,N/A,N/A,N/A
2009,3,2009,20093,20,341.49,N/A,4.23,0.0011775,0.0025,0.1138175,0.002,0.4325,5.77E-06,1.52E-05,2.10E-05,8.62E-05,N/A,N/A,N/A,N/A,N/A,N/A
2009,4,2009,20094,20.25,186.18,N/A,3.17,0.002335,0.0025,0.11898,0.002,0.64,1.40E-06,6.99E-06,8.39E-06,2.64E-05,N/A,N/A,N/A,N/A,N/A,N/A
2009,5,2009,20095,20.975,487.95,N/A,3.5625,0.00118,0.0025,0.07613,0.002,0.4825,4.15E-06,1.33E-05,1.74E-05,6.02E-05,N/A,N/A,N/A,N/A,N/A,N/A
2009,6,2009,20096,21.48,263.66,N/A,3.652,0.001382,0.005446,0.0944,0.002,0.454,2.61E-06,1.02E-05,1.29E-05,3.16E-05,N/A,N/A,N/A,N/A,N/A,N/A
2009,7,2009,20097,22.26666667,386.85,N/A,3.893333333,0.000803333,0.007493333,0.091556667,0.002,0.413333333,2.56E-06,1.34E-05,1.59E-05,6.20E-05,N/A,N/A,N/A,N/A,N/A,N/A
2009,8,2009,20098,23.175,453.14,N/A,3.8275,0.0012475,0.0062225,0.090445,0.002,0.4475,6.38E-06,1.70E-05,2.34E-05,5.81E-05,N/A,N/A,N/A,N/A,N/A,N/A
2009,9,2009,20099,22.88,353.6,N/A,4.06,0.000918,0.008454,0.07955,0.002,0.418,1.37E-06,1.07E-05,1.20E-05,3.51E-05,N/A,N/A,N/A,N/A,N/A,N/A
2009,10,2009,200910,22.9,179.87,N/A,4.166666667,0.000903333,0.0025,0.1022,0.002,0.4,3.77E-07,5.79E-06,6.17E-06,2.81E-05,N/A,N/A,N/A,N/A,N/A,N/A
2009,11,2009,200911,22.55,404.13,N/A,3.655,0.001675,0.0371,0.11895,0.002,0.52,2.42E-06,1.05E-05,1.30E-05,3.84E-05,N/A,N/A,N/A,N/A,N/A,N/A
2009,12,2009,200912,22.08,232.51,N/A,4.284,0.000756,0.013706,0.07886,0.002,0.41,8.37E-07,5.25E-06,6.08E-06,2.50E-05,N/A,N/A,N/A,N/A,N/A,N/A
2010,1,2010,20101,21.8,738.98,N/A,3.045,0.0007525,0.0125675,0.045325,0.002,0.39,3.50E-06,1.38E-05,1.73E-05,9.97E-05,N/A,N/A,N/A,N/A,N/A,N/A
2010,2,2010,20102,21.875,280.71,N/A,4.4075,0.00059,0.004753333,0.0874,0.002,0.5225,1.89E-05,3.44E-05,5.33E-05,9.87E-05,N/A,N/A,N/A,N/A,N/A,N/A
2010,3,2010,20103,22.5,277.18,N/A,4.854,0.000426,0.029784,0.0883,0.002,0.38,1.53E-05,1.50E-05,3.02E-05,4.49E-05,N/A,N/A,N/A,N/A,N/A,N/A
2010,4,2010,20104,21.6,572.51,N/A,2.975,0.002515,0.023295,0.0859,0.002,0.535,1.24E-05,2.36E-05,3.61E-05,8.26E-05,N/A,N/A,N/A,N/A,N/A,N/A
2010,5,2010,20105,22.73333333,800.3,N/A,3.046666667,0.00218,0.02083,0.05542,0.002,0.493333333,8.45E-06,2.10E-05,2.94E-05,9.35E-05,N/A,N/A,N/A,N/A,N/A,N/A
2010,6,2010,20106,23.26,430.6,N/A,3.095,0.001538,0.005958,0.066475,0.002,0.4425,2.68E-06,1.08E-05,1.35E-05,3.81E-05,N/A,N/A,N/A,N/A,N/A,N/A
2010,7,2010,20107,23.7,689.55,N/A,3.52,0.001095,0.005725,0.0721,0.002,0.42,3.43E-06,1.28E-05,1.62E-05,5.02E-05,N/A,N/A,N/A,N/A,N/A,N/A
2010,8,2010,20108,22.55504785,331.72,N/A,N/A,0.00502,N/A,N/A,N/A,N/A,4.22E-06,1.47E-05,1.89E-05,3.87E-05,N/A,N/A,N/A,N/A,N/A,N/A
2010,9,2010,20109,24.06666667,393.82,N/A,2.756666667,0.001646667,0.01066,0.069033333,0.002,0.353333333,3.28E-06,9.28E-06,1.26E-05,2.51E-05,N/A,N/A,N/A,N/A,N/A,N/A
2010,10,2010,201010,24.1,204.43,N/A,4.525,0.001206667,0.0025,0.101566667,0.002993333,0.42,1.81E-06,7.01E-06,8.82E-06,3.05E-05,N/A,N/A,N/A,N/A,N/A,N/A
2010,11,2010,201011,22.76,300.5,N/A,3.784,0.001284,0.004558,0.09632,0.003112,0.41,5.02E-06,1.02E-05,1.52E-05,5.10E-05,N/A,N/A,N/A,N/A,N/A,N/A
2010,12,2010,201012,20.3,546.68,N/A,4.26,0.000706667,0.00392,0.082033333,0.002946667,0.436666667,5.83E-06,1.41E-05,1.99E-05,6.02E-05,N/A,N/A,N/A,N/A,N/A,N/A
2011,1,2011,20111,19.75,152.17,N/A,N/A,N/A,N/A,N/A,N/A,N/A,6.88E-06,1.66E-05,2.35E-05,0.000117947,N/A,N/A,N/A,N/A,N/A,N/A
2011,2,2011,20112,20,234.84,N/A,N/A,N/A,N/A,N/A,N/A,N/A,9.74E-07,6.11E-06,7.08E-06,3.75E-05,N/A,N/A,N/A,N/A,N/A,N/A
2011,3,2011,20113,19.72,115.55,N/A,N/A,N/A,N/A,N/A,N/A,N/A,3.49E-06,7.41E-06,1.09E-05,3.22E-05,N/A,N/A,N/A,N/A,N/A,N/A
2011,4,2011,20114,20.075,329.7,N/A,N/A,N/A,N/A,N/A,N/A,N/A,6.39E-06,1.52E-05,2.16E-05,7.34E-05,N/A,N/A,N/A,N/A,N/A,N/A
2011,5,2011,20115,20.3,417.61,N/A,N/A,N/A,N/A,N/A,N/A,N/A,5.13E-06,1.03E-05,1.54E-05,2.25E-05,N/A,N/A,N/A,N/A,N/A,N/A
2011,6,2011,20116,22.16363362,315.98,N/A,N/A,N/A,N/A,N/A,N/A,N/A,8.91E-06,1.79E-05,2.68E-05,4.05E-05,N/A,N/A,N/A,N/A,N/A,N/A
2011,7,2011,20117,21.55,521.69,N/A,N/A,N/A,N/A,N/A,N/A,N/A,8.32E-06,2.39E-05,3.22E-05,7.96E-05,N/A,N/A,N/A,N/A,N/A,N/A
2011,8,2011,20118,21.4,964.52,N/A,N/A,N/A,N/A,N/A,N/A,N/A,2.27E-06,8.64E-06,1.09E-05,3.92E-05,N/A,N/A,N/A,N/A,N/A,N/A
2011,9,2011,20119,21.8,418.33,N/A,N/A,N/A,N/A,N/A,N/A,N/A,5.99E-06,1.40E-05,2.00E-05,3.13E-05,N/A,N/A,N/A,N/A,N/A,N/A
2011,10,2011,201110,21.9102628,372.6,N/A,N/A,N/A,N/A,N/A,N/A,N/A,4.40E-06,1.01E-05,1.45E-05,4.06E-05,N/A,N/A,N/A,N/A,N/A,N/A
2011,11,2011,201111,21.23192795,511.06,N/A,N/A,N/A,N/A,N/A,N/A,N/A,2.46E-06,8.68E-06,1.11E-05,4.08E-05,N/A,N/A,N/A,N/A,N/A,N/A
2011,12,2011,201112,20.21704677,507.26,N/A,N/A,N/A,N/A,N/A,N/A,N/A,2.14E-06,8.42E-06,1.06E-05,5.98E-05,N/A,N/A,N/A,N/A,N/A,N/A
2012,1,2012,20121,20.15,281.15,N/A,N/A,N/A,N/A,N/A,N/A,N/A,1.26E-06,6.22E-06,7.48E-06,5.22E-05,N/A,N/A,N/A,N/A,N/A,N/A
2012,2,2012,20122,20.2,229.09,N/A,N/A,N/A,N/A,N/A,N/A,N/A,2.19E-06,9.53E-06,1.17E-05,4.95E-05,N/A,N/A,N/A,N/A,N/A,N/A
2012,3,2012,20123,20.275,733.68,N/A,N/A,N/A,N/A,N/A,N/A,N/A,1.54E-05,2.98E-05,4.52E-05,0.000133176,N/A,N/A,N/A,N/A,N/A,N/A
2012,4,2012,20124,20.9,323.99,N/A,N/A,N/A,N/A,N/A,N/A,N/A,5.97E-06,1.23E-05,1.82E-05,3.47E-05,N/A,N/A,N/A,N/A,N/A,N/A
2012,5,2012,20125,21.33362576,499.27,N/A,N/A,N/A,N/A,N/A,N/A,N/A,5.35E-06,2.08E-05,2.62E-05,7.83E-05,N/A,N/A,N/A,N/A,N/A,N/A
2012,6,2012,20126,22.16666667,71.28,N/A,N/A,N/A,N/A,N/A,N/A,N/A,2.04E-06,5.33E-06,7.36E-06,1.84E-05,N/A,N/A,N/A,N/A,N/A,N/A
2012,7,2012,20127,22.075,313.44,N/A,N/A,N/A,N/A,N/A,N/A,N/A,8.67E-06,1.44E-05,2.31E-05,5.60E-05,N/A,N/A,N/A,N/A,N/A,N/A
2012,8,2012,20128,22.09666667,366.55,N/A,N/A,N/A,N/A,N/A,N/A,N/A,5.87E-06,1.27E-05,1.85E-05,5.44E-05,N/A,N/A,N/A,N/A,N/A,N/A
2012,9,2012,20129,22.725,96.35,N/A,N/A,N/A,N/A,N/A,N/A,N/A,1.04E-06,3.62E-06,4.66E-06,8.80E-06,N/A,N/A,N/A,N/A,N/A,N/A
2012,10,2012,201210,21.96666667,439.6,N/A,N/A,N/A,N/A,N/A,N/A,N/A,3.66E-06,1.29E-05,1.66E-05,3.64E-05,N/A,N/A,N/A,N/A,N/A,N/A
2012,11,2012,201211,22.1,299.35,N/A,N/A,N/A,N/A,N/A,N/A,N/A,2.30E-06,8.25E-06,1.06E-05,2.62E-05,N/A,N/A,N/A,N/A,N/A,N/A
2012,12,2012,201212,21.2,324.1,N/A,N/A,N/A,N/A,N/A,N/A,N/A,1.24E-06,8.36E-06,9.60E-06,6.17E-05,N/A,N/A,N/A,N/A,N/A,N/A
2013,1,2013,20131,20.1,212.15,N/A,N/A,N/A,N/A,N/A,N/A,N/A,1.26E-06,5.38E-06,6.64E-06,4.12E-05,N/A,N/A,N/A,N/A,N/A,N/A
2013,2,2013,20132,20.3,118.38,N/A,N/A,N/A,N/A,N/A,N/A,N/A,1.53E-06,4.55E-06,6.08E-06,2.93E-05,N/A,N/A,N/A,N/A,N/A,N/A
2013,3,2013,20133,19.72,393.71,N/A,N/A,N/A,N/A,N/A,N/A,N/A,2.57E-05,2.76E-05,5.33E-05,0.000121743,N/A,N/A,N/A,N/A,N/A,N/A
2013,4,2013,20134,20.48,354.07,N/A,N/A,N/A,N/A,N/A,N/A,N/A,5.40E-06,1.49E-05,2.03E-05,7.22E-05,N/A,N/A,N/A,N/A,N/A,N/A
2013,5,2013,20135,20.76666667,730.51,N/A,N/A,N/A,N/A,N/A,N/A,N/A,1.11E-05,2.39E-05,3.50E-05,6.93E-05,N/A,N/A,N/A,N/A,N/A,N/A
2013,6,2013,20136,21.86570448,554.72,N/A,N/A,N/A,N/A,N/A,N/A,N/A,1.97E-05,3.77E-05,5.74E-05,0.000123193,N/A,N/A,N/A,N/A,N/A,N/A
2013,7,2013,20137,21.84735694,477.03,N/A,N/A,N/A,N/A,N/A,N/A,N/A,6.58E-06,1.62E-05,2.28E-05,6.30E-05,N/A,N/A,N/A,N/A,N/A,N/A
2013,8,2013,20138,6.021291302,362.53,N/A,N/A,N/A,N/A,N/A,N/A,N/A,7.02E-06,1.47E-05,2.17E-05,5.60E-05,N/A,N/A,N/A,N/A,N/A,N/A
2013,9,2013,20139,22.13654915,296.34,N/A,N/A,N/A,N/A,N/A,N/A,N/A,2.51E-06,7.01E-06,9.52E-06,2.02E-05,N/A,N/A,N/A,N/A,N/A,N/A
2013,10,2013,201310,21.9679265,222.22,N/A,N/A,N/A,N/A,N/A,N/A,N/A,3.13E-06,7.28E-06,1.04E-05,2.20E-05,N/A,N/A,N/A,N/A,N/A,N/A
2013,11,2013,201311,20.99900154,352.79,N/A,N/A,N/A,N/A,N/A,N/A,N/A,2.46E-06,7.71E-06,1.02E-05,3.31E-05,N/A,N/A,N/A,N/A,N/A,N/A
2013,12,2013,201312,20.24325754,425.72,N/A,N/A,N/A,N/A,N/A,N/A,N/A,2.03E-06,1.26E-05,1.46E-05,9.33E-05,N/A,N/A,N/A,N/A,N/A,N/A
2014,1,2014,20141,20.11220367,211.07,N/A,N/A,N/A,N/A,N/A,N/A,N/A,6.37E-07,5.28E-06,5.92E-06,3.65E-05,N/A,N/A,N/A,N/A,N/A,N/A
2014,2,2014,20142,20.37412419,257.83,N/A,N/A,N/A,N/A,N/A,N/A,N/A,2.13E-06,7.02E-06,9.15E-06,4.14E-05,N/A,N/A,N/A,N/A,N/A,N/A
2014,3,2014,20143,20.16666667,114.8,N/A,N/A,N/A,N/A,N/A,N/A,N/A,1.61E-06,6.11E-06,7.73E-06,2.55E-05,N/A,N/A,N/A,N/A,N/A,N/A
2014,4,2014,20144,20.25,167.15,N/A,N/A,N/A,N/A,N/A,N/A,N/A,3.16E-06,6.61E-06,9.77E-06,3.84E-05,N/A,N/A,N/A,N/A,N/A,N/A
2014,5,2014,20145,22.05,301.24,N/A,N/A,N/A,N/A,N/A,N/A,N/A,6.15E-06,1.05E-05,1.67E-05,2.94E-05,N/A,N/A,N/A,N/A,N/A,N/A
2014,6,2014,20146,21.36666667,68.08,N/A,N/A,N/A,N/A,N/A,N/A,N/A,2.24E-06,3.97E-06,6.21E-06,1.12E-05,N/A,N/A,N/A,N/A,N/A,N/A
2014,7,2014,20147,21.46,161.01,N/A,N/A,N/A,N/A,N/A,N/A,N/A,3.16E-06,7.51E-06,1.07E-05,2.72E-05,N/A,N/A,N/A,N/A,N/A,N/A
2014,8,2014,20148,22.18285485,589.44,N/A,N/A,N/A,N/A,N/A,N/A,N/A,5.44E-06,1.60E-05,2.15E-05,4.94E-05,N/A,N/A,N/A,N/A,N/A,N/A
2014,9,2014,20149,21.8,404.97,N/A,N/A,N/A,N/A,N/A,N/A,N/A,9.18E-06,1.55E-05,2.47E-05,3.17E-05,N/A,N/A,N/A,N/A,N/A,N/A
2014,10,2014,201410,21.7,134.12,N/A,N/A,N/A,N/A,N/A,N/A,N/A,1.13E-06,6.13E-06,7.26E-06,1.66E-05,N/A,N/A,N/A,N/A,N/A,N/A
2014,11,2014,201411,22.775,509.28,N/A,N/A,N/A,N/A,N/A,N/A,N/A,2.34E-06,6.67E-06,9.01E-06,3.79E-05,N/A,N/A,N/A,N/A,N/A,N/A
2014,12,2014,201412,20.36,275.32,N/A,N/A,N/A,N/A,N/A,N/A,N/A,2.21E-06,4.18E-06,6.39E-06,2.07E-05,N/A,N/A,N/A,N/A,N/A,N/A
