<?xml version='1.0' encoding='UTF-8'?>
<metadata>
  <idinfo>
    <citation>
      <citeinfo>
        <origin>Matt, Serena</origin>
        <origin>Shanley, J.B.</origin>
        <origin>Chalmers, A.T.</origin>
        <origin>Sebestyen, S.D. </origin>
        <origin>Merriam, J.L. </origin>
        <origin>Bailey, S.W.</origin>
        <origin>Campbell, J.L.</origin>
        <origin>Ryan, K.A.</origin>
        <origin>Denner, J.C.</origin>
        <origin>Clark, S.F. </origin>
        <origin>Schuster, P.F. </origin>
        <origin>Smith, T.E.</origin>
        <pubdate>20210416</pubdate>
        <title>Sleepers River Site Descriptions</title>
        <geoform>tabular digital data</geoform>
        <othercit>This metadata file describes 1 of the 6 data tables published together (see Larger Work section).</othercit>
        <onlink>https://doi.org/10.5066/P9380HQG</onlink>
        <lworkcit>
          <citeinfo>
            <origin>Matt, Serena</origin>
            <origin>Shanley, J.B.</origin>
            <origin>Chalmers, A.T.</origin>
            <origin>Sebestyen, S.D. </origin>
            <origin>Merriam, J.L. </origin>
            <origin>Bailey, S.W.</origin>
            <origin>Campbell, J.L.</origin>
            <origin>Ryan, K.A.</origin>
            <origin>Denner, J.C.</origin>
            <origin>Clark, S.F. </origin>
            <origin>Schuster, P.F. </origin>
            <origin>Smith, T.E.</origin>
            <pubdate>20210416</pubdate>
            <title>Aqueous chemistry database, Sleepers River Research Watershed, Danville, Vermont, 1991-2018</title>
            <geoform>tabular digital data</geoform>
            <onlink>https://doi.org/10.5066/P9380HQG</onlink>
          </citeinfo>
        </lworkcit>
      </citeinfo>
    </citation>
    <descript>
      <abstract>This file lists unique site names that appear in the chemistry file, with designation of water type, sample count, a more detailed description of the site, and latitude and longitude where available.</abstract>
      <purpose>This file offers site information that can be cross-referenced to "1. Sleepers River Aqueous Chemistry.csv." It presents the information in a compact way to avoid repetition in the main chemistry file.</purpose>
      <supplinf>None.
</supplinf>
    </descript>
    <timeperd>
      <timeinfo>
        <rngdates>
          <begdate>19910801</begdate>
          <enddate>20181231</enddate>
        </rngdates>
      </timeinfo>
      <current>publication date</current>
    </timeperd>
    <status>
      <progress>Complete</progress>
      <update>Annually</update>
    </status>
    <spdom>
      <bounding>
        <westbc>-72.1877</westbc>
        <eastbc>-72.0346</eastbc>
        <northbc>44.5322</northbc>
        <southbc>44.4289</southbc>
      </bounding>
    </spdom>
    <keywords>
      <theme>
        <themekt>ISO 19115 Topic Category</themekt>
        <themekey>location</themekey>
      </theme>
      <theme>
        <themekt>None</themekt>
        <themekey>Sleepers River</themekey>
        <themekey>stream chemistry</themekey>
        <themekey>climate change</themekey>
        <themekey>precipitation</themekey>
        <themekey>groundwater</themekey>
        <themekey>soil water</themekey>
        <themekey>snowmelt</themekey>
        <themekey>W-9</themekey>
        <themekey>concentration-discharge</themekey>
        <themekey>accuracy</themekey>
        <themekey>precision</themekey>
        <themekey>detection limit</themekey>
        <themekey>headwater</themekey>
      </theme>
      <place>
        <placekt>None</placekt>
        <placekey>Danville</placekey>
        <placekey>Sleepers River</placekey>
        <placekey>Connecticut River basin</placekey>
        <placekey>Vermont</placekey>
      </place>
    </keywords>
    <accconst>None.  Please see 'Distribution Info' for details.</accconst>
    <useconst>None.  Users are advised to read the dataset's metadata thoroughly to understand appropriate use and data limitations.</useconst>
    <ptcontac>
      <cntinfo>
        <cntperp>
          <cntper>Serena Matt</cntper>
          <cntorg>U.S. Geological Survey, NORTHEAST REGION</cntorg>
        </cntperp>
        <cntpos>Physical Scientist</cntpos>
        <cntaddr>
          <addrtype>mailing address</addrtype>
          <address>PO Box 628</address>
          <city>Montpelier</city>
          <state>VT</state>
          <postal>05601</postal>
          <country>US</country>
        </cntaddr>
        <cntvoice>802-828-4512</cntvoice>
        <cntfax>802-828-4465</cntfax>
        <cntemail>smatt@usgs.gov</cntemail>
      </cntinfo>
    </ptcontac>
    <datacred>U.S. Geological Survey Land Change Science</datacred>
  </idinfo>
  <dataqual>
    <attracc>
      <attraccr>Latitude and longitude of sampling locations are accurate to ± 16 feet or approximately ± 0.00005 decimal degrees.</attraccr>
    </attracc>
    <logic>Data have been thoroughly checked.</logic>
    <complete>Dataset is considered complete for the information presented 08/01/1991-12/31/2018.</complete>
    <lineage>
      <procstep>
        <procdesc>See "Overview Description" under "Entity and Attribute Information" for table description.
</procdesc>
        <procdate>20210304</procdate>
      </procstep>
    </lineage>
  </dataqual>
  <eainfo>
    <detailed>
      <enttyp>
        <enttypl>2. Sleepers River Site Descriptions.csv</enttypl>
        <enttypd>This comma delimited (CSV) table describes and locates each unique sample name that appears in “1. Sleepers River Aqueous Chemistry.csv.”  </enttypd>
        <enttypds>Producer Defined</enttypds>
      </enttyp>
      <attr>
        <attrlabl>Sample_Name</attrlabl>
        <attrdef>The sample name is a standardized name designating the site in the watershed where a sample was collected.  Cross-referenced with “1. Sleepers River Aqueous Chemistry.csv,” see column "Sample_Name."</attrdef>
        <attrdefs>Producer Defined</attrdefs>
        <attrdomv>
          <udom>See column definition.</udom>
        </attrdomv>
      </attr>
      <attr>
  <attrlabl>Sample_Type</attrlabl><attrdef>Each sample name falls into one of eleven sample type designations defined below. Cross-referenced with "1. Sleepers River Aqueous Chemistry.csv," see column "Sample_Type."</attrdef><attrdefs>Producer Defined</attrdefs><attrdomv>
    <edom>
      <edomv>GW</edomv>
      <edomvd>Groundwater sample</edomvd>
      <edomvds>Producer defined</edomvds>
    </edom>
  </attrdomv>
  <attrdomv>
    <edom>
      <edomv>GWS</edomv>
      <edomvd>Groundwater seep sample</edomvd>
      <edomvds>Producer defined</edomvds>
    </edom>
  </attrdomv>
  <attrdomv>
    <edom>
      <edomv>OF</edomv>
      <edomvd>Overland flow sample</edomvd>
      <edomvds>Producer defined</edomvds>
    </edom>
  </attrdomv>
  <attrdomv>
    <edom>
      <edomv>PE</edomv>
      <edomvd>Event precipitation sample</edomvd>
      <edomvds>Producer defined</edomvds>
    </edom>
  </attrdomv>
  <attrdomv>
    <edom>
      <edomv>PI</edomv>
      <edomvd>Incremental precipitation sample</edomvd>
      <edomvds>Producer defined</edomvds>
    </edom>
  </attrdomv>
  <attrdomv>
    <edom>
      <edomv>PW</edomv>
      <edomvd>Weekly precipitation sample</edomvd>
      <edomvds>Producer defined</edomvds>
    </edom>
  </attrdomv>
  <attrdomv>
    <edom>
      <edomv>SC</edomv>
      <edomvd>Snow core sample</edomvd>
      <edomvds>Producer defined</edomvds>
    </edom>
  </attrdomv>
  <attrdomv>
    <edom>
      <edomv>SM</edomv>
      <edomvd>Snowmelt sample</edomvd>
      <edomvds>Producer defined</edomvds>
    </edom>
  </attrdomv>
  <attrdomv>
    <edom>
      <edomv>SP</edomv>
      <edomvd>Snow profile sample</edomvd>
      <edomvds>Producer defined</edomvds>
    </edom>
  </attrdomv>
  <attrdomv>
    <edom>
      <edomv>ST</edomv>
      <edomvd>Stream sample</edomvd>
      <edomvds>Producer defined</edomvds>
    </edom>
  </attrdomv>
  <attrdomv>
    <edom>
      <edomv>VW</edomv>
      <edomvd>Vadose water, or soil water, sample</edomvd>
      <edomvds>Producer defined</edomvds>
    </edom>
  </attrdomv>
</attr>
      <attr>
        <attrlabl>Count</attrlabl>
        <attrdef>Count reports the number of records in “1. Sleepers River Aqueous Chemistry.csv” for each given sample name.</attrdef>
        <attrdefs>Producer Defined</attrdefs>
        <attrdomv><rdom>
            <rdommin>1</rdommin>
            <rdommax>4304</rdommax>
          </rdom>
        </attrdomv>
      </attr>
      <attr>
        <attrlabl>Site_Description</attrlabl>
        <attrdef>A description of the site where the sample was collected.</attrdef>
        <attrdefs>Producer Defined</attrdefs>
        <attrdomv><udom>See column definition.</udom>
        </attrdomv>
      </attr>
      <attr>
        <attrlabl>Latitude</attrlabl>
        <attrdef>Latitude of the sample site location if available, NA denotes no data.</attrdef>
        <attrdefs>Producer Defined</attrdefs>
        <attrdomv><rdom>
            <rdommin>44.44433</rdommin>
            <rdommax>44.49854</rdommax>
            <attrunit>Decimal degrees</attrunit>
          </rdom>
        </attrdomv>
      </attr>
      <attr>
        <attrlabl>Longitude</attrlabl>
        <attrdef>Longitude of the sample site location if available, NA denotes no data.</attrdef>
        <attrdefs>Producer Defined</attrdefs>
        <attrdomv><rdom>
            <rdommin>-72.16511</rdommin>
            <rdommax>-72.01833</rdommax>
            <attrunit>Decimal degrees</attrunit>
          </rdom>
        </attrdomv>
      </attr>
    </detailed>
    <overview>
      <eaover>This table describes and locates each unique sample name that appears in “1. Sleepers River Aqueous Chemistry.csv” under the "Sample_Name" column. The sample name is a standardized name designating the site in the watershed where a sample was collected.</eaover>
      <eadetcit>NA</eadetcit>
    </overview>
  </eainfo>
  <distinfo>
    <distrib>
      <cntinfo>
        <cntperp>
          <cntper>GS ScienceBase</cntper>
          <cntorg>U.S. Geological Survey</cntorg>
        </cntperp>
        <cntaddr>
          <addrtype>mailing address</addrtype>
          <address>Denver Federal Center, Building 810, Mail Stop 302</address>
          <city>Denver</city>
          <state>CO</state>
          <postal>80225</postal>
          <country>United States</country>
        </cntaddr>
        <cntvoice>1-888-275-8747</cntvoice>
        <cntemail>sciencebase@usgs.gov</cntemail>
      </cntinfo>
    </distrib>
    <distliab>Unless otherwise stated, all data, metadata and related materials are considered to satisfy the quality standards relative to the purpose for which the data were collected. Although these data and associated metadata have been reviewed for accuracy and completeness and approved for release by the U.S. Geological Survey (USGS), no warranty expressed or implied is made regarding the display or utility of the data on any other system or for general or scientific purposes, nor shall the act of distribution constitute any such warranty.  Any use of trade, firm, or product names is for descriptive purposes only and does not imply endorsement by the U.S. Government.</distliab>
    <stdorder>
      <digform><digtinfo>
          <formname>Digital Data</formname>
        </digtinfo>
        <digtopt><onlinopt><computer><networka><networkr>https://doi.org/10.5066/P9380HQG</networkr></networka></computer></onlinopt></digtopt></digform>
      <fees>None</fees>
    </stdorder>
  </distinfo>
  <metainfo>
    <metd>20210304</metd>
    <metc>
      <cntinfo>
        <cntperp>
          <cntper>Serena Matt</cntper>
          <cntorg>U.S. Geological Survey, NORTHEAST REGION</cntorg>
        </cntperp>
        <cntpos>Physical Scientist</cntpos>
        <cntaddr>
          <addrtype>mailing address</addrtype>
          <address>PO Box 628</address>
          <city>Montpelier</city>
          <state>VT</state>
          <postal>05601</postal>
          <country>US</country>
        </cntaddr>
        <cntvoice>802-828-4512</cntvoice>
        <cntfax>802-828-4465</cntfax>
        <cntemail>smatt@usgs.gov</cntemail>
      </cntinfo>
    </metc>
    <metstdn>FGDC Content Standard for Digital Geospatial Metadata</metstdn>
    <metstdv>FGDC-STD-001-1998</metstdv>
  </metainfo>
</metadata>
