<?xml version='1.0' encoding='UTF-8'?>
<metadata>
  <idinfo>
    <citation>
      <citeinfo>
        <origin>Matt, Serena</origin>
        <origin>Shanley, J.B.</origin>
        <origin>Chalmers, A.T.</origin>
        <origin>Sebestyen, S.D. </origin>
        <origin>Merriam, J.L. </origin>
        <origin>Bailey, S.W.</origin>
        <origin>Campbell, J.L.</origin>
        <origin>Ryan, K.A.</origin>
        <origin>Denner, J.C.</origin>
        <origin>Clark, S.F. </origin>
        <origin>Schuster, P.F. </origin>
        <origin>Smith, T.E.</origin>
        <pubdate>20210416</pubdate>
        <title>Sleepers River Replicate Statistics</title>
        <geoform>tabular digital data</geoform>
        <othercit>This metadata file describes 1 of the 6 data tables published together (see Larger Work section).</othercit>
        <onlink>https://doi.org/10.5066/P9380HQG</onlink>
        <lworkcit>
          <citeinfo>
            <origin>Matt, Serena</origin>
            <origin>Shanley, J.B.</origin>
            <origin>Chalmers, A.T.</origin>
            <origin>Sebestyen, S.D. </origin>
            <origin>Merriam, J.L. </origin>
            <origin>Bailey, S.W.</origin>
            <origin>Campbell, J.L.</origin>
            <origin>Ryan, K.A.</origin>
            <origin>Denner, J.C.</origin>
            <origin>Clark, S.F. </origin>
            <origin>Schuster, P.F. </origin>
            <origin>Smith, T.E.</origin>
            <pubdate>20210416</pubdate>
            <title>Aqueous chemistry database, Sleepers River Research Watershed, Danville, Vermont, 1991-2018</title>
            <geoform>tabular digital data</geoform>
            <onlink>https://doi.org/10.5066/P9380HQG</onlink>
          </citeinfo>
        </lworkcit>
      </citeinfo>
    </citation>
    <descript>
      <abstract>This file summarizes laboratory performance of replicate samples. The majority of these replicates represent a comparison between results from the U.S. Forest Service laboratory in Durham NH, which has analyzed weekly samples throughout the life of the project and thus provides continuity, and another laboratory used by the project at the time of sampling.  The remaining replicates represent samples collected in duplicate and sent to the same laboratory for analysis.  While a given replicate is analyzed by the same laboratory, the laboratory might be any one of the eighteen used during this project.</abstract>
      <purpose>Replicate sampling is an established way to check on laboratory performance.  It was most efficient to summarize the results of these comparisons in a dedicated file apart from the overall chemistry file.</purpose>
      <supplinf>None.
</supplinf>
    </descript>
    <timeperd>
      <timeinfo>
        <rngdates>
          <begdate>19910801</begdate>
          <enddate>20181231</enddate>
        </rngdates>
      </timeinfo>
      <current>publication date</current>
    </timeperd>
    <status>
      <progress>Complete</progress>
      <update>Annually</update>
    </status>
    <spdom>
      <bounding>
        <westbc>-72.1877</westbc>
        <eastbc>-72.0346</eastbc>
        <northbc>44.5322</northbc>
        <southbc>44.4289</southbc>
      </bounding>
    </spdom>
    <keywords>
      <theme>
        <themekt>ISO 19115 Topic Category</themekt>
        <themekey>location</themekey>
      </theme>
      <theme>
        <themekt>None</themekt>
        <themekey>Sleepers River</themekey>
        <themekey>stream chemistry</themekey>
        <themekey>climate change</themekey>
        <themekey>precipitation</themekey>
        <themekey>groundwater</themekey>
        <themekey>soil water</themekey>
        <themekey>snowmelt</themekey>
        <themekey>W-9</themekey>
        <themekey>concentration-discharge</themekey>
        <themekey>accuracy</themekey>
        <themekey>precision</themekey>
        <themekey>detection limit</themekey>
        <themekey>headwater</themekey>
      </theme>
      <place>
        <placekt>None</placekt>
        <placekey>Danville</placekey>
        <placekey>Sleepers River</placekey>
        <placekey>Connecticut River basin</placekey>
        <placekey>Vermont</placekey>
      </place>
    </keywords>
    <accconst>None.  Please see 'Distribution Info' for details.</accconst>
    <useconst>None.  Users are advised to read the dataset's metadata thoroughly to understand appropriate use and data limitations.</useconst>
    <ptcontac>
      <cntinfo>
        <cntperp>
          <cntper>Serena Matt</cntper>
          <cntorg>U.S. Geological Survey, NORTHEAST REGION</cntorg>
        </cntperp>
        <cntpos>Physical Scientist</cntpos>
        <cntaddr>
          <addrtype>mailing address</addrtype>
          <address>PO Box 628</address>
          <city>Montpelier</city>
          <state>VT</state>
          <postal>05601</postal>
          <country>US</country>
        </cntaddr>
        <cntvoice>802-828-4512</cntvoice>
        <cntfax>802-828-4465</cntfax>
        <cntemail>smatt@usgs.gov</cntemail>
      </cntinfo>
    </ptcontac>
    <datacred>U.S. Geological Survey Land Change Science</datacred>
  </idinfo>
  <dataqual>
    <attracc>
      <attraccr>Mean relative percent difference (Mean_RPD) and median percent error (Median_PE) of sample replicates provide some measure of precision for the analyses presented in "1. Sleepers River Aqueous Chemistry.csv."  The calculations in and of themselves are determinations of precision. Any uncertainty lies in the analyses themselves and not in the calculations. See "Process Steps" and "Overview Description"  for a detailed description of calculations and data table organization. 
</attraccr>
    </attracc>
    <logic>Data have been thoroughly checked.</logic>
    <complete>Dataset is considered complete for the information presented 08/01/1991-12/31/2018.</complete>
    <lineage>
      <procstep>
        <procdesc>Mean relative percent difference ("Mean_RPD") is calculated as ( |Replicate1 - Replicate2| / (Replicate1 + Replicate2) / 2 ) X 100
where "Replicate1" and "Replicate2" refer to replicate sample concentrations.
Median percent error ("Median_PE") is calculated as ( "Other Lab" - "USFS Durham" / "USFS Durham" ) X 100
where "Other Lab" and "USFS Durham" refer to replicate sample concentrations. See "Overview Description" for a more detailed description of these terms.
</procdesc>
        <procdate>20210304</procdate>
      </procstep>
    </lineage>
  </dataqual>
  <eainfo>
    <detailed>
      <enttyp>
        <enttypl>5. Sleepers River Replicate Statistics.csv</enttypl>
        <enttypd>This comma delimited (CSV) table presents summary statistics for sample replicates by analyte. NA denotes no data.</enttypd>
        <enttypds>Producer Defined</enttypds>
      </enttyp>
      <attr>
        <attrlabl>Replicate_Type</attrlabl>
        <attrdef>Replicates are divided into two categories-"Other Labs vs USFS Durham" and "Field Replicate." See "Overview Description" for more detail.</attrdef>
        <attrdefs>Producer Defined</attrdefs>
        <attrdomv>
          <udom>See column definition.</udom>
        </attrdomv>
      </attr>
      <attr>
  <attrlabl>Sample_Type</attrlabl><attrdef>Sample type designations are defined below and in more detail in  "Overview Description."</attrdef><attrdefs>Producer Defined</attrdefs><attrdomv>
    <edom>
      <edomv>PW</edomv>
      <edomvd>Weekly precipitation sample</edomvd>
      <edomvds>Producer defined</edomvds>
    </edom>
  </attrdomv>
  <attrdomv>
    <edom>
      <edomv>ST</edomv>
      <edomvd>Stream sample</edomvd>
      <edomvds>Producer defined</edomvds>
    </edom>
  </attrdomv>
  <attrdomv>
    <edom>
      <edomv>Mixed</edomv>
      <edomvd>Mixture of multiple sample types</edomvd>
      <edomvds>Producer defined</edomvds>
    </edom>
  </attrdomv>
</attr>
      <attr>
  <attrlabl>Analyte</attrlabl><attrdef>The chemical constituent analyzed. Abbreviations and units of measurement are defined below. The analyte names reported in this column also appear as column names in “1. Sleepers River Aqueous Chemistry.csv.”</attrdef><attrdefs>Producer Defined</attrdefs><attrdomv>
    <edom>
      <edomv>SpCond.µS.cm</edomv>
      <edomvd>Specific conductivity measured in microsiemens per centimeter (µS/cm)</edomvd>
      <edomvds>Producer defined</edomvds>
    </edom>
  </attrdomv>
  <attrdomv>
    <edom>
      <edomv>Ca.µeq.L</edomv>
      <edomvd>Calcium measured in microequivalents per liter (µeq/L)</edomvd>
      <edomvds>Producer defined</edomvds>
    </edom>
  </attrdomv>
  <attrdomv>
    <edom>
      <edomv>Cl.µeq.L</edomv>
      <edomvd>Chloride measured in microequivalents per liter (µeq/L)</edomvd>
      <edomvds>Producer defined</edomvds>
    </edom>
  </attrdomv>
  <attrdomv>
    <edom>
      <edomv>DOC.mg.L</edomv>
      <edomvd>Dissolved organic carbon measured in milligrams per liter (mg/L)</edomvd>
      <edomvds>Producer defined</edomvds>
    </edom>
  </attrdomv>
  <attrdomv>
    <edom>
      <edomv>K.µeq.L</edomv>
      <edomvd>Potassium measured in microequivalents per liter (µeq/L)</edomvd>
      <edomvds>Producer defined</edomvds>
    </edom>
  </attrdomv>
  <attrdomv>
    <edom>
      <edomv>Mg.µeq.L</edomv>
      <edomvd>Magnesium measured in microequivalents per liter (µeq/L)</edomvd>
      <edomvds>Producer defined</edomvds>
    </edom>
  </attrdomv>
  <attrdomv>
    <edom>
      <edomv>Na.µeq.L</edomv>
      <edomvd>Sodium measured in microequivalents per liter (µeq/L)</edomvd>
      <edomvds>Producer defined</edomvds>
    </edom>
  </attrdomv>
  <attrdomv>
    <edom>
      <edomv>NH4.µeq.L</edomv>
      <edomvd>Ammonium measured in microequivalents per liter (µeq/L)</edomvd>
      <edomvds>Producer defined</edomvds>
    </edom>
  </attrdomv>
  <attrdomv>
    <edom>
      <edomv>NO3.µeq.L</edomv>
      <edomvd>Nitrate measured in microequivalents per liter (µeq/L)</edomvd>
      <edomvds>Producer defined</edomvds>
    </edom>
  </attrdomv>
  <attrdomv>
    <edom>
      <edomv>pH</edomv>
      <edomvd>pH unit</edomvd>
      <edomvds>Producer defined</edomvds>
    </edom>
  </attrdomv>
  <attrdomv>
    <edom>
      <edomv>Si.µmol.L</edomv>
      <edomvd>Silicon measured in micromoles per liter (µmol/L)</edomvd>
      <edomvds>Producer defined</edomvds>
    </edom>
  </attrdomv>
  <attrdomv>
    <edom>
      <edomv>SO4.µeq.L</edomv>
      <edomvd>Sulfate measured in microequivalents per liter (µeq/L)</edomvd>
      <edomvds>Producer defined</edomvds>
    </edom>
  </attrdomv>
  <attrdomv>
    <edom>
      <edomv>TDN.mg.L</edomv>
      <edomvd>Total dissolved nitrogen measured in milligrams per liter (mg/L)</edomvd>
      <edomvds>Producer defined</edomvds>
    </edom>
  </attrdomv>
  <attrdomv>
    <edom>
      <edomv>ANC.µeq.L</edomv>
      <edomvd>Acid neutralizing capacity measured in microequivalents per liter (µeq/L)</edomvd>
      <edomvds>Producer defined</edomvds>
    </edom>
  </attrdomv>
  <attrdomv>
    <edom>
      <edomv>Al.µg.L</edomv>
      <edomvd>Aluminum measured in micrograms per liter (µg/L)</edomvd>
      <edomvds>Producer defined</edomvds>
    </edom>
  </attrdomv>
  <attrdomv>
    <edom>
      <edomv>Ba.µg.L</edomv>
      <edomvd>Barium measured in micrograms per liter (µg/L)</edomvd>
      <edomvds>Producer defined</edomvds>
    </edom>
  </attrdomv>
  <attrdomv>
    <edom>
      <edomv>Fe.µg.L</edomv>
      <edomvd>Iron measured in micrograms per liter (µg/L)</edomvd>
      <edomvds>Producer defined</edomvds>
    </edom>
  </attrdomv>
  <attrdomv>
    <edom>
      <edomv>Mn.µg.L</edomv>
      <edomvd>Manganese measured in micrograms per liter (µg/L)</edomvd>
      <edomvds>Producer defined</edomvds>
    </edom>
  </attrdomv>
  <attrdomv>
    <edom>
      <edomv>d18O</edomv>
      <edomvd>Oxygen 18O/16O isotope mass ratio in water, presented as permil deviation from Vienna Standard Mean Ocean Water (VSMOW).</edomvd>
      <edomvds>Producer defined</edomvds>
    </edom>
  </attrdomv>
  <attrdomv>
    <edom>
      <edomv>Sr.µg.L</edomv>
      <edomvd>Strontium measured in micrograms per liter (µg/L)</edomvd>
      <edomvds>Producer defined</edomvds>
    </edom>
  </attrdomv>
  <attrdomv>
    <edom>
      <edomv>UV254.cm.1</edomv>
      <edomvd>Ultraviolet (UV)-absorbance at 254 nanometers reported in cm-1</edomvd>
      <edomvds>Producer defined</edomvds>
    </edom>
  </attrdomv>
</attr>
      <attr>
        <attrlabl>Count</attrlabl>
        <attrdef>Number of replicate sets.</attrdef>
        <attrdefs>Producer Defined</attrdefs>
        <attrdomv><rdom>
            <rdommin>1</rdommin>
            <rdommax>546</rdommax>
          </rdom>
        </attrdomv>
      </attr>
      <attr>
        <attrlabl>Mean_RPD</attrlabl>
        <attrdef>Mean relative percent difference (RPD) where
RPD=(|Replicate1-Replicate2|/(Replicate1 + Replicate2)/2)X100
"Replicate1" and "Replicate2" refer to sample concentrations.</attrdef>
        <attrdefs>Producer Defined</attrdefs>
        <attrdomv><rdom>
            <rdommin>-5.11</rdommin>
            <rdommax>147.49</rdommax>
            <attrunit>Percent</attrunit>
          </rdom>
        </attrdomv>
      </attr>
      <attr>
        <attrlabl>Median_PE</attrlabl>
        <attrdef>Median percent error (PE) where 
PE=("Other Lab"-"USFS Durham"/"USFS Durham")X100
"Other Lab" and "USFS Durham" refer to sample concentrations.</attrdef>
        <attrdefs>Producer Defined</attrdefs>
        <attrdomv><rdom>
            <rdommin>-80.22</rdommin>
            <rdommax>561.83</rdommax>
            <attrunit>Percent</attrunit>
          </rdom>
        </attrdomv>
      </attr>
    </detailed>
    <overview>
      <eaover>	Table "5. Sleepers River Replicate Statistics.csv" presents summary statistics for sample replicates by analyte. Replicates fall into two categories which are identified in the "Replicate_Type" column. The first category ("Other Labs vs USFS Durham") results from the overlap of samples analyzed weekly by the U.S. Forest Service lab in Durham, NH with the event- and project-based samples collected simultaneously and analyzed by 17 other laboratories on a by-project basis.  These replicates share the same name and type and are collected within 3 minutes of each other if they are stream samples, or 4 hours of each other if they are precipitation samples, but they are analyzed by two different labs, one that remains the same throughout the 30-year period of record ("USFS Durham"), and one that varies on a by-project basis ("Other Labs").  These replicates are also individually denoted in "1. Sleepers River Aqueous Chemistry.csv" with a "Yes" in the "Replicate" column.
	The second category ("Field Replicate") refers to samples collected in duplicate and sent to the same laboratory for analysis. These replicates are reported as averages in "1. Sleepers River Aqueous Chemistry.csv" and are not individually denoted. Note that while a given replicate in this category is analyzed by the same laboratory, laboratories changed over time, so replicates summarized in this table may have been analyzed at any of the 18 laboratories described in "3. Sleepers River Laboratory Information.csv."
	  "Other Labs vs USFS Durham" replicate statistics are reported by sample type and have one of two designations in the "Sample_Type" column-steam sample (ST) and weekly precipitation sample (PW). "Field Replicate" replicate statistics are not reported by sample type because they represent many more sample types and splitting by type would prevent robust statistical computation. As a result, these samples are designated "Mixed" in the "Sample_Type" column.  Note that column "Median_PE" is only populated for "Other Labs vs USFS Durham"  replicates. Percent error (PE) is calculated relative to the Durham lab in order to capture laboratory bias. This metric is irrelevant for the "Field Replicate" category as these replicates were analyzed at the same laboratory.
	Additional metrics of chemical analysis performance can be found in "3. Sleepers River Laboratory Information.csv," "4. Sleepers River Interlaboratory Comparison.csv," and "6. Sleepers River Blank Statistics.csv."</eaover>
      <eadetcit>NA</eadetcit>
    </overview>
  </eainfo>
  <distinfo>
    <distrib>
      <cntinfo>
        <cntperp>
          <cntper>GS ScienceBase</cntper>
          <cntorg>U.S. Geological Survey</cntorg>
        </cntperp>
        <cntaddr>
          <addrtype>mailing address</addrtype>
          <address>Denver Federal Center, Building 810, Mail Stop 302</address>
          <city>Denver</city>
          <state>CO</state>
          <postal>80225</postal>
          <country>United States</country>
        </cntaddr>
        <cntvoice>1-888-275-8747</cntvoice>
        <cntemail>sciencebase@usgs.gov</cntemail>
      </cntinfo>
    </distrib>
    <distliab>Unless otherwise stated, all data, metadata and related materials are considered to satisfy the quality standards relative to the purpose for which the data were collected. Although these data and associated metadata have been reviewed for accuracy and completeness and approved for release by the U.S. Geological Survey (USGS), no warranty expressed or implied is made regarding the display or utility of the data on any other system or for general or scientific purposes, nor shall the act of distribution constitute any such warranty.  Any use of trade, firm, or product names is for descriptive purposes only and does not imply endorsement by the U.S. Government.</distliab>
    <stdorder>
      <digform><digtinfo>
          <formname>Digital Data</formname>
        </digtinfo>
        <digtopt><onlinopt><computer><networka><networkr>https://doi.org/10.5066/P9380HQG</networkr></networka></computer></onlinopt></digtopt></digform>
      <fees>None</fees>
    </stdorder>
  </distinfo>
  <metainfo>
    <metd>20210304</metd>
    <metc>
      <cntinfo>
        <cntperp>
          <cntper>Serena Matt</cntper>
          <cntorg>U.S. Geological Survey, NORTHEAST REGION</cntorg>
        </cntperp>
        <cntpos>Physical Scientist</cntpos>
        <cntaddr>
          <addrtype>mailing address</addrtype>
          <address>PO Box 628</address>
          <city>Montpelier</city>
          <state>VT</state>
          <postal>05601</postal>
          <country>US</country>
        </cntaddr>
        <cntvoice>802-828-4512</cntvoice>
        <cntfax>802-828-4465</cntfax>
        <cntemail>smatt@usgs.gov</cntemail>
      </cntinfo>
    </metc>
    <metstdn>FGDC Content Standard for Digital Geospatial Metadata</metstdn>
    <metstdv>FGDC-STD-001-1998</metstdv>
  </metainfo>
</metadata>
