<?xml version='1.0' encoding='UTF-8'?>
<metadata>
  <idinfo>
    <citation>
      <citeinfo>
        <origin>Matt, Serena</origin>
        <origin>Shanley, J.B.</origin>
        <origin>Chalmers, A.T.</origin>
        <origin>Sebestyen, S.D. </origin>
        <origin>Merriam, J.L. </origin>
        <origin>Bailey, S.W.</origin>
        <origin>Campbell, J.L.</origin>
        <origin>Ryan, K.A.</origin>
        <origin>Denner, J.C.</origin>
        <origin>Clark, S.F. </origin>
        <origin>Schuster, P.F. </origin>
        <origin>Smith, T.E.</origin>
        <pubdate>20210416</pubdate>
        <title>Sleepers River Blank Statistics</title>
        <geoform>tabular digital data</geoform>
        <othercit>This metadata file describes 1 of the 6 data tables published together (see Larger Work section).</othercit>
        <onlink>https://doi.org/10.5066/P9380HQG</onlink>
        <lworkcit>
          <citeinfo>
            <origin>Matt, Serena</origin>
            <origin>Shanley, J.B.</origin>
            <origin>Chalmers, A.T.</origin>
            <origin>Sebestyen, S.D. </origin>
            <origin>Merriam, J.L. </origin>
            <origin>Bailey, S.W.</origin>
            <origin>Campbell, J.L.</origin>
            <origin>Ryan, K.A.</origin>
            <origin>Denner, J.C.</origin>
            <origin>Clark, S.F. </origin>
            <origin>Schuster, P.F. </origin>
            <origin>Smith, T.E.</origin>
            <pubdate>20210416</pubdate>
            <title>Aqueous chemistry database, Sleepers River Research Watershed, Danville, Vermont, 1991-2018</title>
            <geoform>tabular digital data</geoform>
            <onlink>https://doi.org/10.5066/P9380HQG</onlink>
          </citeinfo>
        </lworkcit>
      </citeinfo>
    </citation>
    <descript>
      <abstract>This table summarizes the analytical results for blank water, either direct checks on the deionized water produced at the U.S. Geological Survey (USGS) sample preparation laboratory in Montpelier, Vermont (analytical blank = AB), or of that same water taken through a field processing step such as filtration (field blank = FB).</abstract>
      <purpose>Since clean water is important to minimize contamination during cleaning of sample bottles and other equipment, it is important to know that the water is pure, and that the field processing is not introducing contamination.</purpose>
      <supplinf>None.
</supplinf>
    </descript>
    <timeperd>
      <timeinfo>
        <rngdates>
          <begdate>19910801</begdate>
          <enddate>20181231</enddate>
        </rngdates>
      </timeinfo>
      <current>publication date</current>
    </timeperd>
    <status>
      <progress>Complete</progress>
      <update>Annually</update>
    </status>
    <spdom>
      <bounding>
        <westbc>-72.1877</westbc>
        <eastbc>-72.0346</eastbc>
        <northbc>44.5322</northbc>
        <southbc>44.4289</southbc>
      </bounding>
    </spdom>
    <keywords>
      <theme>
        <themekt>ISO 19115 Topic Category</themekt>
        <themekey>location</themekey>
      </theme>
      <theme>
        <themekt>None</themekt>
        <themekey>Sleepers River</themekey>
        <themekey>stream chemistry</themekey>
        <themekey>climate change</themekey>
        <themekey>precipitation</themekey>
        <themekey>groundwater</themekey>
        <themekey>soil water</themekey>
        <themekey>snowmelt</themekey>
        <themekey>W-9</themekey>
        <themekey>concentration-discharge</themekey>
        <themekey>accuracy</themekey>
        <themekey>precision</themekey>
        <themekey>detection limit</themekey>
        <themekey>headwater</themekey>
      </theme>
      <place>
        <placekt>None</placekt>
        <placekey>Danville</placekey>
        <placekey>Sleepers River</placekey>
        <placekey>Connecticut River basin</placekey>
        <placekey>Vermont</placekey>
      </place>
    </keywords>
    <accconst>None.  Please see 'Distribution Info' for details.</accconst>
    <useconst>None.  Users are advised to read the dataset's metadata thoroughly to understand appropriate use and data limitations.</useconst>
    <ptcontac>
      <cntinfo>
        <cntperp>
          <cntper>Serena Matt</cntper>
          <cntorg>U.S. Geological Survey, NORTHEAST REGION</cntorg>
        </cntperp>
        <cntpos>Physical Scientist</cntpos>
        <cntaddr>
          <addrtype>mailing address</addrtype>
          <address>PO Box 628</address>
          <city>Montpelier</city>
          <state>VT</state>
          <postal>05601</postal>
          <country>US</country>
        </cntaddr>
        <cntvoice>802-828-4512</cntvoice>
        <cntfax>802-828-4465</cntfax>
        <cntemail>smatt@usgs.gov</cntemail>
      </cntinfo>
    </ptcontac>
    <datacred>U.S. Geological Survey Land Change Science</datacred>
  </idinfo>
  <dataqual>
    <attracc>
      <attraccr>Analytical results for blank water are presented using three metrics calculated relative to each analyte's detection limit.  These metrics provide a measure of sample collection quality control for analyses reported in"1. Sleepers River Aqueous Chemistry.csv."  The calculations in and of themselves are determinations of sample contamination. Any uncertainty lies in the analyses themselves and not in the calculations. </attraccr>
    </attracc>
    <logic>Data have been thoroughly checked.</logic>
    <complete>Dataset is considered complete for the information presented 08/01/1991-12/31/2018.</complete>
    <lineage>
      <procstep>
        <procdesc>See "Overview Description" for table description.
</procdesc>
        <procdate>20210304</procdate>
      </procstep>
    </lineage>
  </dataqual>
  <eainfo>
    <detailed>
      <enttyp>
        <enttypl>6. Sleepers River Blank Statistics.csv</enttypl>
        <enttypd>This comma delimited (CSV) table presents summary statistics of analytical blanks (AB) and field blanks (FB).  NA denotes no data.</enttypd>
        <enttypds>Producer Defined</enttypds>
      </enttyp>
      <attr>
  <attrlabl>Blank_Type</attrlabl><attrdef>Type of blank collected- either analytical blank (AB) or field blank (FB).</attrdef><attrdefs>Producer Defined</attrdefs><attrdomv>
    <edom>
      <edomv>AB</edomv>
      <edomvd>Analytical blank</edomvd>
      <edomvds>Producer defined</edomvds>
    </edom>
  </attrdomv>
  <attrdomv>
    <edom>
      <edomv>FB</edomv>
      <edomvd>Field blank</edomvd>
      <edomvds>Producer defined</edomvds>
    </edom>
  </attrdomv>
</attr>
      <attr>
  <attrlabl>Analyte</attrlabl><attrdef>The chemical constituent analyzed.  The analyte names reported in this column also appear as column names in “1. Sleepers River Aqueous Chemistry.csv.”</attrdef><attrdefs>Producer Defined</attrdefs><attrdomv>
    <edom>
      <edomv>Al.µg.L</edomv>
      <edomvd>Aluminum measured in micrograms per liter (µg/L)</edomvd>
      <edomvds>Producer defined</edomvds>
    </edom>
  </attrdomv>
  <attrdomv>
    <edom>
      <edomv>Alm.µg.L</edomv>
      <edomvd>Total monomeric aluminum measured in micrograms per liter (µg/L)</edomvd>
      <edomvds>Producer defined</edomvds>
    </edom>
  </attrdomv>
  <attrdomv>
    <edom>
      <edomv>Alo.µg.L</edomv>
      <edomvd>Organic monomeric aluminum measured in micrograms per liter (µg/L)</edomvd>
      <edomvds>Producer defined</edomvds>
    </edom>
  </attrdomv>
  <attrdomv>
    <edom>
      <edomv>ANC.µeq.L</edomv>
      <edomvd>Acid neutralizing capacity measured in microequivalents per liter (µeq/L)</edomvd>
      <edomvds>Producer defined</edomvds>
    </edom>
  </attrdomv>
  <attrdomv>
    <edom>
      <edomv>Ba.µg.L</edomv>
      <edomvd>Barium measured in micrograms per liter (µg/L)</edomvd>
      <edomvds>Producer defined</edomvds>
    </edom>
  </attrdomv>
  <attrdomv>
    <edom>
      <edomv>Ca.µeq.L</edomv>
      <edomvd>Calcium measured in microequivalents per liter (µeq/L)</edomvd>
      <edomvds>Producer defined</edomvds>
    </edom>
  </attrdomv>
  <attrdomv>
    <edom>
      <edomv>Cl.µeq.L</edomv>
      <edomvd>Chloride measured in microequivalents per liter (µeq/L)</edomvd>
      <edomvds>Producer defined</edomvds>
    </edom>
  </attrdomv>
  <attrdomv>
    <edom>
      <edomv>DOC.mg.L</edomv>
      <edomvd>Dissolved organic carbon measured in milligrams per liter (mg/L)</edomvd>
      <edomvds>Producer defined</edomvds>
    </edom>
  </attrdomv>
  <attrdomv>
    <edom>
      <edomv>Fe.µg.L</edomv>
      <edomvd>Iron measured in micrograms per liter (µg/L)</edomvd>
      <edomvds>Producer defined</edomvds>
    </edom>
  </attrdomv>
  <attrdomv>
    <edom>
      <edomv>K.µeq.L</edomv>
      <edomvd>Potassium measured in microequivalents per liter (µeq/L)</edomvd>
      <edomvds>Producer defined</edomvds>
    </edom>
  </attrdomv>
  <attrdomv>
    <edom>
      <edomv>Mg.µeq.L</edomv>
      <edomvd>Magnesium measured in microequivalents per liter (µeq/L)</edomvd>
      <edomvds>Producer defined</edomvds>
    </edom>
  </attrdomv>
  <attrdomv>
    <edom>
      <edomv>Mn.µg.L</edomv>
      <edomvd>Manganese measured in micrograms per liter (µg/L)</edomvd>
      <edomvds>Producer defined</edomvds>
    </edom>
  </attrdomv>
  <attrdomv>
    <edom>
      <edomv>Na.µeq.L</edomv>
      <edomvd>Sodium measured in microequivalents per liter (µeq/L)</edomvd>
      <edomvds>Producer defined</edomvds>
    </edom>
  </attrdomv>
  <attrdomv>
    <edom>
      <edomv>NH4.µeq.L</edomv>
      <edomvd>Ammonium measured in microequivalents per liter (µeq/L)</edomvd>
      <edomvds>Producer defined</edomvds>
    </edom>
  </attrdomv>
  <attrdomv>
    <edom>
      <edomv>NO3.µeq.L</edomv>
      <edomvd>Nitrate measured in microequivalents per liter (µeq/L)</edomvd>
      <edomvds>Producer defined</edomvds>
    </edom>
  </attrdomv>
  <attrdomv>
    <edom>
      <edomv>Si.µmol.L</edomv>
      <edomvd>Silicon measured in measured in micromoles per liter (µmol/L)</edomvd>
      <edomvds>Producer defined</edomvds>
    </edom>
  </attrdomv>
  <attrdomv>
    <edom>
      <edomv>SO4.µeq.L</edomv>
      <edomvd>Sulfate measured in microequivalents per liter (µeq/L)</edomvd>
      <edomvds>Producer defined</edomvds>
    </edom>
  </attrdomv>
  <attrdomv>
    <edom>
      <edomv>Sr.µg.L</edomv>
      <edomvd>Strontium measured in micrograms per liter (µg/L)</edomvd>
      <edomvds>Producer defined</edomvds>
    </edom>
  </attrdomv>
  <attrdomv>
    <edom>
      <edomv>TDN.mg.L</edomv>
      <edomvd>Total dissolved nitrogen measured in milligrams per liter (mg/L)</edomvd>
      <edomvds>Producer defined</edomvds>
    </edom>
  </attrdomv>
  <attrdomv>
    <edom>
      <edomv>TDP.mg.L</edomv>
      <edomvd>Total dissolved phosphorus measured in milligrams per liter (mg/L)</edomvd>
      <edomvds>Producer defined</edomvds>
    </edom>
  </attrdomv>
</attr>
      <attr>
        <attrlabl>Count</attrlabl>
        <attrdef>Number of records used to compute statistics.</attrdef>
        <attrdefs>Producer Defined</attrdefs>
        <attrdomv><rdom>
            <rdommin>2</rdommin>
            <rdommax>91</rdommax>
          </rdom>
        </attrdomv>
      </attr>
      <attr>
        <attrlabl>Pct_below_DL</attrlabl>
        <attrdef>Percentage of results less than detection limit.</attrdef>
        <attrdefs>Producer Defined</attrdefs>
        <attrdomv>
          <rdom>
            <rdommin>25</rdommin>
            <rdommax>100</rdommax>
            <attrunit>Percent</attrunit>
          </rdom>
        </attrdomv>
      </attr>
      <attr>
        <attrlabl>Pct_below_3xDL</attrlabl>
        <attrdef>Percentage of results less than 3 times the detection limit.</attrdef>
        <attrdefs>Producer Defined</attrdefs>
        <attrdomv>
          <rdom>
            <rdommin>70</rdommin>
            <rdommax>100</rdommax>
            <attrunit>Percent</attrunit>
          </rdom>
        </attrdomv>
      </attr>
      <attr>
        <attrlabl>Median_above_3xDL</attrlabl>
        <attrdef>Median of results greater than 3 times the detection limit.</attrdef>
        <attrdefs>Producer Defined</attrdefs>
        <attrdomv>
          <edom>
            <edomv>NA</edomv>
            <edomvd>No Data</edomvd>
            <edomvds>Producer defined</edomvds>
          </edom>
        </attrdomv>
        <attrdomv>
          <rdom>
            <rdommin>0.07</rdommin>
            <rdommax>31.3</rdommax>
            <attrunit>Concentration, see "Analyte" column</attrunit>
          </rdom>
        </attrdomv>
      </attr>
    </detailed>
    <overview>
      <eaover>	Table "6. Sleepers River Blank Statistics.csv" presents summary statistics of analytical blanks (AB) and field blanks (FB) by analyte, collected throughout the course of the project.  AB refers to analyses of deionized (DI) water produced at the USGS sample preparation laboratory in Montpelier, Vermont.  FB refers to analyses of DI water after use in any step or series of steps in a sample collection procedure such as filtration.
	Additional metrics of chemical analysis performance can be found in "3. Sleepers River Laboratory Information.csv," "4. Sleepers River Interlaboratory Comparison.csv," and "6. Sleepers River Blank Statistics.csv."</eaover>
      <eadetcit>NA</eadetcit>
    </overview>
  </eainfo>
  <distinfo>
    <distrib>
      <cntinfo>
        <cntperp>
          <cntper>GS ScienceBase</cntper>
          <cntorg>U.S. Geological Survey</cntorg>
        </cntperp>
        <cntaddr>
          <addrtype>mailing address</addrtype>
          <address>Denver Federal Center, Building 810, Mail Stop 302</address>
          <city>Denver</city>
          <state>CO</state>
          <postal>80225</postal>
          <country>United States</country>
        </cntaddr>
        <cntvoice>1-888-275-8747</cntvoice>
        <cntemail>sciencebase@usgs.gov</cntemail>
      </cntinfo>
    </distrib>
    <distliab>Unless otherwise stated, all data, metadata and related materials are considered to satisfy the quality standards relative to the purpose for which the data were collected. Although these data and associated metadata have been reviewed for accuracy and completeness and approved for release by the U.S. Geological Survey (USGS), no warranty expressed or implied is made regarding the display or utility of the data on any other system or for general or scientific purposes, nor shall the act of distribution constitute any such warranty.  Any use of trade, firm, or product names is for descriptive purposes only and does not imply endorsement by the U.S. Government.</distliab>
    <stdorder>
      <digform><digtinfo>
          <formname>Digital Data</formname>
        </digtinfo>
        <digtopt><onlinopt><computer><networka><networkr>https://doi.org/10.5066/P9380HQG</networkr></networka></computer></onlinopt></digtopt></digform>
      <fees>None</fees>
    </stdorder>
  </distinfo>
  <metainfo>
    <metd>20210304</metd>
    <metc>
      <cntinfo>
        <cntperp>
          <cntper>Serena Matt</cntper>
          <cntorg>U.S. Geological Survey, NORTHEAST REGION</cntorg>
        </cntperp>
        <cntpos>Physical Scientist</cntpos>
        <cntaddr>
          <addrtype>mailing address</addrtype>
          <address>PO Box 628</address>
          <city>Montpelier</city>
          <state>VT</state>
          <postal>05601</postal>
          <country>US</country>
        </cntaddr>
        <cntvoice>802-828-4512</cntvoice>
        <cntfax>802-828-4465</cntfax>
        <cntemail>smatt@usgs.gov</cntemail>
      </cntinfo>
    </metc>
    <metstdn>FGDC Content Standard for Digital Geospatial Metadata</metstdn>
    <metstdv>FGDC-STD-001-1998</metstdv>
  </metainfo>
</metadata>
