solute,WaterYear,NE_BBWM_WB,SE_CWT_CWT07,NE_HBEF_WS1,WC_HJA_HJA06,WC_HJA_HJA07,WC_HJA_HJA10,PR_LEF_MPR,PR_LEF_QS,PR_LEF_RI,GL_MEF_S4,GL_MEF_S6,SE_SEF_WS77,GL_TLW_C31,GL_TLW_C33,GL_TLW_C34
Ca,1957,NA,NA,NA,NA,NA,NA,NA,NA,NA,NA,NA,NA,NA,NA,NA
Ca,1958,NA,NA,NA,NA,NA,NA,NA,NA,NA,NA,NA,NA,NA,NA,NA
Ca,1959,NA,NA,NA,NA,NA,NA,NA,NA,NA,NA,NA,NA,NA,NA,NA
Ca,1960,NA,NA,NA,NA,NA,NA,NA,NA,NA,NA,NA,NA,NA,NA,NA
Ca,1961,NA,NA,NA,NA,NA,NA,NA,NA,NA,NA,NA,NA,NA,NA,NA
Ca,1962,NA,NA,NA,NA,NA,NA,NA,NA,NA,NA,NA,NA,NA,NA,NA
Ca,1963,NA,NA,NA,NA,NA,NA,NA,NA,NA,NA,NA,NA,NA,NA,NA
Ca,1964,NA,NA,0.258174709,NA,NA,NA,NA,NA,NA,NA,NA,NA,NA,NA,NA
Ca,1965,NA,NA,0.011485299,NA,NA,NA,NA,NA,NA,NA,NA,NA,NA,NA,NA
Ca,1966,NA,NA,0.137072613,NA,NA,NA,NA,NA,NA,NA,NA,NA,NA,NA,NA
Ca,1967,NA,NA,0.2152764,NA,NA,NA,NA,NA,NA,NA,NA,NA,NA,NA,NA
Ca,1968,NA,NA,0.097185652,NA,NA,NA,NA,NA,NA,NA,NA,NA,NA,NA,NA
Ca,1969,NA,NA,0.090538234,NA,NA,0.205710048,NA,NA,NA,NA,NA,NA,NA,NA,NA
Ca,1970,NA,NA,0.142469702,NA,NA,0.320223096,NA,NA,NA,NA,NA,NA,NA,NA,NA
Ca,1971,NA,NA,0.310743073,NA,NA,0.243166683,NA,NA,NA,NA,NA,NA,NA,NA,NA
Ca,1972,NA,NA,0.18749264,0.150769061,0.109707655,0.500698671,NA,NA,NA,NA,NA,NA,NA,NA,NA
Ca,1973,NA,NA,0.22953968,0.096972453,0.101633625,0.113632162,NA,NA,NA,NA,NA,NA,NA,NA,NA
Ca,1974,NA,NA,0.297445912,0.246295325,0.189354198,0.158532283,NA,NA,NA,NA,NA,NA,NA,NA,NA
Ca,1975,NA,NA,0.321810179,0.119369715,0.101812233,0.11646787,NA,NA,NA,NA,NA,NA,NA,NA,NA
Ca,1976,NA,NA,0.147097741,0.203358976,0.204707672,0.32500733,NA,NA,NA,NA,NA,NA,NA,NA,NA
Ca,1977,NA,NA,0.277632049,0.180469176,0.209674783,0.268774397,NA,NA,NA,NA,NA,0.125941857,NA,NA,NA
Ca,1978,NA,NA,0.216896086,0.290111078,0.380142258,0.345581304,NA,NA,NA,NA,NA,0.54336565,NA,NA,NA
Ca,1979,NA,NA,0.302808159,0.273381891,0.26917121,0.169584562,NA,NA,NA,NA,NA,0.343265986,NA,NA,NA
Ca,1980,NA,NA,0.270630087,0.198673292,0.231809881,0.205365688,NA,NA,NA,NA,NA,0.401243454,NA,NA,NA
Ca,1981,NA,NA,0.189294664,0.161137735,0.173585533,0.213017167,NA,NA,NA,NA,NA,0.537234735,0.063785269,0.007114704,0.025661435
Ca,1982,NA,NA,0.22174369,0.13359536,0.132450994,0.329740925,NA,NA,NA,NA,NA,NA,0.179057395,0.014098648,0.064208489
Ca,1983,NA,NA,0.224367936,0.1417359,0.133221493,0.1185907,NA,NA,NA,NA,0.145242053,NA,0.189607283,0.012603046,0.074069314
Ca,1984,NA,NA,0.099839668,0.230802503,0.230696895,0.156361691,NA,NA,NA,NA,0.292589782,NA,0.237828178,0.014576309,0.082799261
Ca,1985,NA,NA,0.1271635,0.162845779,0.159560151,0.090843741,NA,NA,NA,NA,0.201159268,NA,0.128366899,0.007958198,0.039312713
Ca,1986,NA,NA,0.173686901,0.134452482,0.131194603,0.236874477,NA,NA,NA,NA,0.225869659,NA,0.178883177,0.012813173,0.055375057
Ca,1987,NA,NA,0.098379309,0.220833201,0.217846458,0.142907368,NA,NA,NA,NA,0.300623503,NA,0.259463666,0.020195954,0.064252343
Ca,1988,NA,NA,0.165385522,NA,NA,0.137027172,NA,NA,NA,NA,0.353064145,NA,0.177271967,0.014898672,0.049516004
Ca,1989,6.66987322,NA,0.099243354,NA,NA,0.309807843,NA,NA,NA,0.089839934,0.121625074,NA,0.147287545,0.010723916,0.039229744
Ca,1990,7.31773119,NA,0.089190613,NA,NA,0.086347052,NA,NA,NA,0.045009614,0.243911754,0.28629373,0.164224916,0.013631671,0.053960196
Ca,1991,8.41064918,NA,0.12114164,NA,NA,0.308108266,NA,NA,NA,0.45383684,0.305162915,0.270674029,0.18229747,0.016814139,0.063172933
Ca,1992,9.285291353,NA,0.108178107,NA,NA,0.277448825,NA,NA,NA,0.241317574,0.315165072,4.46771e-5,0.125522388,0.01315598,0.043316634
Ca,1993,NA,NA,0.090583557,NA,NA,0.177505514,NA,NA,NA,0.179009626,0.132437362,0.585632674,0.219259712,0.01214774,0.04188978
Ca,1994,9.570631535,NA,0.09082334,NA,NA,0.140770525,NA,NA,NA,0.05743243,0.066328824,0.33791402,0.122413835,0.012274633,0.033801851
Ca,1995,9.64843375,NA,0.115148715,NA,NA,0.10727364,NA,NA,NA,0.138364977,0.184291909,0.356708442,0.189367265,0.015872367,0.054914499
Ca,1996,9.16440923,NA,0.061394737,NA,NA,0.376063993,NA,NA,NA,0.155286909,0.123908798,NA,0.12102213,0.011847171,0.035314711
Ca,1997,7.85107457,NA,0.133766273,NA,NA,0.126865382,NA,NA,NA,0.089879736,0.146834894,NA,0.107348664,0.010883667,0.037141133
Ca,1998,7.445547729,NA,0.137244504,NA,NA,0.146466734,NA,NA,NA,0.157575307,0.160202309,NA,0.256397524,0.026604199,0.08273759
Ca,1999,8.51242367,NA,0.258316716,NA,NA,0.216213388,NA,NA,NA,0.092483491,0.206009475,NA,0.209599491,0.015566111,0.053237373
Ca,2000,7.574264325,NA,0.795616291,NA,NA,0.221946462,NA,NA,NA,0.102318827,0.12350785,NA,0.230294679,0.015563312,0.050203545
Ca,2001,NA,NA,0.499815732,NA,NA,0.281641765,NA,NA,NA,0.120178997,0.773128025,NA,0.213776242,0.013042505,0.057761362
Ca,2002,7.886872394,NA,0.308264201,NA,0.12827643,0.225640745,NA,NA,NA,0.11561538,0.063999428,NA,0.099148887,0.007066012,0.03960537
Ca,2003,7.094871113,0.141399508,0.237619964,0.174899992,0.150706813,0.170217749,NA,NA,NA,0.177531053,0.210206352,0.885416377,0.110698106,0.010027772,0.049132958
Ca,2004,7.230340523,0.141147354,0.342515207,0.155268648,0.145114332,0.124894465,NA,NA,NA,0.134632682,0.138696263,2.993138037,0.069574188,0.009341162,0.030010594
Ca,2005,6.690443702,0.145732897,0.213322624,0.23002988,0.222414742,0.359476116,NA,NA,NA,0.097003449,0.06873526,2.450707422,0.072315727,0.004331211,0.04367029
Ca,2006,6.70277928,0.147346629,0.138932815,0.186253738,0.166758703,0.155734661,NA,NA,NA,0.095808284,0.125474539,1.875744985,NA,NA,NA
Ca,2007,6.244593398,0.165272651,0.206883569,0.180393464,0.15398072,0.182416901,NA,NA,NA,0.229395508,0.22420858,0.818114118,0.043733696,0.001412688,0.016748545
Ca,2008,6.481594361,0.185772557,0.14317362,0.198814712,0.170524255,0.125398357,NA,NA,NA,0.19824988,0.243941054,2.050531882,0.019935656,0.001131776,0.013404038
Ca,2009,6.124187144,0.142041108,0.169349364,0.152772071,0.157793511,0.178104919,NA,NA,NA,0.18172176,0.145773611,2.15958624,0.008970924,NA,0.015748129
Ca,2010,6.544302415,0.127715192,0.186869419,0.257737104,0.282792308,0.213989375,NA,NA,NA,0.169500559,0.153810435,2.187763074,0.095868728,0.007632835,0.025122306
Ca,2011,6.197417816,0.137000753,0.239404684,0.19905654,0.177652475,0.254390496,NA,NA,NA,0.125266298,0.136932991,2.878954261,NA,NA,NA
Ca,2012,NA,0.132918554,0.272628115,0.143845884,0.131337413,0.161612893,NA,NA,NA,0.150400994,0.157297507,2.796164491,NA,NA,NA
Ca,2013,NA,0.124681684,0.670615478,0.203382073,0.229282991,0.158057057,NA,NA,NA,0.172897265,0.155035665,2.391220719,NA,NA,NA
Ca,2014,NA,0.119663319,0.15468457,0.144747361,0.146914882,0.133381838,NA,NA,NA,0.129581454,0.11401896,2.385799976,NA,NA,NA
Ca,2015,NA,0.163972295,0.126516161,0.118395526,0.122389421,0.087393829,NA,NA,NA,0.38222759,0.247162315,1.475708839,NA,NA,NA
Ca,2016,NA,0.12966121,0.10880357,0.237773517,0.271465048,0.188330717,NA,NA,NA,0.438298787,0.27725037,0.308707493,NA,NA,NA
Ca,2017,NA,0.135601798,0.090218289,0.235205631,0.234789592,0.32802614,NA,NA,NA,0.408331505,0.256382025,NA,NA,NA,NA
Ca,2018,NA,NA,NA,0.20318262,0.207492054,0.249199289,NA,NA,NA,NA,NA,NA,NA,NA,NA
Ca,2019,NA,NA,NA,NA,NA,NA,NA,NA,NA,NA,NA,NA,NA,NA,NA
Ca,2020,NA,NA,NA,NA,NA,NA,NA,NA,NA,NA,NA,NA,NA,NA,NA
DOC,1957,NA,NA,NA,NA,NA,NA,NA,NA,NA,NA,NA,NA,NA,NA,NA
DOC,1958,NA,NA,NA,NA,NA,NA,NA,NA,NA,NA,NA,NA,NA,NA,NA
DOC,1959,NA,NA,NA,NA,NA,NA,NA,NA,NA,NA,NA,NA,NA,NA,NA
DOC,1960,NA,NA,NA,NA,NA,NA,NA,NA,NA,NA,NA,NA,NA,NA,NA
DOC,1961,NA,NA,NA,NA,NA,NA,NA,NA,NA,NA,NA,NA,NA,NA,NA
DOC,1962,NA,NA,NA,NA,NA,NA,NA,NA,NA,NA,NA,NA,NA,NA,NA
DOC,1963,NA,NA,NA,NA,NA,NA,NA,NA,NA,NA,NA,NA,NA,NA,NA
DOC,1964,NA,NA,NA,NA,NA,NA,NA,NA,NA,NA,NA,NA,NA,NA,NA
DOC,1965,NA,NA,NA,NA,NA,NA,NA,NA,NA,NA,NA,NA,NA,NA,NA
DOC,1966,NA,NA,NA,NA,NA,NA,NA,NA,NA,NA,NA,NA,NA,NA,NA
DOC,1967,NA,NA,NA,NA,NA,NA,NA,NA,NA,NA,NA,NA,NA,NA,NA
DOC,1968,NA,NA,NA,NA,NA,NA,NA,NA,NA,NA,NA,NA,NA,NA,NA
DOC,1969,NA,NA,NA,NA,NA,NA,NA,NA,NA,NA,NA,NA,NA,NA,NA
DOC,1970,NA,NA,NA,NA,NA,NA,NA,NA,NA,NA,NA,NA,NA,NA,NA
DOC,1971,NA,NA,NA,NA,NA,NA,NA,NA,NA,NA,NA,NA,NA,NA,NA
DOC,1972,NA,NA,NA,NA,NA,NA,NA,NA,NA,NA,NA,NA,NA,NA,NA
DOC,1973,NA,NA,NA,NA,NA,NA,NA,NA,NA,NA,NA,NA,NA,NA,NA
DOC,1974,NA,NA,NA,NA,NA,NA,NA,NA,NA,NA,NA,NA,NA,NA,NA
DOC,1975,NA,NA,NA,NA,NA,NA,NA,NA,NA,NA,NA,NA,NA,NA,NA
DOC,1976,NA,NA,NA,NA,NA,NA,NA,NA,NA,NA,NA,NA,NA,NA,NA
DOC,1977,NA,NA,NA,NA,NA,NA,NA,NA,NA,NA,NA,NA,NA,NA,NA
DOC,1978,NA,NA,NA,NA,NA,NA,NA,NA,NA,NA,NA,NA,NA,NA,NA
DOC,1979,NA,NA,NA,NA,NA,NA,NA,NA,NA,NA,NA,NA,NA,NA,NA
DOC,1980,NA,NA,NA,NA,NA,NA,NA,NA,NA,NA,NA,NA,NA,NA,NA
DOC,1981,NA,NA,NA,NA,NA,NA,NA,NA,NA,NA,NA,NA,NA,NA,NA
DOC,1982,NA,NA,NA,NA,NA,NA,NA,NA,NA,NA,NA,NA,NA,NA,NA
DOC,1983,NA,NA,NA,NA,NA,NA,NA,NA,NA,NA,NA,NA,NA,NA,NA
DOC,1984,NA,NA,NA,NA,NA,NA,NA,NA,NA,NA,NA,NA,NA,NA,NA
DOC,1985,NA,NA,NA,NA,NA,NA,NA,NA,NA,NA,NA,NA,NA,NA,NA
DOC,1986,NA,NA,NA,NA,NA,NA,NA,NA,NA,NA,NA,NA,NA,NA,NA
DOC,1987,NA,NA,NA,NA,NA,NA,NA,NA,NA,NA,NA,NA,NA,NA,NA
DOC,1988,NA,NA,NA,NA,NA,NA,NA,NA,NA,NA,NA,NA,0.066495925,NA,0.015029161
DOC,1989,0.002687142,NA,NA,NA,NA,NA,NA,NA,NA,NA,NA,NA,0.083710726,0.003065776,0.014003367
DOC,1990,0.001878758,NA,NA,NA,NA,NA,NA,NA,NA,NA,NA,NA,0.067389632,0.008340849,0.025013533
DOC,1991,0.0016951170000000001,NA,NA,NA,NA,NA,NA,NA,NA,NA,NA,NA,0.05558638,0.008143887,0.021184914
DOC,1992,0.001497721,NA,NA,NA,NA,NA,NA,NA,NA,4.583735056,4.488075925,NA,0.043140069,0.0073322,0.014118953
DOC,1993,NA,NA,NA,NA,NA,NA,NA,NA,NA,3.138554292,2.106441179,NA,0.073416947,0.006727043,0.01601395
DOC,1994,0.001785006,NA,NA,NA,NA,NA,NA,NA,NA,1.301538091,1.078423913,NA,0.03976159,0.006563415,0.011987402
DOC,1995,0.001519221,NA,NA,NA,NA,NA,NA,NA,NA,2.830778657,2.657549102,NA,0.061800414,0.009360445,0.023158319
DOC,1996,0.001662818,NA,NA,NA,NA,NA,NA,NA,NA,2.953965467,1.678802167,NA,0.04480578,0.006979243,0.010897221
DOC,1997,0.001614722,NA,NA,NA,NA,NA,NA,NA,NA,1.637063754,1.858395191,NA,0.038002081,0.007216764,0.015842972
DOC,1998,0.001961914,NA,NA,NA,NA,NA,NA,NA,NA,2.704277744,2.395968707,NA,0.071021063,0.011806958,0.03283111
DOC,1999,0.001743508,NA,NA,NA,NA,NA,NA,NA,NA,2.041417173,2.750855539,NA,0.038184029,0.006788956,0.019754987
DOC,2000,0.002003461,NA,NA,NA,NA,NA,NA,NA,NA,1.866057501,2.032196427,NA,0.048498803,0.008956705,0.020469045
DOC,2001,NA,NA,NA,NA,NA,NA,NA,NA,NA,2.457194215,2.786178031,NA,0.057691901,0.007374297,0.020227562
DOC,2002,0.002083117,NA,NA,NA,0.014913965,0.034079648,NA,NA,NA,3.027802823,1.144607979,NA,0.041763232,0.004857325,0.015904836
DOC,2003,0.002357253,NA,NA,0.027989184,0.028778481,0.059029842,NA,NA,NA,3.481704656,4.669215229,NA,0.045495385,0.006262793,0.018724771
DOC,2004,5.32489e-4,NA,NA,0.014893949,0.004513301,0.034429112,NA,NA,NA,1.692135487,3.250794237,17.59414843,0.034894521,0.006460268,0.01394243
DOC,2005,0.001666033,NA,NA,0.031441852,0.038247397,0.112261915,NA,NA,NA,NA,NA,19.58459884,0.079752254,0.007066001,0.032218659
DOC,2006,0.001853158,0.020601288,0.003140993,0.02716871,0.035567205,0.049426939,NA,NA,NA,1.817627909,2.44352442,11.86313265,0.022919748,0.002073842,0.009859226
DOC,2007,0.001935048,0.086828027,0.019199489,0.020409098,0.026516955,0.054782397,NA,NA,NA,NA,NA,9.876307009,0.019240716,0.001098597,0.00647246
DOC,2008,0.002245736,0.092108896,0.017658028,0.018465117,0.02391436,0.033155979,NA,NA,NA,NA,NA,13.87554136,0.011832074,0.001143509,0.004863668
DOC,2009,0.002144431,0.106109185,0.017491692,0.018283234,0.023306491,0.050849561,NA,NA,NA,NA,NA,14.56267743,0.002822013,NA,0.004589019
DOC,2010,0.001394165,0.059812834,0.016176475,0.027832345,0.042469143,0.064324357,NA,NA,NA,1.072692684,1.346289044,9.66275323,0.032723907000000003,0.004355115,0.009189946
DOC,2011,0.001474557,0.086537393,0.018489271,0.024327172,0.028996733,0.06793654,NA,NA,NA,NA,NA,11.26911859,NA,NA,NA
DOC,2012,NA,0.065486749,0.017904064,0.019984711,0.018578341,0.03752739,NA,NA,NA,0.290870559,0.317491957,2.801806974,NA,NA,NA
DOC,2013,NA,0.015438748,0.021802453,0.035479898,0.036998778,0.044457227,NA,NA,NA,NA,NA,10.34761785,NA,NA,NA
DOC,2014,NA,0.035095043,0.022160121,0.022999745,0.021388215,0.032962268,NA,NA,NA,NA,NA,13.80636449,NA,NA,NA
DOC,2015,NA,0.085230207,0.030655183,0.017041116,0.020835814,0.02613634,NA,NA,NA,NA,NA,12.14716437,NA,NA,NA
DOC,2016,NA,0.072080061,0.014510381,0.043286321,0.047090452,0.063091922,NA,NA,NA,0.077156921,0.075927318,2.68372628,NA,NA,NA
DOC,2017,NA,0.07153854,NA,0.030276499,0.031892008,0.084988125,NA,NA,NA,5.20853001,4.813737885,NA,NA,NA,NA
DOC,2018,NA,NA,NA,0.024761757,0.029024998,0.068342896,NA,NA,NA,NA,NA,NA,NA,NA,NA
DOC,2019,NA,NA,NA,NA,NA,NA,NA,NA,NA,NA,NA,NA,NA,NA,NA
DOC,2020,NA,NA,NA,NA,NA,NA,NA,NA,NA,NA,NA,NA,NA,NA,NA
NH4N,1957,NA,NA,NA,NA,NA,NA,NA,NA,NA,NA,NA,NA,NA,NA,NA
NH4N,1958,NA,NA,NA,NA,NA,NA,NA,NA,NA,NA,NA,NA,NA,NA,NA
NH4N,1959,NA,NA,NA,NA,NA,NA,NA,NA,NA,NA,NA,NA,NA,NA,NA
NH4N,1960,NA,NA,NA,NA,NA,NA,NA,NA,NA,NA,NA,NA,NA,NA,NA
NH4N,1961,NA,NA,NA,NA,NA,NA,NA,NA,NA,NA,NA,NA,NA,NA,NA
NH4N,1962,NA,NA,NA,NA,NA,NA,NA,NA,NA,NA,NA,NA,NA,NA,NA
NH4N,1963,NA,NA,NA,NA,NA,NA,NA,NA,NA,NA,NA,NA,NA,NA,NA
NH4N,1964,NA,NA,NA,NA,NA,NA,NA,NA,NA,NA,NA,NA,NA,NA,NA
NH4N,1965,NA,NA,NA,NA,NA,NA,NA,NA,NA,NA,NA,NA,NA,NA,NA
NH4N,1966,NA,NA,NA,NA,NA,NA,NA,NA,NA,NA,NA,NA,NA,NA,NA
NH4N,1967,NA,NA,NA,NA,NA,NA,NA,NA,NA,NA,NA,NA,NA,NA,NA
NH4N,1968,NA,NA,NA,NA,NA,NA,NA,NA,NA,NA,NA,NA,NA,NA,NA
NH4N,1969,NA,NA,NA,NA,NA,NA,NA,NA,NA,NA,NA,NA,NA,NA,NA
NH4N,1970,NA,NA,2.79603e-4,NA,NA,NA,NA,NA,NA,NA,NA,NA,NA,NA,NA
NH4N,1971,NA,NA,0.003301374,NA,NA,NA,NA,NA,NA,NA,NA,NA,NA,NA,NA
NH4N,1972,NA,NA,6.35301e-4,NA,NA,NA,NA,NA,NA,NA,NA,NA,NA,NA,NA
NH4N,1973,NA,NA,0.001828335,NA,NA,NA,NA,NA,NA,NA,NA,NA,NA,NA,NA
NH4N,1974,NA,NA,0.004160072,NA,NA,NA,NA,NA,NA,NA,NA,NA,NA,NA,NA
NH4N,1975,NA,NA,0.003667941,NA,NA,NA,NA,NA,NA,NA,NA,NA,NA,NA,NA
NH4N,1976,NA,NA,0.001134337,NA,NA,NA,NA,NA,NA,NA,NA,NA,NA,NA,NA
NH4N,1977,NA,NA,0.001195837,NA,NA,NA,NA,NA,NA,NA,NA,5.87426e-4,NA,NA,NA
NH4N,1978,NA,NA,8.64194e-4,NA,NA,NA,NA,NA,NA,NA,NA,0.007888125,NA,NA,NA
NH4N,1979,NA,NA,0.001966966,NA,NA,NA,NA,NA,NA,NA,NA,0.002776468,NA,NA,NA
NH4N,1980,NA,NA,0.003268345,NA,NA,NA,NA,NA,NA,NA,NA,0.008449898,NA,NA,NA
NH4N,1981,NA,NA,0.002364477,NA,NA,NA,NA,NA,NA,NA,NA,0.006858955,1.74358e-4,2.39508e-5,5.42947e-5
NH4N,1982,NA,NA,0.003081568,NA,NA,NA,NA,NA,NA,NA,NA,NA,3.32713e-4,2.71257e-5,1.61672e-4
NH4N,1983,NA,NA,0.002029602,NA,NA,NA,NA,NA,NA,NA,0.007110257,NA,2.42265e-4,2.22936e-5,1.34676e-4
NH4N,1984,NA,NA,0.00107586,NA,NA,NA,NA,NA,NA,NA,0.003408749,NA,5.94647e-4,5.17469e-5,2.7736e-4
NH4N,1985,NA,NA,0.001683037,NA,NA,NA,NA,NA,NA,NA,0.011482113,NA,3.56624e-4,2.69399e-5,1.4635e-4
NH4N,1986,NA,NA,0.003027523,NA,NA,NA,NA,NA,NA,NA,0.020067791,NA,4.10191e-4,4.56731e-5,1.67692e-4
NH4N,1987,NA,NA,0.00180175,NA,NA,NA,NA,NA,NA,NA,0.006722637,NA,6.38543e-4,7.03573e-5,2.08983e-4
NH4N,1988,NA,NA,0.002612406,NA,NA,NA,NA,NA,NA,NA,0.007491778,NA,5.59428e-4,4.91499e-5,1.3806e-4
NH4N,1989,0.017684711,NA,0.001478371,NA,NA,NA,NA,NA,NA,0.003788648,0.005701349,NA,7.59264e-4,3.25524e-5,9.92391e-5
NH4N,1990,0.00979902,NA,0.001500728,NA,NA,NA,NA,NA,NA,3.66697e-4,0.004180109,0.001912188,6.92874e-4,6.48985e-5,2.25633e-4
NH4N,1991,0.01429957,NA,0.001843419,NA,NA,NA,NA,NA,NA,0.007768425,0.007310011,0.002399227,2.19696e-4,3.22622e-5,1.0428e-4
NH4N,1992,0.018815211,NA,0.002244308,NA,NA,NA,NA,NA,NA,0.002644891,0.011206411,8.85382e-7,2.23183e-4,2.70941e-5,7.88525e-5
NH4N,1993,0.045185577,NA,0.00260666,NA,NA,NA,NA,NA,NA,0.002235413,0.002347588,0.002434147,2.91448e-4,2.07759e-5,6.19373e-5
NH4N,1994,2.52662e-4,NA,9.91856e-4,NA,NA,NA,NA,NA,NA,5.05494e-4,0.003033795,0.004337716,2.71066e-4,3.83099e-5,9.48652e-5
NH4N,1995,0.020536813,NA,0.001123443,NA,NA,NA,NA,NA,NA,0.001093076,0.001276891,NA,3.67183e-4,5.49315e-5,1.45252e-4
NH4N,1996,0.01405452,NA,4.79739e-4,NA,NA,NA,NA,NA,NA,0.002862301,0.002805546,NA,2.56825e-4,2.78172e-5,8.27942e-5
NH4N,1997,0.017611823,NA,8.41723e-4,NA,NA,NA,NA,NA,NA,0.005402266,0.004374912,NA,2.24633e-4,2.95557e-5,9.99325e-5
NH4N,1998,0.008796687,NA,0.001522337,NA,NA,NA,NA,NA,NA,0.002592627,0.003058655,NA,4.82634e-4,4.39209e-5,1.29699e-4
NH4N,1999,0.039611373,NA,0.00144227,NA,NA,NA,NA,NA,NA,0.002300961,0.004550383,NA,3.0462e-4,1.79231e-5,6.82464e-5
NH4N,2000,0.023234358,NA,0.001628652,NA,NA,NA,NA,NA,NA,0.003176361,0.003238239,NA,1.66935e-4,2.57199e-5,5.54571e-5
NH4N,2001,0.007745113,NA,0.00113623,NA,NA,NA,NA,NA,NA,0.008507574,0.005018822,NA,2.04889e-4,1.78224e-5,7.20964e-5
NH4N,2002,0.018317268,NA,0.001003548,NA,NA,NA,NA,NA,NA,0.003434559,0.002786029,NA,1.34833e-4,1.23768e-5,4.76211e-5
NH4N,2003,0.006661856,9.7897e-4,6.9247e-4,NA,NA,NA,NA,NA,NA,0.004624528,0.008549298,0.065792495,2.16868e-4,1.80604e-5,1.45482e-4
NH4N,2004,8.12338e-4,5.59464e-4,9.68503e-4,NA,NA,NA,NA,NA,NA,0.001461806,0.002608406,0.108073705,1.39989e-4,2.3596e-5,6.53927e-5
NH4N,2005,NA,0.001079795,6.66427e-4,NA,NA,NA,NA,NA,NA,0.00820598,0.001973826,0.065901039,2.22937e-4,1.89247e-5,1.70661e-4
NH4N,2006,4.3391e-4,0.001243145,4.3628e-4,NA,NA,NA,NA,NA,NA,0.009572394,0.008176425,0.028930253,3.29481e-5,3.9877e-6,2.43904e-5
NH4N,2007,0.035779798,0.001300349,6.0881e-4,NA,NA,NA,NA,NA,NA,0.014846922,0.021545435,0.014992439,1.41264e-5,8.70133e-7,1.74397e-5
NH4N,2008,0.01011365,6.09161e-4,4.44616e-4,NA,NA,NA,NA,NA,NA,0.008325261,0.02603517,0.062254858,2.42882e-5,6.97857e-6,2.51792e-5
NH4N,2009,NA,6.58999e-4,5.50654e-4,NA,NA,NA,NA,NA,NA,0.001863161,0.003380467,0.116374899,3.34286e-6,NA,1.09471e-5
NH4N,2010,NA,6.26156e-4,6.47839e-4,NA,NA,NA,NA,NA,NA,0.003690038,0.007828379,0.03458835,3.88484e-5,7.4868e-6,1.13756e-5
NH4N,2011,NA,6.13638e-4,7.44e-4,NA,NA,NA,NA,NA,NA,0.008227308,0.008383703,0.052561344,NA,NA,NA
NH4N,2012,NA,4.5811e-4,7.60121e-4,NA,NA,NA,NA,NA,NA,0.00494596,0.00788442,0.131261642,NA,NA,NA
NH4N,2013,NA,6.04966e-4,0.001931587,NA,NA,NA,NA,NA,NA,0.01001251,0.018450534,0.078243361,NA,NA,NA
NH4N,2014,NA,4.11331e-4,6.55216e-4,NA,NA,NA,NA,NA,NA,0.007782978,0.005277507,0.079670764,NA,NA,NA
NH4N,2015,NA,4.90356e-4,0.00114579,NA,NA,NA,NA,NA,NA,0.006187106,0.021334509,0.045986552,NA,NA,NA
NH4N,2016,NA,3.16339e-4,7.10259e-4,NA,NA,NA,NA,NA,NA,0.016776978,0.013061166,0.011482253,NA,NA,NA
NH4N,2017,NA,2.64092e-4,4.75099e-4,NA,NA,NA,NA,NA,NA,0.013970589,0.00491637,NA,NA,NA,NA
NH4N,2018,NA,NA,NA,NA,NA,NA,NA,NA,NA,NA,NA,NA,NA,NA,NA
NH4N,2019,NA,NA,NA,NA,NA,NA,NA,NA,NA,NA,NA,NA,NA,NA,NA
NH4N,2020,NA,NA,NA,NA,NA,NA,NA,NA,NA,NA,NA,NA,NA,NA,NA
NO3N,1957,NA,NA,NA,NA,NA,NA,NA,NA,NA,NA,NA,NA,NA,NA,NA
NO3N,1958,NA,NA,NA,NA,NA,NA,NA,NA,NA,NA,NA,NA,NA,NA,NA
NO3N,1959,NA,NA,NA,NA,NA,NA,NA,NA,NA,NA,NA,NA,NA,NA,NA
NO3N,1960,NA,NA,NA,NA,NA,NA,NA,NA,NA,NA,NA,NA,NA,NA,NA
NO3N,1961,NA,NA,NA,NA,NA,NA,NA,NA,NA,NA,NA,NA,NA,NA,NA
NO3N,1962,NA,NA,NA,NA,NA,NA,NA,NA,NA,NA,NA,NA,NA,NA,NA
NO3N,1963,NA,NA,NA,NA,NA,NA,NA,NA,NA,NA,NA,NA,NA,NA,NA
NO3N,1964,NA,NA,NA,NA,NA,NA,NA,NA,NA,NA,NA,NA,NA,NA,NA
NO3N,1965,NA,NA,NA,NA,NA,NA,NA,NA,NA,NA,NA,NA,NA,NA,NA
NO3N,1966,NA,NA,NA,NA,NA,NA,NA,NA,NA,NA,NA,NA,NA,NA,NA
NO3N,1967,NA,NA,NA,NA,NA,NA,NA,NA,NA,NA,NA,NA,NA,NA,NA
NO3N,1968,NA,NA,NA,NA,NA,NA,NA,NA,NA,NA,NA,NA,NA,NA,NA
NO3N,1969,NA,NA,NA,NA,NA,2e-5,NA,NA,NA,NA,NA,NA,NA,NA,NA
NO3N,1970,NA,NA,0.010008638,NA,NA,1.35e-5,NA,NA,NA,NA,NA,NA,NA,NA,NA
NO3N,1971,NA,NA,0.13769675,NA,NA,8.56e-7,NA,NA,NA,NA,NA,NA,NA,NA,NA
NO3N,1972,NA,NA,0.0686516,1.49e-5,2.29e-5,2.99667e-4,NA,NA,NA,NA,NA,NA,NA,NA,NA
NO3N,1973,NA,NA,0.078012598,2.01529e-4,1.10831e-4,7.7e-5,NA,NA,NA,NA,NA,NA,NA,NA,NA
NO3N,1974,NA,NA,0.123060854,9.71e-6,1.46e-5,6.39953e-4,NA,NA,NA,NA,NA,NA,NA,NA,NA
NO3N,1975,NA,NA,0.178928398,2.18631e-4,0.001646506,5.00842e-4,NA,NA,NA,NA,NA,NA,NA,NA,NA
NO3N,1976,NA,NA,0.069040627,0.001861005,4.36848e-4,0.001574104,NA,NA,NA,NA,NA,NA,NA,NA,NA
NO3N,1977,NA,NA,0.160998445,0.002392331,3.39036e-4,0.003345486,NA,NA,NA,NA,NA,4.81108e-4,NA,NA,NA
NO3N,1978,NA,NA,0.069987272,0.002194279,9.79532e-4,0.006111158,NA,NA,NA,NA,NA,0.006364693,NA,NA,NA
NO3N,1979,NA,NA,0.106979682,0.001904263,2.18743e-4,0.001180995,NA,NA,NA,NA,NA,7.11783e-4,NA,NA,NA
NO3N,1980,NA,NA,0.133071351,6.60611e-4,1.50508e-4,8.73453e-4,NA,NA,NA,NA,NA,0.001327218,NA,NA,NA
NO3N,1981,NA,NA,0.083444963,1.64604e-4,2.72e-5,4.97491e-4,NA,NA,NA,NA,NA,0.004879947,0.001773961,3.55813e-4,9.53268e-4
NO3N,1982,NA,NA,0.048923837,1.48134e-4,1.81443e-4,6.14253e-4,NA,NA,NA,NA,NA,NA,0.003969707,4.35777e-4,0.001607202
NO3N,1983,NA,NA,0.05648102,1.27939e-4,2.23429e-4,1.44976e-4,NA,NA,NA,NA,0.010033169,NA,0.003832543,4.267e-4,0.001837688
NO3N,1984,NA,NA,0.006966954,9.32338e-4,2.92886e-4,2.1737e-4,NA,NA,NA,NA,0.001031692,NA,0.007387121,7.94703e-4,0.003119136
NO3N,1985,NA,NA,0.035072727,1.85391e-4,2.31406e-4,1.02904e-4,NA,NA,NA,NA,0.001226081,NA,0.003850732,5.00458e-4,0.0017594
NO3N,1986,NA,NA,0.043321134,1.3301e-4,1.6581e-4,3.31974e-4,NA,NA,NA,NA,0.0013340890000000001,NA,0.005306087,8.5274e-4,0.002841862
NO3N,1987,NA,NA,0.018122424,9.83e-5,2.23365e-4,1.99262e-4,NA,NA,NA,NA,NA,NA,0.007377054,0.001195857,0.002910549
NO3N,1988,NA,NA,0.039398926,NA,NA,1.08914e-4,NA,NA,NA,NA,NA,NA,0.005050709,7.00303e-4,0.001743509
NO3N,1989,0.281284734,NA,0.022741307,NA,NA,5.36099e-4,NA,NA,NA,3.22275e-4,0.001698965,NA,0.004676313,5.19274e-4,0.001365791
NO3N,1990,0.282961482,NA,0.034835378,NA,NA,6.6e-5,NA,NA,NA,1.7115e-4,0.002550239,3.48237e-4,0.004425688,6.86346e-4,0.001948362
NO3N,1991,0.635416972,NA,0.050497308,NA,NA,1.6619e-4,NA,NA,NA,0.002163306,0.002543956,6.74706e-4,0.005821459,0.001060101,0.002935406
NO3N,1992,0.593792802,NA,0.015245033,NA,NA,7.45e-5,NA,NA,NA,NA,1.36e-5,3.36608e-7,0.00296309,6.2744e-4,0.001420362
NO3N,1993,0.686988707,NA,0.014195934,NA,NA,3.76e-5,NA,NA,NA,NA,NA,0.002566531,0.004829833,5.64572e-4,0.001544213
NO3N,1994,0.519682513,NA,0.006283842,NA,NA,2.05e-5,NA,NA,NA,NA,NA,0.00653599,0.003435952,6.82755e-4,0.001410579
NO3N,1995,0.820900784,NA,0.021848084,NA,NA,2.33e-5,NA,NA,NA,0.001115107,0.001013404,3.39116e-4,0.005756626,9.87626e-4,0.002678676
NO3N,1996,0.468392177,NA,0.009387023,NA,NA,2.92434e-4,NA,NA,NA,0.002805077,0.001306042,NA,0.004764599,8.74049e-4,0.001427601
NO3N,1997,0.561157814,NA,0.020884799,NA,NA,1.06509e-4,NA,NA,NA,4.43665e-4,6.26529e-4,NA,0.003342224,6.13018e-4,0.001865621
NO3N,1998,0.54133104,NA,0.026189139,NA,NA,3.23432e-4,NA,NA,NA,8.19545e-4,7.47115e-4,NA,0.022845613,0.002715215,0.004969772
NO3N,1999,1.043344181,NA,0.134969119,NA,NA,8.7e-5,NA,NA,NA,0.001604611,0.001999103,NA,0.027275402,0.001705017,0.003777398
NO3N,2000,0.637543717,NA,0.155784907,NA,NA,1.54158e-4,NA,NA,NA,6.1304e-4,6.40502e-4,NA,0.023873907,0.001232848,0.003319633
NO3N,2001,0.579691585,NA,0.088893423,NA,NA,1.70841e-4,NA,NA,NA,0.001029089,0.006086471,NA,0.011595762,7.41774e-4,0.00294563
NO3N,2002,0.479227682,NA,0.027813245,NA,1.73e-5,4.05e-5,NA,NA,NA,0.013923818,0.008736906,NA,0.00235585,3.42587e-4,0.001681019
NO3N,2003,0.220482783,0.01456558,0.032024999,2.02e-5,2.42e-5,7.19e-5,NA,NA,NA,7.30775e-4,8.88436e-4,0.103628952,0.001629275,5.78364e-4,0.00213231
NO3N,2004,0.182810147,0.018287895,0.032517266,2.05e-5,2.23e-5,2.3e-5,NA,NA,NA,4.31675e-4,5.4431e-4,0.134471489,5.41189e-4,3.88632e-4,0.00105009
NO3N,2005,0.398992753,0.020942384,0.014983263,2.4e-5,3.34e-5,1.08022e-4,NA,NA,NA,8.61563e-4,0.006450674,0.112545953,0.001330336,3.85656e-4,0.002521752
NO3N,2006,0.438695917,0.028155647,0.010515499,9.47e-6,3.38e-5,4.14e-5,NA,NA,NA,5.82969e-4,0.004670489,0.01585266,1.65889e-4,5.7382e-5,6.06174e-4
NO3N,2007,0.714651148,0.01980939,0.045961622,2.35e-7,5.91e-6,2.66e-5,NA,NA,NA,0.003847218,0.003508669,0.014982,7.78131e-5,1.64006e-5,2.32082e-4
NO3N,2008,0.542419943,0.012765846,0.014780114,1.12e-5,1.56e-5,2.68e-5,NA,NA,NA,0.002996905,0.00849317,0.007770483,1.96125e-5,2.8107e-5,2.62416e-4
NO3N,2009,0.186659962,0.010942909,0.015385247,3.55e-6,2.7e-5,2.2e-5,NA,NA,NA,0.002720588,0.001103757,0.031482726,2.1153e-5,NA,3.2355e-4
NO3N,2010,0.446963997,0.015336329,0.013042433,5.06e-5,1.26e-5,2.8e-6,NA,NA,NA,0.005344223,0.006843414,0.005309452,9.8603e-5,7.76878e-5,3.80066e-4
NO3N,2011,0.424411499,0.00961942,0.043492399,1.93e-5,2.05e-5,2.85e-5,NA,NA,NA,0.009877335,0.009946929,0.006452512,NA,NA,NA
NO3N,2012,NA,0.010165057,0.097752757,3.46e-5,2.88e-5,5.92e-5,NA,NA,NA,8.78843e-4,7.6821e-4,0.015478944,NA,NA,NA
NO3N,2013,NA,0.009891596,0.260941891,2.05e-5,3.33e-5,2.19e-5,NA,NA,NA,0.001439538,9.41573e-4,0.010657868,NA,NA,NA
NO3N,2014,NA,0.010545613,0.078665554,2.16e-5,1.17e-5,1.65e-5,NA,NA,NA,0.004524808,0.001248927,0.018417391,NA,NA,NA
NO3N,2015,NA,0.008859149,0.046864116,5.92e-6,1.21e-5,1.22e-5,NA,NA,NA,0.01229889,0.002258652,0.00608342,NA,NA,NA
NO3N,2016,NA,0.009523217,0.018150093,3.2e-5,2.57e-5,3.41e-5,NA,NA,NA,0.002753404,0.001778998,0.001348783,NA,NA,NA
NO3N,2017,NA,0.005218376,0.0135038,3.63e-5,3.22e-5,6.54e-5,NA,NA,NA,0.003248912,0.001855764,NA,NA,NA,NA
NO3N,2018,NA,NA,NA,3.87e-6,8.48e-6,1.66e-5,NA,NA,NA,NA,NA,NA,NA,NA,NA
NO3N,2019,NA,NA,NA,NA,NA,NA,NA,NA,NA,NA,NA,NA,NA,NA,NA
NO3N,2020,NA,NA,NA,NA,NA,NA,NA,NA,NA,NA,NA,NA,NA,NA,NA
TDP,1957,NA,NA,NA,NA,NA,NA,NA,NA,NA,NA,NA,NA,NA,NA,NA
TDP,1958,NA,NA,NA,NA,NA,NA,NA,NA,NA,NA,NA,NA,NA,NA,NA
TDP,1959,NA,NA,NA,NA,NA,NA,NA,NA,NA,NA,NA,NA,NA,NA,NA
TDP,1960,NA,NA,NA,NA,NA,NA,NA,NA,NA,NA,NA,NA,NA,NA,NA
TDP,1961,NA,NA,NA,NA,NA,NA,NA,NA,NA,NA,NA,NA,NA,NA,NA
TDP,1962,NA,NA,NA,NA,NA,NA,NA,NA,NA,NA,NA,NA,NA,NA,NA
TDP,1963,NA,NA,NA,NA,NA,NA,NA,NA,NA,NA,NA,NA,NA,NA,NA
TDP,1964,NA,NA,NA,NA,NA,NA,NA,NA,NA,NA,NA,NA,NA,NA,NA
TDP,1965,NA,NA,NA,NA,NA,NA,NA,NA,NA,NA,NA,NA,NA,NA,NA
TDP,1966,NA,NA,NA,NA,NA,NA,NA,NA,NA,NA,NA,NA,NA,NA,NA
TDP,1967,NA,NA,NA,NA,NA,NA,NA,NA,NA,NA,NA,NA,NA,NA,NA
TDP,1968,NA,NA,NA,NA,NA,NA,NA,NA,NA,NA,NA,NA,NA,NA,NA
TDP,1969,NA,NA,NA,NA,NA,0.002510815,NA,NA,NA,NA,NA,NA,NA,NA,NA
TDP,1970,NA,NA,NA,NA,NA,0.003121571,NA,NA,NA,NA,NA,NA,NA,NA,NA
TDP,1971,NA,NA,NA,NA,NA,0.0044554,NA,NA,NA,NA,NA,NA,NA,NA,NA
TDP,1972,NA,NA,3.58e-5,0.001876782,0.002021688,0.006838215,NA,NA,NA,NA,NA,NA,NA,NA,NA
TDP,1973,NA,NA,5.13e-5,0.0015879,0.00274282,0.001821183,NA,NA,NA,NA,NA,NA,NA,NA,NA
TDP,1974,NA,NA,1.39539e-4,0.001925335,0.002465264,0.002221215,NA,NA,NA,NA,NA,NA,NA,NA,NA
TDP,1975,NA,NA,1.84493e-4,0.001075113,0.001450871,0.003042041,NA,NA,NA,NA,NA,NA,NA,NA,NA
TDP,1976,NA,NA,7.95e-5,0.001688957,0.002424996,0.007098858,NA,NA,NA,NA,NA,NA,NA,NA,NA
TDP,1977,NA,NA,1.32382e-4,0.001165615,0.00189403,0.002718188,NA,NA,NA,NA,NA,NA,NA,NA,NA
TDP,1978,NA,NA,2.6228e-4,0.002852319,0.005030392,0.007359107,NA,NA,NA,NA,NA,NA,NA,NA,NA
TDP,1979,NA,NA,3.45409e-4,0.001730963,0.002226394,0.002325906,NA,NA,NA,NA,NA,NA,NA,NA,NA
TDP,1980,NA,NA,2.58204e-4,0.00198856,0.002697055,0.003319668,NA,NA,NA,NA,NA,NA,NA,NA,NA
TDP,1981,NA,NA,1.11072e-4,0.001448752,0.00209717,0.00334459,NA,NA,NA,NA,NA,NA,2.19109e-5,4.77252e-6,1.07575e-5
TDP,1982,NA,NA,2.08605e-4,0.001738754,0.001811716,0.006034816,NA,NA,NA,NA,NA,NA,8.85472e-5,8.74809e-6,2.40243e-5
TDP,1983,NA,NA,2.17058e-4,0.001384922,0.001657908,0.002156381,NA,NA,NA,NA,0.025966412,NA,7.09362e-5,7.20096e-6,5.4663800000000003e-05
TDP,1984,NA,NA,1.42668e-4,0.001485933,0.002113268,0.002631079,NA,NA,NA,NA,0.006176377,NA,1.50107e-4,1.03993e-5,5.64071e-5
TDP,1985,NA,NA,1.58286e-4,0.001658382,0.001919632,0.001714715,NA,NA,NA,NA,0.022734031,NA,5.65491e-5,3.03456e-6,1.79659e-5
TDP,1986,NA,NA,3.98433e-4,9.72517e-4,0.0012597350000000001,0.003057972,NA,NA,NA,NA,0.017742288,NA,9.7018e-5,6.24879e-6,2.34973e-5
TDP,1987,NA,NA,1.47513e-4,0.001771311,0.002406181,0.002455023,NA,NA,NA,NA,0.01672539,NA,1.00656e-4,8.24701e-6,2.45177e-5
TDP,1988,NA,NA,3.58188e-4,NA,NA,0.001863625,NA,NA,NA,NA,0.012414713,NA,2.22434e-5,2.2496e-6,1.1191e-5
TDP,1989,NA,NA,8.39e-5,NA,NA,0.005163902,NA,NA,NA,0.002179481,0.002105631,NA,2.24158e-5,2.36895e-6,8.52166e-6
TDP,1990,NA,NA,1.10876e-4,NA,NA,0.001160962,NA,NA,NA,2.57656e-4,0.005040355,NA,2.75669e-5,3.09145e-6,1.24988e-5
TDP,1991,NA,NA,1.92512e-4,NA,NA,0.004485907,NA,NA,NA,0.002764363,0.001840146,NA,2.34928e-5,2.64709e-6,8.46622e-6
TDP,1992,NA,NA,1.25855e-4,NA,NA,0.003252063,NA,NA,NA,0.005498543,0.008844605,NA,1.65327e-5,2.19252e-6,9.57763e-6
TDP,1993,NA,NA,6.54e-5,NA,NA,0.002343948,NA,NA,NA,0.002108105,0.002795166,NA,3.45977e-5,2.33941e-6,6.36617e-6
TDP,1994,NA,NA,2.79e-5,NA,NA,0.001375604,NA,NA,NA,9.92149e-4,0.001297083,NA,1.39229e-5,3.73023e-6,6.51716e-6
TDP,1995,NA,NA,5.03e-5,NA,NA,0.001054392,NA,NA,NA,0.001280833,0.003207267,NA,3.41187e-5,2.35222e-6,8.05686e-6
TDP,1996,NA,NA,4.19e-5,NA,NA,0.005456323,NA,NA,NA,0.003682361,0.001922835,NA,1.73219e-5,2.45178e-6,5.30838e-6
TDP,1997,NA,NA,7.68e-5,NA,NA,0.00167213,NA,NA,NA,0.001655346,0.002353238,NA,1.31833e-5,1.39032e-6,4.68944e-6
TDP,1998,NA,NA,1.37767e-4,NA,NA,0.001630947,NA,NA,NA,0.001019183,0.001187701,NA,3.05155e-5,4.15088e-6,7.64236e-6
TDP,1999,NA,NA,1.61177e-4,NA,NA,0.002510979,NA,NA,NA,0.002066532,0.002266009,NA,1.70918e-5,2.14183e-6,8.26968e-6
TDP,2000,NA,NA,4.83738e-4,NA,NA,0.002622892,NA,NA,NA,0.001697957,0.003524382,NA,3.67371e-5,5.64975e-6,1.45319e-5
TDP,2001,NA,NA,2.06804e-4,NA,NA,0.002389511,NA,NA,NA,0.003316924,0.002951153,NA,8.80312e-5,6.43426e-6,2.73072e-5
TDP,2002,NA,NA,1.72696e-4,NA,7.88444e-4,0.00248383,NA,NA,NA,0.001917952,0.002124449,NA,3.43514e-5,3.05202e-6,1.22965e-5
TDP,2003,NA,NA,1.5622e-4,7.9217e-4,0.001003183,0.001665758,NA,NA,NA,0.001991819,0.011099908,0.048407057,5.38263e-5,5.58132e-6,2.35357e-5
TDP,2004,NA,NA,1.35157e-4,8.13937e-4,0.001083473,0.001391628,NA,NA,NA,9.25634e-4,0.001542113,0.067235744,3.88827e-5,6.92693e-6,1.71418e-5
TDP,2005,NA,NA,5.43e-5,0.001238332,0.00175367,0.003309435,NA,NA,NA,0.00174634,0.001090953,0.06445101,2.91618e-5,2.44614e-6,2.93566e-5
TDP,2006,NA,0.01369391,1.83e-5,9.43827e-4,0.001196833,0.001867196,NA,NA,NA,0.002790925,0.002661555,0.011104055,NA,NA,NA
TDP,2007,NA,NA,2.55e-5,0.001098394,0.001320219,0.002357803,NA,NA,NA,0.002184875,0.002374674,0.007039176,1.46755e-5,7.92431e-7,7.50545e-6
TDP,2008,NA,4.17643e-4,3.29e-5,0.00115314,0.001305594,0.001492742,NA,NA,NA,0.002110123,0.003963252,0.012006582,1.74273e-5,1.05321e-6,4.26675e-6
TDP,2009,NA,4.47742e-4,2.5e-5,9.83117e-4,0.001326271,0.002124777,NA,NA,NA,0.003273802,0.001667,0.006649673,1.18391e-6,NA,3.41255e-6
TDP,2010,NA,3.66439e-4,2.72e-5,0.001407893,0.001900265,0.002258517,NA,NA,NA,0.001131387,0.001824396,0.003654979,1.41468e-5,2.08063e-6,5.29299e-6
TDP,2011,NA,4.23796e-4,3.12e-5,5.93226e-4,8.09078e-4,0.002280659,NA,NA,NA,0.002374616,0.002433944,0.00365744,NA,NA,NA
TDP,2012,NA,2.66907e-4,8.46e-5,3.99968e-4,5.41369e-4,0.001391746,NA,NA,NA,0.001851541,0.002299583,0.009365513,NA,NA,NA
TDP,2013,NA,1.04118e-4,3.92685e-4,6.75867e-4,0.001156556,0.00113716,NA,NA,NA,0.002102287,0.004032508,0.005480623,NA,NA,NA
TDP,2014,NA,1.55182e-4,5.57e-5,4.52014e-4,6.79781e-4,0.001082686,NA,NA,NA,0.001453821,0.001304796,0.010233217,NA,NA,NA
TDP,2015,NA,3.61997e-4,4.75e-5,4.20575e-4,6.31153e-4,7.02039e-4,NA,NA,NA,0.002433887,0.002949652,0.004347731,NA,NA,NA
TDP,2016,NA,2.05243e-4,5.03e-5,8.22778e-4,0.001370315,0.001772482,NA,NA,NA,0.005091327,0.005239696,5.54392e-4,NA,NA,NA
TDP,2017,NA,1.57339e-4,4.65e-5,6.99746e-4,9.83217e-4,0.002892174,NA,NA,NA,0.015427108,0.007605218,NA,NA,NA,NA
TDP,2018,NA,NA,NA,7.17099e-4,0.001045808,0.002428493,NA,NA,NA,NA,NA,NA,NA,NA,NA
TDP,2019,NA,NA,NA,NA,NA,NA,NA,NA,NA,NA,NA,NA,NA,NA,NA
TDP,2020,NA,NA,NA,NA,NA,NA,NA,NA,NA,NA,NA,NA,NA,NA,NA
SO4S,1957,NA,NA,NA,NA,NA,NA,NA,NA,NA,NA,NA,NA,NA,NA,NA
SO4S,1958,NA,NA,NA,NA,NA,NA,NA,NA,NA,NA,NA,NA,NA,NA,NA
SO4S,1959,NA,NA,NA,NA,NA,NA,NA,NA,NA,NA,NA,NA,NA,NA,NA
SO4S,1960,NA,NA,NA,NA,NA,NA,NA,NA,NA,NA,NA,NA,NA,NA,NA
SO4S,1961,NA,NA,NA,NA,NA,NA,NA,NA,NA,NA,NA,NA,NA,NA,NA
SO4S,1962,NA,NA,NA,NA,NA,NA,NA,NA,NA,NA,NA,NA,NA,NA,NA
SO4S,1963,NA,NA,NA,NA,NA,NA,NA,NA,NA,NA,NA,NA,NA,NA,NA
SO4S,1964,NA,NA,NA,NA,NA,NA,NA,NA,NA,NA,NA,NA,NA,NA,NA
SO4S,1965,NA,NA,NA,NA,NA,NA,NA,NA,NA,NA,NA,NA,NA,NA,NA
SO4S,1966,NA,NA,NA,NA,NA,NA,NA,NA,NA,NA,NA,NA,NA,NA,NA
SO4S,1967,NA,NA,NA,NA,NA,NA,NA,NA,NA,NA,NA,NA,NA,NA,NA
SO4S,1968,NA,NA,NA,NA,NA,NA,NA,NA,NA,NA,NA,NA,NA,NA,NA
SO4S,1969,NA,NA,NA,NA,NA,NA,NA,NA,NA,NA,NA,NA,NA,NA,NA
SO4S,1970,NA,NA,0.014468442,NA,NA,NA,NA,NA,NA,NA,NA,NA,NA,NA,NA
SO4S,1971,NA,NA,0.304396063,NA,NA,0.028305246,NA,NA,NA,NA,NA,NA,NA,NA,NA
SO4S,1972,NA,NA,0.235992278,NA,NA,0.023039115,NA,NA,NA,NA,NA,NA,NA,NA,NA
SO4S,1973,NA,NA,0.296305457,NA,NA,NA,NA,NA,NA,NA,NA,NA,NA,NA,NA
SO4S,1974,NA,NA,0.372365458,NA,NA,NA,NA,NA,NA,NA,NA,NA,NA,NA,NA
SO4S,1975,NA,NA,0.359208232,NA,NA,NA,NA,NA,NA,NA,NA,NA,NA,NA,NA
SO4S,1976,NA,NA,0.188412968,NA,NA,NA,NA,NA,NA,NA,NA,NA,NA,NA,NA
SO4S,1977,NA,NA,0.318681145,NA,NA,NA,NA,NA,NA,NA,NA,0.290649609,NA,NA,NA
SO4S,1978,NA,NA,0.300461088,NA,NA,NA,NA,NA,NA,NA,NA,0.628487084,NA,NA,NA
SO4S,1979,NA,NA,0.438705365,0.006843895,0.006433851,0.010048286,NA,NA,NA,NA,NA,0.324780626,NA,NA,NA
SO4S,1980,NA,NA,0.347139164,2.65e-5,3.73e-5,1.76e-5,NA,NA,NA,NA,NA,0.385483181,NA,NA,NA
SO4S,1981,NA,NA,0.266002534,NA,NA,NA,NA,NA,NA,NA,NA,0.453816038,0.027527077,0.003949267,0.012651639
SO4S,1982,NA,NA,0.359461009,NA,NA,NA,NA,NA,NA,NA,NA,NA,0.069913709,0.007610514,0.026758388
SO4S,1983,NA,NA,0.375961872,NA,NA,NA,NA,NA,NA,NA,NA,NA,0.066818842,0.006821619,0.03434394
SO4S,1984,NA,NA,0.172868033,0.001305585,0.001229829,0.001264533,NA,NA,NA,NA,NA,NA,0.079923289,0.007070106,0.035034723
SO4S,1985,NA,NA,0.214527881,NA,NA,NA,NA,NA,NA,NA,0.041700581,NA,0.040924863,0.003721914,0.015832277
SO4S,1986,NA,NA,0.286981189,NA,NA,NA,NA,NA,NA,NA,0.04814479,NA,0.051666618,0.005145512,0.020731868
SO4S,1987,NA,NA,0.167238785,NA,NA,NA,NA,NA,NA,NA,NA,NA,0.068038217,0.007905269,0.021388658
SO4S,1988,NA,NA,0.269104886,NA,NA,NA,NA,NA,NA,NA,NA,NA,0.058123458,0.006989903,0.019476932
SO4S,1989,6.949206425,NA,0.165248296,NA,NA,0.03063721,NA,NA,NA,0.010750227,0.019135463,NA,0.048031661,0.005254527,0.016255149
SO4S,1990,8.070784051,NA,0.138286485,NA,NA,0.006926791,NA,NA,NA,8.94094e-4,0.048548762,0.012038188,0.053421024,0.006131633,0.020264983
SO4S,1991,8.984505912,NA,0.188697243,NA,NA,0.01101129,NA,NA,NA,0.35679856,0.103946901,0.011115279,0.059442338,0.007333255,0.023881635
SO4S,1992,9.89486442,NA,0.193075799,NA,NA,0.011403916,NA,NA,NA,NA,1.17323e-4,1.31791e-6,0.042668731,0.006136883,0.016474066
SO4S,1993,10.76056393,NA,0.166580988,NA,NA,0.006367583,NA,NA,NA,NA,NA,0.012488196,0.071268519,0.005904368,0.016927931
SO4S,1994,12.04202261,NA,0.170411529,NA,NA,0.007446643,NA,NA,NA,NA,NA,0.012897597,0.036379759,0.005385381,0.012730877
SO4S,1995,11.32217792,NA,0.197987251,NA,NA,0.003499153,NA,NA,NA,0.013943161,0.009773018,0.01064997,0.048772496,0.006213169,0.019452143
SO4S,1996,11.827748,NA,0.115077055,NA,NA,0.0207871,NA,NA,NA,0.016273348,0.010803539,NA,0.03786019,0.005203077,0.013016807
SO4S,1997,11.3641759,NA,0.255336845,NA,NA,0.004033184,NA,NA,NA,0.006912547,0.00968086,NA,0.030779445,0.004745044,0.014007338
SO4S,1998,11.62333972,NA,0.250211431,NA,NA,0.004269055,NA,NA,NA,0.01420281,0.004993225,NA,0.065808511,0.007892658,0.027017351
SO4S,1999,11.57295173,NA,0.359304872,NA,NA,0.006567019,NA,NA,NA,0.002243047,0.015321405,NA,0.029315337,0.004750941,0.016901033
SO4S,2000,11.57973871,NA,0.655181111,NA,NA,0.006994926,NA,NA,NA,0.007917648,0.004714501,NA,0.038598672,0.006025154,0.016753503
SO4S,2001,11.9011926,NA,0.472035125,NA,NA,0.008210568,NA,NA,NA,0.04533101,0.037672385,NA,0.045206915,0.004960647,0.017901491
SO4S,2002,12.4880404,NA,0.356374781,NA,0.002169577,0.006566006,NA,NA,NA,0.006970957,0.002471126,NA,0.027368474,0.002907757,0.012656856
SO4S,2003,11.84580001,0.022262719,0.285143807,0.003857263,0.002584512,0.005185068,NA,NA,NA,0.00520211,0.034220262,NA,0.029959074,0.003901707,0.015486015
SO4S,2004,11.7589578,0.022692685,0.372411745,0.003855843,0.002305509,0.004749054,NA,NA,NA,0.006393587,0.008249308,NA,0.019961128,0.00363095,0.009431519
SO4S,2005,11.27139374,0.02094673,0.247579254,0.004324843,0.003188874,0.009688695,NA,NA,NA,0.013720153,0.015170178,NA,0.015901369,0.001744008,0.014017136
SO4S,2006,10.12862357,0.02304488,0.147505086,0.003296758,0.002487844,0.004690223,NA,NA,NA,0.014004903,0.041309386,NA,NA,NA,NA
SO4S,2007,9.899376001,0.023314776,0.195047348,0.003452221,0.002550032,0.005811886,NA,NA,NA,0.037986775,0.092323329,4.58188e-4,0.01305583,5.98692e-4,0.004656944
SO4S,2008,10.39230188,0.025147492,0.14900374,0.003546279,0.002526973,0.003967744,NA,NA,NA,0.046405023,0.099904861,1.032521203,0.006435158,4.51371e-4,0.003861565
SO4S,2009,10.66480201,0.026104917,0.165424665,0.002857435,0.002322686,0.005601336,NA,NA,NA,0.033289023,0.026625382,0.953500749,0.002202299,NA,0.003923843
SO4S,2010,9.807148542,0.021983406,0.183366681,0.005014593,0.003883897,0.007066267,NA,NA,NA,0.010807504,0.008734616,1.079007037,0.015872901,0.002602304,0.006866262
SO4S,2011,10.20698527,0.021737243,0.182405577,0.003484397,0.002810359,0.007405579,NA,NA,NA,0.00756795,0.004710028,1.900556323,NA,NA,NA
SO4S,2012,NA,0.02198307,0.183350216,0.002556146,0.002009819,0.004797425,NA,NA,NA,0.026342023,0.008091617,1.6113587089999999,NA,NA,NA
SO4S,2013,NA,0.024069916,0.458217626,0.003887639,0.003241868,0.00481084,NA,NA,NA,0.048527818,0.021734272,0.954264426,NA,NA,NA
SO4S,2014,NA,0.020504502,0.078761478,0.002492857,0.001905917,0.003840946,NA,NA,NA,0.024657994,0.010180104,1.263169126,NA,NA,NA
SO4S,2015,NA,0.02645982,0.08086715,0.002161614,0.001576943,0.002560706,NA,NA,NA,0.014335504,0.003876772,0.756899472,NA,NA,NA
SO4S,2016,NA,0.02062824,0.085681475000000007,0.004350126,0.003733399,0.006269942,NA,NA,NA,0.037491793,0.009934024,0.053468852,NA,NA,NA
SO4S,2017,NA,0.019796181,0.079426898,0.004120771,0.003410774,0.009334562,NA,NA,NA,0.047257057,1.85744e-4,NA,NA,NA,NA
SO4S,2018,NA,NA,NA,0.003791627,0.002947556,0.007036817,NA,NA,NA,NA,NA,NA,NA,NA,NA
SO4S,2019,NA,NA,NA,NA,NA,NA,NA,NA,NA,NA,NA,NA,NA,NA,NA
SO4S,2020,NA,NA,NA,NA,NA,NA,NA,NA,NA,NA,NA,NA,NA,NA,NA
