solute,WaterYear,BBWM_EB,CWT_CWT18,DOR_HP3,DOR_HP3A,DOR_HP5,DOR_HP6,DOR_HP6A,ELA_EIF,ELA_NEIF,ELA_NWIF,HBEF_WS6,HBEF_WS7,HBEF_WS8,HBEF_WS9,HJA_HJA08,HJA_HJA09,MEF_S2,MEF_S5,SEF_WS80,SLP_SLPW9,TLW_C32,TLW_C35,TLW_C38
Ca,1961,NA,NA,NA,NA,NA,NA,NA,NA,NA,NA,NA,NA,NA,NA,NA,NA,NA,NA,NA,NA,NA,NA,NA
Ca,1962,NA,NA,NA,NA,NA,NA,NA,NA,NA,NA,NA,NA,NA,NA,NA,NA,NA,NA,NA,NA,NA,NA,NA
Ca,1963,NA,NA,NA,NA,NA,NA,NA,NA,NA,NA,NA,NA,NA,NA,NA,NA,NA,NA,NA,NA,NA,NA,NA
Ca,1964,NA,NA,NA,NA,NA,NA,NA,NA,NA,NA,NA,NA,NA,NA,NA,NA,NA,NA,NA,NA,NA,NA,NA
Ca,1965,NA,NA,NA,NA,NA,NA,NA,NA,NA,NA,0.992941176,NA,NA,NA,NA,NA,NA,NA,NA,NA,NA,NA,NA
Ca,1966,NA,NA,NA,NA,NA,NA,NA,NA,NA,NA,1.327471698,NA,NA,NA,NA,NA,NA,NA,NA,NA,NA,NA,NA
Ca,1967,NA,NA,NA,NA,NA,NA,NA,NA,NA,NA,1.255208333,NA,NA,NA,NA,NA,NA,NA,NA,NA,NA,NA,NA
Ca,1968,NA,NA,NA,NA,NA,NA,NA,NA,NA,NA,1.274772727,NA,NA,NA,NA,NA,NA,NA,NA,NA,NA,NA,NA
Ca,1969,NA,NA,NA,NA,NA,NA,NA,NA,NA,NA,1.275277778,NA,NA,NA,NA,3.09,NA,NA,NA,NA,NA,NA,NA
Ca,1970,NA,NA,NA,NA,NA,NA,NA,NA,NA,NA,1.5022,NA,NA,NA,NA,3.86,NA,NA,NA,NA,NA,NA,NA
Ca,1971,NA,NA,NA,NA,NA,NA,NA,2.770405405,1.492,1.480266667,1.462777778,NA,NA,NA,NA,3.59,NA,NA,NA,NA,NA,NA,NA
Ca,1972,NA,NA,NA,NA,NA,NA,NA,2.618333333,1.337407407,1.547666667,1.331481481,NA,NA,NA,2.43,3.32,NA,NA,NA,NA,NA,NA,NA
Ca,1973,NA,NA,NA,NA,NA,NA,NA,2.619333333,1.31037037,1.324333333,1.318846154,NA,NA,NA,2.02,2.78,NA,NA,NA,NA,NA,NA,NA
Ca,1974,NA,NA,NA,NA,NA,NA,NA,3.201875,1.479259259,1.492333333,1.385454545,NA,NA,NA,2.76,3.46,NA,NA,NA,NA,NA,NA,NA
Ca,1975,NA,NA,NA,NA,NA,NA,NA,3.269302326,1.51375,1.541428571,1.358653846,1.679333333,1.4325,NA,2.37,2.92,NA,NA,NA,NA,NA,NA,NA
Ca,1976,NA,NA,NA,NA,NA,NA,NA,3.667272727,1.827142857,1.65,1.276226415,1.409791667,1.209591837,NA,3.32,4.01,NA,NA,NA,NA,NA,NA,NA
Ca,1977,NA,NA,NA,NA,NA,NA,NA,3.8534375,2.418571429,1.951851852,1.186666667,1.298108108,1.092571429,NA,3.52,4.85,NA,NA,9.479166667,NA,NA,NA,NA
Ca,1978,NA,NA,NA,NA,NA,NA,NA,3.64,1.892758621,1.652333333,1.151886792,1.459189189,1.177297297,NA,2.68,3.75,NA,NA,12.76538462,NA,NA,NA,NA
Ca,1979,NA,NA,NA,NA,NA,NA,NA,3.484666667,1.613333333,1.591428571,1.1136,1.28,0.98,NA,3.5,4.36,NA,NA,11.55384615,NA,NA,NA,NA
Ca,1980,NA,NA,NA,NA,NA,NA,NA,4.391875,3.101363636,2.924666667,1.132407407,NA,NA,NA,3.14,3.93,NA,NA,9.163461538,NA,NA,NA,NA
Ca,1981,NA,NA,NA,NA,NA,NA,NA,4.082,2.29047619,3.004482759,1.130196078,NA,NA,NA,2.97,4.14,NA,NA,11.87115385,NA,7.141714286,4.657285714,5.20725
Ca,1982,NA,NA,NA,NA,NA,NA,NA,NA,1.948095238,2.28,1.017407407,NA,NA,NA,2.85,3.9,NA,NA,9.022727273,NA,8.3675,5.047169811,7.013888889
Ca,1983,NA,NA,NA,NA,NA,NA,NA,3.302,1.868095238,2.073478261,0.981666667,NA,NA,NA,2.89,3.99,NA,NA,7.94,NA,8.210869565,5.002033898,5.944347826
Ca,1984,NA,NA,NA,NA,NA,NA,NA,4.834,4.506,3.106,0.909298246,NA,NA,NA,3.03,3.49,2.284615385,NA,NA,NA,7.837073171,4.714107143,6.951190476
Ca,1985,NA,NA,NA,NA,NA,NA,NA,3.537857143,2.012666667,2.067931034,0.939433962,NA,NA,NA,2.96,3.47,1.966666667,NA,NA,NA,7.9875,4.638780488,5.649
Ca,1986,NA,NA,NA,NA,NA,NA,NA,3.490588235,2.068666667,1.981875,0.947115385,NA,NA,NA,3.38,4.09,1.815384615,NA,NA,NA,6.699189189,4.865681818,5.7925
Ca,1987,NA,NA,NA,NA,NA,NA,NA,4.212307692,3.385714286,2.563333333,0.918148148,NA,NA,NA,3.44,4.4,2.016666667,NA,NA,NA,9.166428571,5.18047619,NA
Ca,1988,NA,NA,NA,NA,NA,NA,NA,NA,4.83,NA,0.930754717,NA,NA,NA,3.27,4.28,1.873333333,NA,NA,NA,8.028,5.101904762,6.394871795
Ca,1989,6.700380571,NA,NA,NA,NA,NA,NA,3.806363636,2.463529412,2.906388889,1.015087719,NA,NA,NA,3.1,4.05,1.51,1.558333333,NA,NA,8.045128205,4.71175,6.147297297
Ca,1990,5.602092834,NA,NA,NA,NA,NA,NA,4.760571429,4.084,3.16625,0.947321429,1.19,NA,NA,3.24,4.28,2.775,2.371428571,13.18582258,NA,8.287333333,4.957058824,7.559714286
Ca,1991,5.165964733,NA,NA,NA,NA,NA,NA,4.498214286,3.9064,2.640357143,0.880727273,1.166666667,NA,NA,3.19,4.39,2.6625,3.344444444,12.08255882,NA,8.498918919,4.983902439,6.237297297
Ca,1992,5.923860667,NA,NA,NA,NA,NA,NA,3.604576271,2.175961538,1.9475,0.886666667,NA,NA,NA,3.1,4.37,2.694736842,3.014285714,9.49,49.46799715,7.685714286,4.970930233,6.37825
Ca,1993,4.993094708,NA,NA,NA,NA,NA,NA,4.141578947,1.868285714,1.878055556,0.839655172,NA,NA,NA,3.24,4.46,2.60625,2.375,12.44619048,50.03647078,7.5,4.656046512,5.895714286
Ca,1994,4.976323375,NA,NA,NA,NA,NA,NA,4.6575,2.19,1.685,0.85,NA,NA,NA,3.45,4.74,2.022222222,2.1,16.04960784,37.9017766,7.450333333,4.63325,6.69
Ca,1995,4.663378695,NA,NA,2.993636364,NA,3.167272727,NA,4.509230769,1.492,1.774,0.858245614,1.05,0.82,0.62,3.16,4.36,2.157142857,2.411764706,6.799230769,81.88864439,7.382205882,5.029432432,7.5352
Ca,1996,5.011381743,NA,3.041944444,2.825555556,2.153428571,3.330857143,1.969428571,4.619310345,1.698571429,1.952666667,0.735483871,1.073207547,0.907735849,0.74490566,3.1,4.08,2.353333333,2.611764706,NA,36.32198533,7.134555556,4.535926829,6.143153846
Ca,1997,4.644520601,NA,2.952244898,2.684489796,2.297021277,3.300416667,1.823404255,5.598947368,1.353333333,1.60375,0.722916667,0.990925926,0.840925926,0.681851852,2.69,3.88,2.05,2.45625,NA,30.70326155,7.352928571,4.234595238,5.390128205
Ca,1998,3.410030473,NA,4.898695652,2.854,3.614117647,5.756444444,5.688888889,4.905909091,2.081333333,2.180588235,0.756973684,1.026415094,0.848301887,0.696296296,3.34,4.3,1.975,2.766666667,NA,19.46056451,7.599045455,4.790588235,9.935724138
Ca,1999,3.824591602,NA,4.974761905,2.97875,4.174736842,5.558421053,4.753846154,4.737727273,2.295789474,1.859565217,0.79,1.027692308,0.850961538,0.668709677,2.86,3.92,1.906666667,2.227777778,NA,212.8732273,7.759741935,4.204055556,6.502272727
Ca,2000,3.68353555,NA,3.424117647,2.921875,3.144242424,3.472666667,2.413548387,4.033461538,1.640384615,1.522307692,0.720697674,1.022037037,0.883773585,0.733692308,2.98,3.97,2.215384615,2.221428571,NA,45.90353322,8.21496875,4.128472222,5.46428125
Ca,2001,5.093527516,NA,3.150857143,2.926857143,2.758823529,3.425882353,1.933333333,4.245,1.355416667,1.424814815,0.728630137,1.018148148,0.856481481,0.735,3.51,4.59,1.97,2.55,NA,500.4140114,8.964870968,4.756243243,6.14072973
Ca,2002,3.997139289,NA,3.006956522,2.8576,2.9328,3.67826087,2.263,3.85125,1.483809524,1.464642857,0.728113208,1.050196078,0.945,0.719,3.22,4.09,2.285714286,2.76875,NA,246.1310313,7.190384615,4.204612903,6.937758621
Ca,2003,3.496273567,0.623791654,4.057297297,2.926060606,3.395348837,4.256097561,4.238064516,4.3925,2.374285714,1.614117647,0.701818182,1.015660377,0.919818182,0.704516129,3.15,4.31,2.054545455,2.8,NA,52.94139448,7.767692308,4.261866667,5.8193
Ca,2004,4.602940818,0.588782827,3.00974359,2.916842105,2.851,3.267027027,2.624444444,4.120769231,1.914347826,1.6924,0.653548387,0.934423077,0.790188679,0.601822581,3.17,4.11,2.069230769,2.581818182,11.35374074,28.82448423,7.39856,4.369623333,5.454494286
Ca,2005,4.341511556,0.671522654,3.346470588,2.868823529,2.944210526,3.789714286,3.095,3.694,1.385,1.504444444,0.657719298,0.947358491,0.775566038,0.644210526,3.7,4.83,1.927272727,2.266666667,8.576083333,51.9238475,2.319654839,1.238853571,2.512428571
Ca,2006,4.136313656,0.588993038,4.058064516,2.876551724,5.011515152,4.50625,2.864444444,3.105833333,2.705,1.835384615,0.624909091,0.870192308,0.754807692,0.604444444,3.02,4.12,1.885714286,2.342857143,10.62595052,18.81587554,NA,NA,NA
Ca,2007,3.431785812,0.666566231,3.54,2.795609756,2.894761905,2.917073171,2.253658537,3.558125,3.722631579,2.145789474,0.616363636,0.890961538,0.773461538,0.627272727,2.92,4.02,2.755555556,3.38,12.28296111,41.53196988,9.9093,4.796925,12.4648
Ca,2008,3.555021304,0.663599117,4.6825,2.803589744,3.420930233,3.703684211,2.883636364,3.612941176,1.739411765,1.575882353,0.646724138,0.894423077,0.764313725,0.6225,3.37,4.18,2.861538462,2.994117647,12.14159477,25.66885279,7.20105,4.04525,11.28416
Ca,2009,3.256828161,0.586158667,2.716666667,2.664347826,2.165306122,3.383478261,1.515319149,3.503478261,1.574761905,1.567826087,0.590526316,0.84,0.667843137,0.540350877,3.19,4.32,2.4,2.883333333,12.16631199,40.72468487,NA,5.6076,18.02
Ca,2010,3.233907856,0.579017115,2.95875,2.649032258,2.446666667,4.123870968,1.628387097,4.366956522,1.568571429,1.614,0.587857143,0.831153846,0.654528302,0.549473684,3.28,4.54,2.92,3.707142857,12.67154644,49.21531743,11.28348571,5.0237,8.378088889
Ca,2011,3.562674935,0.705709904,2.895,2.658181818,NA,NA,1.883902439,3.8085,1.352222222,1.385882353,0.585892857,0.807777778,0.68148148099999994,0.571470588,3.19,4.27,2.2,2.3625,9.595144928,46.42449981,NA,NA,NA
Ca,2012,3.897012573,0.676294288,2.946842105,NA,NA,NA,3.393548387,3.734545455,2.04,2.163,0.557307692,0.892884615,0.652115385,NA,3.07,4.24,2.1,2.3,9.94797619,42.7961072,NA,NA,NA
Ca,2013,3.281403174,0.601205604,3.061666667,NA,NA,NA,1.772903226,3.849,2.158461538,1.96,0.573965517,0.771923077,0.668846154,NA,3.33,4.44,2.558333333,3.09,10.00839321,18.9900793,NA,NA,NA
Ca,2014,NA,0.577588255,2.755151515,NA,NA,NA,1.805925926,3.95,NA,1.97,0.614192308,0.822451923,0.699011538,NA,3.36,4.52,2.38125,2.9875,9.035428571,59.52516896,NA,NA,NA
Ca,2015,NA,0.684156863,2.174,NA,NA,NA,1.2,4.678,1.992,2.398125,0.571167308,0.844125,0.694642308,NA,3.5,4.55,2.492857143,2.986666667,8.487126068,46.95830006,NA,NA,NA
Ca,2016,NA,0.693553846,2.353548387,NA,NA,NA,NA,4.870740741,1.9175,2.06962963,0.530154717,0.755932075,0.659542308,NA,3.25,4.1,2.38,2.695238095,8.770477912,35.97722023,NA,NA,NA
Ca,2017,NA,0.731876923,4.353333333,NA,NA,NA,NA,NA,NA,NA,0.522065385,0.803119231,0.709215385,NA,3.37,4.42,2.075,2.85,8.629344086,33.4862684,NA,NA,NA
Ca,2018,NA,NA,NA,NA,NA,NA,NA,NA,NA,NA,NA,NA,NA,NA,3.46,4.52,NA,NA,16.1025,73.11013288,NA,NA,NA
Ca,2019,NA,NA,NA,NA,NA,NA,NA,NA,NA,NA,NA,NA,NA,NA,NA,NA,NA,NA,NA,NA,NA,NA,NA
Ca,2020,NA,NA,NA,NA,NA,NA,NA,NA,NA,NA,NA,NA,NA,NA,NA,NA,NA,NA,NA,NA,NA,NA,NA
DOC,1961,NA,NA,NA,NA,NA,NA,NA,NA,NA,NA,NA,NA,NA,NA,NA,NA,NA,NA,NA,NA,NA,NA,NA
DOC,1962,NA,NA,NA,NA,NA,NA,NA,NA,NA,NA,NA,NA,NA,NA,NA,NA,NA,NA,NA,NA,NA,NA,NA
DOC,1963,NA,NA,NA,NA,NA,NA,NA,NA,NA,NA,NA,NA,NA,NA,NA,NA,NA,NA,NA,NA,NA,NA,NA
DOC,1964,NA,NA,NA,NA,NA,NA,NA,NA,NA,NA,NA,NA,NA,NA,NA,NA,NA,NA,NA,NA,NA,NA,NA
DOC,1965,NA,NA,NA,NA,NA,NA,NA,NA,NA,NA,NA,NA,NA,NA,NA,NA,NA,NA,NA,NA,NA,NA,NA
DOC,1966,NA,NA,NA,NA,NA,NA,NA,NA,NA,NA,NA,NA,NA,NA,NA,NA,NA,NA,NA,NA,NA,NA,NA
DOC,1967,NA,NA,NA,NA,NA,NA,NA,NA,NA,NA,NA,NA,NA,NA,NA,NA,NA,NA,NA,NA,NA,NA,NA
DOC,1968,NA,NA,NA,NA,NA,NA,NA,NA,NA,NA,NA,NA,NA,NA,NA,NA,NA,NA,NA,NA,NA,NA,NA
DOC,1969,NA,NA,NA,NA,NA,NA,NA,NA,NA,NA,NA,NA,NA,NA,NA,NA,NA,NA,NA,NA,NA,NA,NA
DOC,1970,NA,NA,NA,NA,NA,NA,NA,NA,NA,NA,NA,NA,NA,NA,NA,NA,NA,NA,NA,NA,NA,NA,NA
DOC,1971,NA,NA,NA,NA,NA,NA,NA,19.08206897,27.46857143,16.85333333,NA,NA,NA,NA,NA,NA,NA,NA,NA,NA,NA,NA,NA
DOC,1972,NA,NA,NA,NA,NA,NA,NA,17.03785714,23.304,14.9,NA,NA,NA,NA,NA,NA,NA,NA,NA,NA,NA,NA,NA
DOC,1973,NA,NA,NA,NA,NA,NA,NA,17.7,30.08142857,15.48,NA,NA,NA,NA,NA,NA,NA,NA,NA,NA,NA,NA,NA
DOC,1974,NA,NA,NA,NA,NA,NA,NA,15.67285714,21.944,13.73555556,NA,NA,NA,NA,NA,NA,NA,NA,NA,NA,NA,NA,NA
DOC,1975,NA,NA,NA,NA,NA,NA,NA,15.11771429,24.4304,13.63709091,NA,NA,NA,NA,NA,NA,NA,NA,NA,NA,NA,NA,NA
DOC,1976,NA,NA,NA,NA,NA,NA,NA,15.07454545,25.42114286,12.46224,NA,NA,NA,NA,NA,NA,NA,NA,NA,NA,NA,NA,NA
DOC,1977,NA,NA,NA,NA,NA,NA,NA,17.98125,27.75,17.24888889,NA,NA,NA,NA,NA,NA,NA,NA,NA,NA,NA,NA,NA
DOC,1978,NA,NA,NA,NA,NA,NA,NA,19.028,33.94344828,17.864,NA,NA,NA,NA,NA,NA,NA,NA,NA,NA,NA,NA,NA
DOC,1979,NA,NA,NA,NA,NA,NA,NA,16.7552,35.825,16.08,NA,NA,NA,NA,NA,NA,NA,NA,NA,NA,NA,NA,NA
DOC,1980,NA,NA,NA,NA,NA,NA,NA,18.6652,48.198,18.67971429,NA,NA,NA,NA,NA,NA,NA,NA,NA,NA,NA,NA,NA
DOC,1981,NA,NA,NA,NA,NA,NA,NA,22.344,45.56,18.57517241,NA,NA,NA,NA,NA,NA,NA,NA,NA,NA,NA,NA,NA
DOC,1982,NA,NA,NA,NA,NA,NA,NA,NA,39.984,16.38857143,NA,NA,NA,NA,NA,NA,NA,NA,NA,NA,NA,NA,NA
DOC,1983,NA,NA,NA,NA,NA,NA,NA,15.168,36.73714286,13.55478261,NA,NA,NA,NA,NA,NA,NA,NA,NA,NA,NA,NA,NA
DOC,1984,NA,NA,NA,NA,NA,NA,NA,11.4,61.848,13.752,NA,NA,NA,NA,NA,NA,NA,NA,NA,NA,NA,NA,NA
DOC,1985,NA,NA,9.588648649,4.245588235,NA,6.075438596,9.031736527,17.69571429,34.604,19.81241379,NA,NA,NA,NA,NA,NA,NA,NA,NA,NA,NA,NA,NA
DOC,1986,NA,NA,9.746357616,4.322,13.9,7.077777778,9.753900709,17.2125,35.80285714,16.48,NA,NA,NA,NA,NA,NA,NA,NA,NA,NA,NA,NA,NA
DOC,1987,NA,NA,9.042758621,4.197297297,13.65945946,7.917482517,10.08439716,25.88307692,60.48857143,35.216,NA,NA,NA,NA,NA,NA,NA,NA,NA,NA,NA,NA,NA
DOC,1988,NA,NA,9.322131148,3.779032258,15.9673913,5.774074074,9.11978022,NA,63.54,NA,NA,NA,NA,NA,NA,NA,NA,NA,NA,NA,NA,1.95,NA
DOC,1989,0.002218885,NA,10.38484848,3.943548387,15.04861111,5.510434783,8.304123711,24.76363636,44.66470588,20.71333333,NA,NA,NA,NA,NA,NA,NA,NA,NA,NA,2.018181818,2.050869565,4.661818182
DOC,1990,0.001913308,NA,10.60677966,3.927118644,14.3755102,5.566055046,10.403125,28.00114286,54.336,22.08,NA,NA,NA,NA,NA,NA,NA,NA,NA,NA,2.389666667,2.727647059,7.217941176
DOC,1991,0.001802796,NA,11.54656489,3.932394366,12.61776316,5.858677686,9.033009709,23.98285714,43.3872,19.75714286,NA,NA,NA,NA,NA,NA,NA,NA,NA,NA,1.812972973,2.037804878,7.310540541
DOC,1992,0.001727287,NA,11.0394958,4.185,12.92068966,5.986086957,9.122340426,22.37491525,42.36,16.64076923,NA,NA,NA,NA,NA,NA,63.48823529,49.95263158,NA,1.892891373,2.019642857,1.979767442,7.32125
DOC,1993,0.001481662,NA,12.14307692,4.332075472,13.09242424,6.967213115,11.93673469,23.86421053,42.14057143,19.45,2.2,NA,NA,NA,NA,NA,64.05,46.8,NA,1.931152834,2.209677419,1.879767442,7.043571429
DOC,1994,0.001511249,NA,10.05306122,4.336734694,10.74117647,6.795652174,9.690909091,21.99,47.25,18.63,1.98,NA,NA,NA,NA,NA,65.03333333,43.94,NA,1.88033914,1.987,1.767275,6.703428571
DOC,1995,0.00179475,NA,10.218,4.278,11.85625,8.334,11.538,18.96857143,34.632,16.6725,2.27,NA,NA,NA,NA,NA,52.87142857,41.91764706,NA,3.612680809,2.301352941,2.193405405,6.443142857
DOC,1996,0.00190545,NA,11.18333333,4.757142857,14.72285714,9.364705882,11.80285714,25.16689655,37.27714286,21.05806452,1.8,1.54,2.97,8.88,NA,NA,52.71333333,40.03529412,NA,1.761310768,1.820540541,1.934790698,6.137372093
DOC,1997,0.001800622,NA,9.355102041,4.410204082,13.3875,8.104166667,9.553191489,25.05473684,38.55,18.315,2.03,1.72,3.47,9.23,NA,NA,60.2,41.70625,NA,2.061662746,1.888714286,1.860142857,6.893179487
DOC,1998,0.001868201,NA,10.34222222,3.7425,14.496,7.362222222,11.59166667,23.2992,42.696,18.93176471,2.02,1.68,2.81,6.93,NA,NA,56.75,45.40666667,NA,0.985358273,2.234272727,2.280852941,7.867965517
DOC,1999,0.001623713,NA,12.5047619,3.878125,17.73684211,6.781578947,11.75,27.22909091,46.15578947,22.93565217,2.88,2.51,5.05,11.47,NA,NA,54.60666667,41.14444444,NA,8.093507933,2.357774194,2.278083333,10.03263636
DOC,2000,0.00183459,NA,13.47941176,4.2125,17.96363636,8.863333333,12.54375,25.92461538,39.41538462,20.20153846,2.03,1.92,2.66,7.54,NA,NA,63.74615385,39.38571429,NA,2.269123552,1.976515152,2.006378378,9.863909091
DOC,2001,0.002296978,NA,12.25294118,4.628571429,17.22058824,10.36176471,13.33333333,20.79428571,33.62,18.35555556,1.68,1.6,2.45,6.46,1.08,1.66,61.25,44.55833333,NA,43.42831717,2.092741935,1.920216216,9.750567568
DOC,2002,0.002174285,NA,11.19545455,4.3875,16.1875,9.095652174,11.425,19.548,34.84,18.64585714,3.21,2.53,4.85,11.85,1.23,1.93,75.87857143,52.7,NA,9.382031881,1.994346154,2.375032258,7.646068966
DOC,2003,0.002367794,NA,11.90571429,4.078787879,16.48378378,7.436842105,11.41785714,21.46875,49.80428571,17.80164706,2.5,1.85,3.23,14.36,1.21,2.6,66.36363636,48.25454545,NA,2.513173516,1.850115385,2.089233333,9.385933333
DOC,2004,0.001875655,NA,11.5025641,4.627027027,15.81,8.859459459,11.98888889,23.73138462,42.6093913,20.73408,1.95,1.81,3.04,8.14,1.28,2.38,74.24615385,52.96363636,20.23140741,0.591200361,2.1753,2.2925,8.675085714
DOC,2005,0.002066484,NA,12.38823529,4.414285714,16.24210526,8.685714286,12.96666667,23.3296,34.81725,20.532,1.93,1.81,3.01,6.89,1.17,2.53,58.31818182,39.525,29.78264394,2.057583835,2.036322581,1.9425,8.205685714
DOC,2006,0.001798628,0.23333375,11.34375,4.472413793,15.82647059,8.852941176,11.4,28.599,45.256,22.956,1.86,1.61,3.52,9.9,1.29,2.02,55.31428571,40.18571429,20.56298177,0.794847375,2.196571429,2.402142857,12.35671429
DOC,2007,0.001908689,0.809813462,12.89782609,4.470731707,17.0547619,9.5775,13.36829268,31.398,35.23010526,21.76863158,2.01,1.93,3.18,8.44,1.2,2,71.28888889,66.12,19.75051938,1.627211957,2.055333333,2.43825,17.004
DOC,2008,0.002475822,0.801456604,11.42,4.548648649,14.60697674,8.554054054,11.10967742,18.79058824,32.34141176,16.45905882,1.75,1.66,2.93,8.24,0.93,1.9,88.02857143,49.84705882,33.45866304,1.034163113,2.997,3.04125,20.1244
DOC,2009,0.002751666,0.837817308,12.22419355,4.94,15.95306122,10.62708333,13.1755102,20.05043478,35.77428571,18.1826087,2.11,1.97,4.35,11.1,1.06,1.85,61.85,49.11666667,24.42383583,0.923398531,NA,2.849,14.903
DOC,2010,0.001678573,0.655440385,13.28125,4.44516129,16.93030303,12.18064516,14.10322581,22.57356522,33.28571429,18.8286,1.9,1.8,3.13,8.83,1.14,2.28,79.78,51.93,18.07487213,2.097067713,1.810142857,2.118222222,17.422
DOC,2011,0.001674162,0.997621154,12.72272727,5.35,NA,NA,13.04390244,19.887,37.92266667,18.87317647,3.2,2.57,5.97,13.27,1.21,1.96,NA,NA,27.32666667,1.778241296,NA,NA,NA
DOC,2012,0.001624862,0.981844231,12.92368421,NA,NA,NA,12.73225806,18.53563636,50.46763636,21.8028,1.95,4.34,2.73,10.19,1.35,1.95,71.9,50.1,26.47,1.912858608,NA,NA,NA
DOC,2013,0.001386764,0.949355556,11.37222222,NA,NA,NA,10.69032258,23.25733333,48.278,21.94266667,2.26,2.05,3.94,9.03,1.32,2.09,NA,NA,33.02814394,0.845366342,NA,NA,NA
DOC,2014,NA,0.679831579,13.30909091,NA,NA,NA,10.25925926,27.1656,47.8584,23.0472,2.55,1.84,3.71,9.5,1.25,2.05,NA,NA,27.84205333,2.210706713,NA,NA,NA
DOC,2015,NA,0.634717647,11.95333333,NA,NA,NA,NA,26.90666667,49.22533333,26.41831579,3.36,1.86,2.94,14,1.37,1.99,NA,NA,22.45402778,8.156628418,NA,NA,NA
DOC,2016,NA,0.866323077,10.7483871,NA,NA,NA,NA,26.11377778,42.861,26.75777778,2.66,2.39,4.96,10.52,1.35,2.09,78.75,66.9,23.09460976,2.557075527,NA,NA,NA
DOC,2017,NA,1.162188462,16.25833333,NA,NA,NA,NA,NA,NA,NA,NA,NA,NA,NA,1.17,1.91,82.725,57.825,26.07597849,1.662604585,NA,NA,NA
DOC,2018,NA,NA,NA,NA,NA,NA,NA,NA,NA,NA,NA,NA,NA,NA,1.08,1.97,NA,NA,19.8575,3.359951666,NA,NA,NA
DOC,2019,NA,NA,NA,NA,NA,NA,NA,NA,NA,NA,NA,NA,NA,NA,NA,NA,NA,NA,NA,NA,NA,NA,NA
DOC,2020,NA,NA,NA,NA,NA,NA,NA,NA,NA,NA,NA,NA,NA,NA,NA,NA,NA,NA,NA,NA,NA,NA,NA
NH4N,1961,NA,NA,NA,NA,NA,NA,NA,NA,NA,NA,NA,NA,NA,NA,NA,NA,NA,NA,NA,NA,NA,NA,NA
NH4N,1962,NA,NA,NA,NA,NA,NA,NA,NA,NA,NA,NA,NA,NA,NA,NA,NA,NA,NA,NA,NA,NA,NA,NA
NH4N,1963,NA,NA,NA,NA,NA,NA,NA,NA,NA,NA,NA,NA,NA,NA,NA,NA,NA,NA,NA,NA,NA,NA,NA
NH4N,1964,NA,NA,NA,NA,NA,NA,NA,NA,NA,NA,NA,NA,NA,NA,NA,NA,NA,NA,NA,NA,NA,NA,NA
NH4N,1965,NA,NA,NA,NA,NA,NA,NA,NA,NA,NA,0.048965001,NA,NA,NA,NA,NA,NA,NA,NA,NA,NA,NA,NA
NH4N,1966,NA,NA,NA,NA,NA,NA,NA,NA,NA,NA,0.092516853,NA,NA,NA,NA,NA,NA,NA,NA,NA,NA,NA,NA
NH4N,1967,NA,NA,NA,NA,NA,NA,NA,NA,NA,NA,0.053911561,NA,NA,NA,NA,NA,NA,NA,NA,NA,NA,NA,NA
NH4N,1968,NA,NA,NA,NA,NA,NA,NA,NA,NA,NA,0.025235199,NA,NA,NA,NA,NA,NA,NA,NA,NA,NA,NA,NA
NH4N,1969,NA,NA,NA,NA,NA,NA,NA,NA,NA,NA,0.017176406,NA,NA,NA,NA,NA,NA,NA,NA,NA,NA,NA,NA
NH4N,1970,NA,NA,NA,NA,NA,NA,NA,NA,NA,NA,0.036963096,NA,NA,NA,NA,NA,NA,NA,NA,NA,NA,NA,NA
NH4N,1971,NA,NA,NA,NA,NA,NA,NA,0.012242435,0.011088573,0.013008242,0.023065657,NA,NA,NA,NA,NA,NA,NA,NA,NA,NA,NA,NA
NH4N,1972,NA,NA,NA,NA,NA,NA,NA,0.012118744,0.001753293,0.004796539,0.011951512,NA,NA,NA,NA,NA,NA,NA,NA,NA,NA,NA,NA
NH4N,1973,NA,NA,NA,NA,NA,NA,NA,0.01164766,0.001815241,0.003286432,0.014311365,NA,NA,NA,NA,NA,NA,NA,NA,NA,NA,NA,NA
NH4N,1974,NA,NA,NA,NA,NA,NA,NA,0.023052661,0.001748608,0.004623352,0.022517562,NA,NA,NA,NA,NA,NA,NA,NA,NA,NA,NA,NA
NH4N,1975,NA,NA,NA,NA,NA,NA,NA,0.016758184,0.005428579,0.003859606,0.016723919,0.005694096,0.004941158,NA,NA,NA,NA,NA,NA,NA,NA,NA,NA
NH4N,1976,NA,NA,NA,NA,NA,NA,NA,0.014929044,0.004356579,0.006523896,0.011720266,0.025396963,0.010379313,NA,NA,NA,NA,NA,NA,NA,NA,NA,NA
NH4N,1977,NA,NA,NA,NA,NA,NA,NA,0.031739875,0.003654685,0.018724323,0.007333306,0.005351331,0.004880654,NA,NA,NA,NA,NA,NA,NA,NA,NA,NA
NH4N,1978,NA,NA,NA,NA,NA,NA,NA,0.013718356,0.001103622,0.001148767,0.007618173,0.005499979,0.008813957,NA,NA,NA,NA,NA,NA,NA,NA,NA,NA
NH4N,1979,NA,NA,NA,NA,NA,NA,NA,0.017807979,0.001562452,0.003420721,0.008618791,0.003882338,0.003882338,NA,NA,NA,NA,NA,NA,NA,NA,NA,NA
NH4N,1980,NA,NA,NA,NA,NA,NA,NA,0.019283349,0.005902228,0.005877839,0.012509757,NA,NA,NA,NA,NA,NA,NA,NA,NA,NA,NA,NA
NH4N,1981,NA,NA,NA,NA,NA,NA,NA,0.018325653,0.004362602,0.07640076,0.015072607,NA,NA,NA,NA,NA,NA,NA,NA,NA,0.010277293,0.012601192,0.024989776
NH4N,1982,NA,NA,NA,NA,NA,NA,NA,NA,0.001843317,0.010397517,0.01157512,NA,NA,NA,NA,NA,NA,NA,NA,NA,0.01519381,0.012772395,0.014019812
NH4N,1983,NA,NA,NA,NA,NA,NA,NA,0.026711968,0.001318376,0.010676073,0.010999958,NA,NA,NA,NA,NA,NA,NA,NA,NA,0.008752302,0.010012668,0.011547636
NH4N,1984,NA,NA,NA,NA,NA,NA,NA,0.013511286,7.08412e-4,0.012243599,0.012564658,NA,NA,NA,NA,NA,0.141923077,NA,NA,NA,0.015423582,0.020555972,0.017603954
NH4N,1985,NA,NA,NA,NA,NA,NA,NA,0.041265997,0.002296616,0.003973616,0.012599286,NA,NA,NA,NA,NA,0.093333333,NA,NA,NA,0.015956703,0.017065557,0.019699346
NH4N,1986,NA,NA,NA,NA,NA,NA,NA,0.029701534,0.003340044,0.006054031,0.014036146,NA,NA,NA,NA,NA,0.212307692,NA,NA,NA,0.01377311,0.011823702,0.018318503
NH4N,1987,NA,NA,NA,NA,NA,NA,NA,0.020547668,0.008600209,0.006641362,0.01898032,NA,NA,NA,NA,NA,0.146111111,NA,NA,NA,0.01486778,0.016559401,NA
NH4N,1988,NA,NA,NA,0.017346154,NA,NA,NA,NA,0.003501398,NA,0.016628128,NA,NA,NA,NA,NA,0.169333333,NA,NA,NA,0.017030837,0.014969462,0.015183208
NH4N,1989,0.014737563,NA,NA,0.019409836,NA,NA,NA,0.018589196,8.87641e-4,0.087297276,0.015120686,NA,NA,NA,NA,NA,0.109,0.038333333,NA,NA,0.015509729,0.01416303,0.01746035
NH4N,1990,0.004002205,NA,NA,0.020321429,NA,NA,NA,0.031748195,0.001790547,0.065872982,0.016915902,0.008541144,NA,NA,NA,NA,0.115416667,0.017142857,NA,NA,0.026742037,0.026656167,0.022013262
NH4N,1991,0.007501594,NA,NA,0.021068493,NA,NA,NA,0.039990301,0.001688984,0.029509228,0.018211696,0.005952919,NA,NA,NA,NA,0.08875,0.048333333,NA,NA,0.007498297,0.009961695,0.008344033
NH4N,1992,0.003020483,NA,NA,0.011901639,NA,NA,NA,0.027493743,5.54142e-4,0.010703709,0.017973788,NA,NA,NA,NA,NA,0.072105263,0.093809524,NA,0.036476937,0.01313641,0.01266749,0.011501638
NH4N,1993,0.001655375,NA,NA,0.014113208,NA,NA,NA,0.031060428,4.16683e-4,0.016382559,0.02690862,NA,NA,NA,NA,NA,0.08125,0.03875,NA,0.022357845,0.011772468,0.008198204,0.00846735
NH4N,1994,2.0467e-4,NA,NA,0.010163265,NA,NA,NA,0.01417132,3.20773e-4,0.005816839,0.011981699,NA,NA,NA,NA,NA,0.08,0.035,NA,0.014947687,0.020525005,0.013704906,0.015329972
NH4N,1995,0.003982083,NA,NA,0.0074,NA,0.020083333,NA,0.027732525,3.01798e-4,0.005590942,0.00967179,0.015529353,0.015529353,0.015529353,NA,NA,0.062142857,0.023529412,NA,0.160328399,0.015098006,0.014832903,0.014404849
NH4N,1996,0.008322292,NA,0.027540541,NA,0.048542857,0.115166667,0.022,0.027740175,4.67606e-4,0.004853492,0.007505854,0.01054824,0.010694743,0.012086525,NA,NA,0.228,0.068823529,NA,0.018694608,0.021101421,0.013075594,0.016735894
NH4N,1997,0.001867532,NA,0.03112766,NA,0.048869565,0.134434783,0.017155556,0.025052687,6.40794e-4,0.001663235,0.006147036,0.007477096,0.00711762,0.007836572,NA,NA,0.126,0.088125,NA,0.011660599,0.011038985,0.010844864,0.016566939
NH4N,1998,0.003026668,NA,0.019086957,NA,0.062647059,0.075454545,0.02025,0.023577689,3.63844e-4,0.009477614,0.010982931,0.010841246,0.011134253,0.010137217,NA,NA,0.135,0.116,NA,0.012404059,0.005950675,0.007700874,0.009869353
NH4N,1999,0.007181642,NA,0.011619048,NA,0.062947368,0.022315789,0.011461538,0.022412922,1.26502e-4,0.00175783,0.004342089,0.006644771,0.004927583,0.005823507,NA,NA,0.192666667,0.067777778,NA,0.123528473,0.007717228,0.007344225,0.01028015
NH4N,2000,0.01371544,NA,0.012411765,0.018428571,0.039090909,0.031533333,0.01116129,0.031179891,5.13307e-4,0.003944929,0.004019362,0.005967298,0.006196809,0.005614458,NA,NA,0.164615385,0.072142857,NA,0.008866551,0.004898895,0.004912822,0.00780482
NH4N,2001,0.004254771,NA,0.01630303,0.027285714,0.0464375,0.050375,0.014551724,0.029008221,5.49305e-4,0.004042061,0.004906844,0.01450383,0.006398669,0.004792261,NA,NA,0.125,0.051666667,NA,0.740734016,0.007088528,0.006123714,0.012434204
NH4N,2002,0.006850685,NA,0.012166667,NA,0.027384615,0.059416667,0.012380952,0.026466073,0.001604081,0.005200149,0.003882338,0.004110711,0.005151564,0.005888213,NA,NA,0.148571429,0.059375,NA,0.044564646,0.007460199,0.008343423,0.006731295
NH4N,2003,0.004534688,0.007422898,0.012368421,0.011666667,0.057255814,0.031219512,0.014709677,0.0240233,9.4683e-4,0.015218047,0.003882338,0.003882338,0.004094102,0.005134705,NA,NA,0.191818182,0.090909091,NA,0.013978702,0.011638269,0.012465123,0.010420387
NH4N,2004,NA,0.004287053,0.012974359,NA,0.07445,0.028594595,0.013,0.014664106,5.87724e-4,0.00138293,0.004821614,0.003882338,0.004102093,0.005259942,NA,NA,0.106923077,0.035454545,0.1,0.009443485,0.014566801,0.015713406,0.015030471
NH4N,2005,NA,0.006522308,0.007714286,0.009333333,0.039842105,0.026722222,0.010758621,0.01599612,3.49989e-4,7.2663e-4,0.003882338,0.003882338,0.003882338,0.004086672,NA,NA,0.208181818,0.133333333,0.072800505,0.037180603,0.008501225,0.005992776,0.009280068
NH4N,2006,0.003714865,0.006772269,0.0123125,0.009666667,0.028764706,0.017705882,0.009214286,0.028795605,0.005574377,0.007437213,0.003882338,0.003882338,0.003882338,0.003882338,NA,NA,0.494285714,0.408571429,0.015013021,0.001132983,0.010904025,0.008674412,0.00759843
NH4N,2007,NA,0.005861843,0.013022222,NA,0.043761905,0.020780488,0.016731707,0.026255768,0.002733587,0.007259724,0.003882338,0.003882338,0.003882338,0.004376454,NA,NA,0.54,0.128,0.016162791,0.002370177,0.011129574,0.005241253,0.00559067
NH4N,2008,0.009423948,0.003735849,0.01115,0.009666667,0.027023256,0.016947368,0.015939394,0.020463341,0.00064845600000000005,0.002484863,0.009304224,0.003882338,0.003882338,0.003882338,NA,NA,0.613571429,0.060588235,0.021964216,0.006284524,0.008541301,0.018635566,0.011802525
NH4N,2009,NA,0.003211538,0.016064516,0.009666667,0.022408163,0.027875,0.010693878,0.021337164,4.85785e-4,0.001463899,0.003882338,0.002863224,0.002877498,0.003882338,NA,NA,0.22,0.044166667,0.018371976,0.019299778,NA,0.007764819,0.005435373
NH4N,2010,NA,0.00375,0.0164375,NA,0.011818182,0.107167742,0.011290323,0.030689053,0.001191874,0.00233803,0.003882338,0.002239811,0.00209049,0.003882338,NA,NA,0.269444444,0.031764706,0.012706143,0.005773158,0.00443704,0.003192203,0.005262822
NH4N,2011,NA,0.004826923,NA,NA,NA,NA,0.019756098,0.019839848,5.4416e-4,0.002471575,0.003882338,0.003223073,0.003220903,0.003882338,NA,NA,0.393333333,0.209375,0.016594203,0.006085241,NA,NA,NA
NH4N,2012,NA,0.006019231,NA,NA,NA,NA,0.013225806,0.015247846,5.56938e-4,0.017303684,0.003882338,0.003165599,0.003410368,NA,NA,NA,0.346,0.061111111,0.031357143,0.003977663,NA,NA,NA
NH4N,2013,NA,0.00245283,NA,NA,NA,NA,0.004322581,0.018791559,0.001645819,0.00996769,0.003882338,0.003688221,0.00346424,NA,NA,NA,0.286666667,0.067272727,0.039728957,0.003255481,NA,NA,NA
NH4N,2014,NA,0.001960784,NA,NA,NA,NA,0.006740741,0.025983243,0.001129483,0.002194285,0.003234286,0.006414817,0.003831569,NA,NA,NA,0.1825,0.045,0.029719571,0.013714859,NA,NA,NA
NH4N,2015,NA,0.00256,NA,NA,NA,NA,NA,0.020271016,5.28864e-4,0.001391048,0.003453788,0.003674782,0.002938631,NA,NA,NA,0.375714286,0.061666667,0.013797009,0.010131827,NA,NA,NA
NH4N,2016,NA,0.002211538,NA,NA,NA,NA,NA,0.018636257,4.60008e-4,0.001047797,0.003542451,0.00330365,0.00307364,NA,NA,NA,0.198,0.041428571,0.014316867,0.00860027,NA,NA,NA
NH4N,2017,NA,0.0035,NA,NA,NA,NA,NA,NA,NA,NA,0.003102826,0.00350157,0.004201885,NA,NA,NA,1.0725,0.0875,0.014092473,0.01529919,NA,NA,NA
NH4N,2018,NA,NA,NA,NA,NA,NA,NA,NA,NA,NA,NA,NA,NA,NA,NA,NA,NA,NA,0.0135,0.032599809,NA,NA,NA
NH4N,2019,NA,NA,NA,NA,NA,NA,NA,NA,NA,NA,NA,NA,NA,NA,NA,NA,NA,NA,NA,NA,NA,NA,NA
NH4N,2020,NA,NA,NA,NA,NA,NA,NA,NA,NA,NA,NA,NA,NA,NA,NA,NA,NA,NA,NA,NA,NA,NA,NA
NO3N,1961,NA,NA,NA,NA,NA,NA,NA,NA,NA,NA,NA,NA,NA,NA,NA,NA,NA,NA,NA,NA,NA,NA,NA
NO3N,1962,NA,NA,NA,NA,NA,NA,NA,NA,NA,NA,NA,NA,NA,NA,NA,NA,NA,NA,NA,NA,NA,NA,NA
NO3N,1963,NA,NA,NA,NA,NA,NA,NA,NA,NA,NA,NA,NA,NA,NA,NA,NA,NA,NA,NA,NA,NA,NA,NA
NO3N,1964,NA,NA,NA,NA,NA,NA,NA,NA,NA,NA,NA,NA,NA,NA,NA,NA,NA,NA,NA,NA,NA,NA,NA
NO3N,1965,NA,NA,NA,NA,NA,NA,NA,NA,NA,NA,0.106494141,NA,NA,NA,NA,NA,NA,NA,NA,NA,NA,NA,NA
NO3N,1966,NA,NA,NA,NA,NA,NA,NA,NA,NA,NA,0.108771374,NA,NA,NA,NA,NA,NA,NA,NA,NA,NA,NA,NA
NO3N,1967,NA,NA,NA,NA,NA,NA,NA,NA,NA,NA,0.113149129,NA,NA,NA,NA,NA,NA,NA,NA,NA,NA,NA,NA
NO3N,1968,NA,NA,NA,NA,NA,NA,NA,NA,NA,NA,0.154577859,NA,NA,NA,NA,NA,NA,NA,NA,NA,NA,NA,NA
NO3N,1969,NA,NA,NA,NA,NA,NA,NA,NA,NA,NA,0.155594883,NA,NA,NA,NA,0.001,NA,NA,NA,NA,NA,NA,NA
NO3N,1970,NA,NA,NA,NA,NA,NA,NA,NA,NA,NA,0.493443023,NA,NA,NA,NA,NA,NA,NA,NA,NA,NA,NA,NA
NO3N,1971,NA,NA,NA,NA,NA,NA,NA,0.00845488,0.002160024,0.006838584,0.359264281,NA,NA,NA,NA,NA,NA,NA,NA,NA,NA,NA,NA
NO3N,1972,NA,NA,NA,NA,NA,NA,NA,0.007085625,0.013740741,0.009066667,0.263723281,NA,NA,NA,0.001,0.001,NA,NA,NA,NA,NA,NA,NA
NO3N,1973,NA,NA,NA,NA,NA,NA,NA,0.006798761,0.013714286,0.006612903,0.297253432,NA,NA,NA,0.001,0.001,NA,NA,NA,NA,NA,NA,NA
NO3N,1974,NA,NA,NA,NA,NA,NA,NA,0.013666748,0.017703704,0.007266667,0.464977477,NA,NA,NA,NA,0.005,NA,NA,NA,NA,NA,NA,NA
NO3N,1975,NA,NA,NA,NA,NA,NA,NA,0.033506254,0.05009375,0.008114286,0.389628302,0.312289587,0.442244058,NA,NA,0.002,NA,NA,NA,NA,NA,NA,NA
NO3N,1976,NA,NA,NA,NA,NA,NA,NA,0.03360384,0.051047619,0.00756,0.375627791,0.273382024,0.347410243,NA,0.007,0.004,NA,NA,NA,NA,NA,NA,NA
NO3N,1977,NA,NA,NA,NA,NA,NA,NA,0.02913361,0.025857143,0.011222222,0.327424663,0.130287427,0.228671965,NA,0.005,0.001,NA,NA,0.0214375,NA,NA,NA,NA
NO3N,1978,NA,NA,NA,NA,NA,NA,NA,0.008034391,0.029724138,0.007666667,0.151308142,0.119599733,0.181156574,NA,0.003,0.002,NA,NA,0.039692308,NA,NA,NA,NA
NO3N,1979,NA,NA,NA,NA,NA,NA,NA,0.010978578,0.02875,0.006428571,0.147284624,0.042920366,0.100524015,NA,0.002,0.003,NA,NA,0.05275,NA,NA,NA,NA
NO3N,1980,NA,NA,NA,NA,NA,NA,NA,0.010037342,0.04175,0.006678571,0.22200622,NA,NA,NA,0.002,0.002,NA,NA,0.0375,NA,NA,NA,NA
NO3N,1981,NA,NA,NA,NA,NA,NA,NA,0.007093155,0.038380952,0.007586207,0.188424393,NA,NA,NA,0.001,0.005,NA,NA,0.041346154,NA,0.183644609,0.17928787,0.060278978
NO3N,1982,NA,NA,NA,NA,NA,NA,NA,NA,0.014714286,0.008241379,0.089940338,NA,NA,NA,0.003,0.001,NA,NA,0.025,NA,0.158133483,0.131617353,0.042376008
NO3N,1983,NA,NA,NA,NA,NA,NA,NA,0.010767741,0.016904762,0.008043478,0.096800903,NA,NA,NA,0.003,0.002,NA,NA,0.004,NA,0.142364333,0.127096436,0.024348628
NO3N,1984,NA,NA,NA,NA,NA,NA,NA,0.013056827,0.0146,0.0068,0.047027578,NA,NA,NA,0.005,0.004,0.022692308,NA,NA,NA,0.199964472,0.181914015,0.048607221
NO3N,1985,NA,NA,NA,NA,NA,NA,NA,0.014780096,0.0134,0.010482759,0.097007699,NA,NA,NA,0.002,0.002,0.298333333,NA,NA,NA,0.219184302,0.204030762,0.050437051
NO3N,1986,NA,NA,NA,NA,NA,NA,NA,0.009741794,0.0124,0.006859375,0.077499932,NA,NA,NA,0.018,0.01,0.027692308,NA,NA,NA,0.226833017,0.229930191,0.043712613
NO3N,1987,NA,NA,NA,NA,NA,NA,NA,0.015882273,0.026846154,0.010466667,0.067225174,NA,NA,NA,0.004,0.009,0.041666667,NA,NA,NA,0.23019717,0.21931608,NA
NO3N,1988,NA,NA,NA,0.082444444,NA,NA,NA,NA,0.0265,NA,0.05570697,NA,NA,NA,0.004,0.006,0.029,NA,NA,NA,0.188299327,0.188786636,0.041027819
NO3N,1989,0.169701568,NA,NA,0.091901639,NA,NA,NA,0.058086657,0.012176471,0.010888889,0.109262649,NA,NA,NA,0.002,0.001,0.04575,0.013333333,NA,NA,0.184587535,0.173077097,0.026760581
NO3N,1990,0.095207379,NA,NA,0.097464286,NA,NA,NA,0.063263974,0.0208,0.009875,0.224363793,0.299369553,NA,NA,0.001,0.002,0.339166667,0.016428571,0.0995,NA,0.185897204,0.184996242,0.041659535
NO3N,1991,0.12246254,NA,NA,0.083835616,NA,NA,NA,0.101919734,0.0182,0.008857143,0.139480921,0.119875829,NA,NA,0.001,0.002,0.023125,0.082222222,0.034661538,NA,0.229598827,0.180365838,0.040485835
NO3N,1992,0.054539118,NA,NA,0.074918033,NA,NA,NA,0.028765451,0.011711538,0.007307692,0.064213218,NA,NA,NA,0.012,0.001,0.2075,0.3075,0.048,0.314033128,0.172042775,0.139798405,0.044864728
NO3N,1993,0.03159148,NA,NA,0.059886792,NA,NA,NA,0.022512386,0.012371429,0.008611111,0.028314978,NA,NA,NA,0.003,0.001,NA,NA,0.039678571,0.281826935,0.165602921,0.136346787,0.029668853
NO3N,1994,0.017618788,NA,NA,0.084816327,NA,NA,NA,0.009600608,0.01875,0.01025,0.026679175,NA,NA,NA,0.007,0.001,NA,NA,0.031314286,0.234467701,0.194534304,0.182491687,0.044006289
NO3N,1995,0.019951809,NA,NA,0.0768,NA,0.140833333,NA,0.02200169,0.0086,0.0065,0.041612543,0.018071733,0.002258967,0.002258967,0.002,0.001,0.059090909,0.02,NA,0.421884769,0.247917422,0.227877065,0.032188232
NO3N,1996,0.009751213,NA,0.060540541,NA,0.051171429,0.136888889,0.019777778,0.016094125,0.016464286,0.008709677,0.033508005,0.061247831,0.07075254,0.031881265,0.004,0.004,0.1,0.087647059,NA,0.205454049,0.250369874,0.223236144,0.053986036
NO3N,1997,0.027538657,NA,0.077510204,NA,0.084583333,0.212625,0.021957447,0.024884301,0.01825,0.00825,0.030276428,0.043840686,0.065217203,0.038193269,0.005,0.001,0.015,0.03,NA,0.182316589,0.191701886,0.178126073,0.030068531
NO3N,1998,0.006297202,NA,0.061,NA,0.075882353,0.246545455,0.096555556,0.034243881,0.012066667,0.007411765,0.032130828,0.049825132,0.069132903,0.029826726,0.009,0.001,0.0225,0.036,NA,0.090486318,0.315774082,0.22762584,0.073995564
NO3N,1999,0.03132092,NA,0.071809524,NA,0.070315789,0.284578947,0.055461538,0.010458605,0.010368421,0.010217391,0.206011812,0.087187424,0.086709565,0.062850281,0.001,0.001,0.114666667,0.105555556,NA,0.382099254,0.254514747,0.189866857,0.05314928
NO3N,2000,0.015591865,NA,0.054411765,0.080571429,0.059818182,0.1198,0.016774194,0.012850045,0.008528846,0.006336538,0.102025563,0.095587755,0.124925117,0.090883441,0.002,NA,0.018461538,0.032857143,NA,0.235446639,0.243443416,0.175601432,0.032639846
NO3N,2001,0.010832724,NA,0.044727273,0.115571429,0.044375,0.0648125,0.009862069,0.017273027,0.011458333,0.006481481,0.056066297,0.061119965,0.093621617,0.084464174,0.001,0.001,0.013,0.078333333,NA,2.585266791,0.227785088,0.171034488,0.039899703
NO3N,2002,0.010001901,NA,0.0355,NA,0.045923077,0.091916667,0.010380952,0.017469342,0.011571429,0.006678571,0.018796307,0.03747227,0.055344682,0.039569565,NA,NA,0.1,0.10875,NA,1.08046144,0.179186089,0.151166865,0.046427367
NO3N,2003,0.00504205,0.005935103,0.052736842,0.046,0.067069767,0.115707317,0.033333333,0.020161277,0.012,0.006588235,0.021234286,0.061290453,0.071547634,0.067878304,NA,NA,0.016363636,0.04,NA,0.189285669,0.229840935,0.20979042,0.057116308
NO3N,2004,0.00305596,0.005449137,0.060615385,NA,0.0598,0.133243243,0.028222222,0.006825207,0.007478261,0.0066,0.033155801,0.055170916,0.062270759,0.047948388,0.001,NA,0.019230769,0.010909091,0.119074074,0.091213336,0.16935343,0.164526594,0.029490281
NO3N,2005,0.005320144,0.011082394,0.024685714,0.045666667,0.032,0.045833333,0.013448276,0.008056981,0.00975,0.009444444,0.019419187,0.072073822,0.07160498,0.082313574,0.002,0.001,0.01,0.034166667,0.069939394,0.073275352,0.164932494,0.166548443,0.030652078
NO3N,2006,0.017161665,0.007690738,0.0328125,0.045333333,0.039818182,0.056181818,0.010142857,0.015360973,0.024818182,0.012666667,0.015360973,0.07902039,0.072895115,0.088601691,0.001,0.001,0.045714286,0.174285714,0.044934896,0.044891531,0.116437879,0.129766272,0.02278413
NO3N,2007,0.018275623,0.017001195,0.042826087,NA,0.038380952,0.075512195,0.015285714,0.001898661,0.015,0.012315789,0.045672198,0.10560669,0.104955065,0.090769386,NA,NA,0.037777778,0.089,0.041379845,0.183429915,0.08900656,0.115042109,0.109157284
NO3N,2008,0.003810853,0.011067644,0.0371,0.047,0.03772093,0.116105263,0.012181818,0.006425564,0.008882353,0.006588235,0.02184966,0.047959599,0.046330963,0.039879449,NA,NA,0.027142857,0.040588235,0.15209232,0.079924054,0.169824065,0.15937596,0.00637052
NO3N,2009,0,0.027759838,0.040709677,0.046333333,0.03044898,0.069916667,0.01044898,0.007690308,0.0101,0.006681818,0.010621106,0.029886129,0.039421182,0.03111033,0.001,0.001,0.053333333,0.071666667,0.188358566,0.079599414,NA,0.241944229,0.207832577
NO3N,2010,8.98e-5,0.014080917,0.01175,NA,0.021454545,0.059806452,0.014709677,0.00862336,0.008666667,0.0057,0.005808771,0.015964812,0.023015886,0.01676391,0.018,0.001,0.149444444,0.120588235,0.053445238,0.124729049,0.182143954,0.128565032,0.008333384
NO3N,2011,0.001471834,0.027767903,NA,NA,NA,NA,0.016926829,0.014938095,0.014222222,0.006176471,0.011617543,0.051893483,0.049027942,0.003056249,NA,0.001,0.303333333,0.24375,0.050789855,0.173862699,NA,NA,NA
NO3N,2012,0.011375514,0.033020397,NA,NA,NA,NA,0.028645161,0.012025095,0.029363636,0.0068,0.02391847,0.061947816,0.072460699,NA,0.001,0.002,0.046,0.011111111,0.057690476,0.219817434,NA,NA,NA
NO3N,2013,0.007430773,0.017713102,NA,NA,NA,NA,0.015677419,0.032855415,0.010846154,0.009333333,0.037134241,0.061252749,0.064510874,NA,NA,0.001,0.0325,0.26,0.097293242,0.158403733,NA,NA,NA
NO3N,2014,NA,0.014523021,NA,NA,NA,NA,0.016,0.005718009,0.0094375,0.009933333,0.146797209,0.109181939,0.105847791,NA,NA,NA,0.050625,0.0325,0.02194122,0.392258516,NA,NA,NA
NO3N,2015,NA,0.018532411,NA,NA,NA,NA,NA,0.010724147,0.010105263,0.00935,0.055591866,0.046533844,0.062334446,NA,0.001,0.001,0.122142857,0.220666667,0.038014957,0.290693778,NA,NA,NA
NO3N,2016,NA,0.021608518,NA,NA,NA,NA,NA,0.009601197,0.015708333,0.019583333,0.018982992,0.039812795,0.046287079,NA,NA,NA,0.0285,0.02047619,0.08185743,0.128777853,NA,NA,NA
NO3N,2017,NA,0.037282399,NA,NA,NA,NA,NA,NA,NA,NA,0.012459308,0.034240721,0.049630366,NA,NA,0.004,0.03,0.035,0.069315054,0.093510049,NA,NA,NA
NO3N,2018,NA,NA,NA,NA,NA,NA,NA,NA,NA,NA,NA,NA,NA,NA,NA,NA,NA,NA,0.10075,0.183239611,NA,NA,NA
NO3N,2019,NA,NA,NA,NA,NA,NA,NA,NA,NA,NA,NA,NA,NA,NA,NA,NA,NA,NA,NA,NA,NA,NA,NA
NO3N,2020,NA,NA,NA,NA,NA,NA,NA,NA,NA,NA,NA,NA,NA,NA,NA,NA,NA,NA,NA,NA,NA,NA,NA
TDP,1961,NA,NA,NA,NA,NA,NA,NA,NA,NA,NA,NA,NA,NA,NA,NA,NA,NA,NA,NA,NA,NA,NA,NA
TDP,1962,NA,NA,NA,NA,NA,NA,NA,NA,NA,NA,NA,NA,NA,NA,NA,NA,NA,NA,NA,NA,NA,NA,NA
TDP,1963,NA,NA,NA,NA,NA,NA,NA,NA,NA,NA,NA,NA,NA,NA,NA,NA,NA,NA,NA,NA,NA,NA,NA
TDP,1964,NA,NA,NA,NA,NA,NA,NA,NA,NA,NA,NA,NA,NA,NA,NA,NA,NA,NA,NA,NA,NA,NA,NA
TDP,1965,NA,NA,NA,NA,NA,NA,NA,NA,NA,NA,NA,NA,NA,NA,NA,NA,NA,NA,NA,NA,NA,NA,NA
TDP,1966,NA,NA,NA,NA,NA,NA,NA,NA,NA,NA,NA,NA,NA,NA,NA,NA,NA,NA,NA,NA,NA,NA,NA
TDP,1967,NA,NA,NA,NA,NA,NA,NA,NA,NA,NA,NA,NA,NA,NA,NA,NA,NA,NA,NA,NA,NA,NA,NA
TDP,1968,NA,NA,NA,NA,NA,NA,NA,NA,NA,NA,NA,NA,NA,NA,NA,NA,NA,NA,NA,NA,NA,NA,NA
TDP,1969,NA,NA,NA,NA,NA,NA,NA,NA,NA,NA,NA,NA,NA,NA,NA,0.027,NA,NA,NA,NA,NA,NA,NA
TDP,1970,NA,NA,NA,NA,NA,NA,NA,NA,NA,NA,NA,NA,NA,NA,NA,0.029,NA,NA,NA,NA,NA,NA,NA
TDP,1971,NA,NA,NA,NA,NA,NA,NA,0.016717742,0.018833333,0.011956349,NA,NA,NA,NA,NA,0.071,NA,NA,NA,NA,NA,NA,NA
TDP,1972,NA,NA,NA,NA,NA,NA,NA,0.0127,1.337407407,1.547666667,8.58718e-4,NA,NA,NA,0.034,0.038,NA,NA,NA,NA,NA,NA,NA
TDP,1973,NA,NA,NA,NA,NA,NA,NA,0.011483871,1.31037037,1.324333333,7.06813e-4,NA,NA,NA,0.052,0.051,NA,NA,NA,NA,NA,NA,NA
TDP,1974,NA,NA,NA,NA,NA,NA,NA,0.0165,1.479259259,1.492333333,6.27752e-4,NA,NA,NA,0.043,0.043,NA,NA,NA,NA,NA,NA,NA
TDP,1975,NA,NA,NA,NA,NA,NA,NA,0.017883721000000002,1.51375,1.541428571,6.32649e-4,0.267090796,0.002638336,NA,0.038,0.037,NA,NA,NA,NA,NA,NA,NA
TDP,1976,NA,NA,NA,NA,NA,NA,NA,0.017969697,1.827142857,1.65,8.78831e-4,0.253410536,0.003137774,NA,0.037,0.042,NA,NA,NA,NA,NA,NA,NA
TDP,1977,NA,NA,NA,NA,NA,NA,NA,0.01734375,2.418571429,1.951851852,8.5954e-4,0.118887976,0.002052039,NA,0.038,0.036,NA,NA,0.01593125,NA,NA,NA,NA
TDP,1978,NA,NA,NA,NA,NA,NA,NA,0.016533333,1.892758621,1.652333333,0.001259862,NA,NA,NA,0.038,0.041,NA,NA,0.0205,NA,NA,NA,NA
TDP,1979,NA,NA,NA,NA,NA,NA,NA,0.012928571,1.613333333,1.591428571,0.001205166,NA,NA,NA,0.034,0.032,NA,NA,0.009865385,NA,NA,NA,NA
TDP,1980,NA,NA,NA,NA,NA,NA,NA,0.013966667,3.101363636,2.924666667,0.001115894,NA,NA,NA,0.039,0.038,NA,NA,0.011211538,NA,NA,NA,NA
TDP,1981,NA,NA,NA,NA,NA,NA,NA,0.012,2.29047619,3.004482759,6.29088e-4,NA,NA,NA,0.044,0.044,NA,NA,0.020384615,NA,0.002578571,0.002392857,0.006141667
TDP,1982,NA,NA,NA,NA,NA,NA,NA,NA,1.948095238,2.28,7.17791e-4,NA,NA,NA,0.045,0.049,NA,NA,0.013227273,NA,0.002465,0.002541509,0.007952778
TDP,1983,NA,NA,NA,NA,NA,NA,NA,0.0134,1.868095238,2.073478261,0.001097799,NA,NA,NA,0.042,0.042,NA,NA,0.0592,NA,0.003122222,0.003322449,0.009052778
TDP,1984,NA,NA,NA,NA,NA,NA,NA,0.0076,4.506,3.106,0.00116371,NA,NA,NA,0.03,0.035,0.095384615,NA,NA,NA,0.005710526,0.008509677,0.011165
TDP,1985,NA,NA,0.026792319,0.008078,NA,0.012198507,0.009282188,0.013785714,2.012666667,2.067931034,0.001462669,NA,NA,NA,0.039,0.042,0.26,NA,NA,NA,0.00315,0.003624138,0.012370588
TDP,1986,NA,NA,0.032040909,0.006532,0.033460417,0.017031111,0.012911111,0.01,2.068666667,1.981875,0.001948059,NA,NA,NA,0.036,0.036,0.071538462,NA,NA,NA,0.003868182,0.003493103,0.010255
TDP,1987,NA,NA,0.030421569,0.005361972,0.039436735,0.029173469,0.014679167,0.011076923,3.385714286,2.563333333,0.001731144,NA,NA,NA,0.041,0.048,0.158888889,NA,NA,NA,0.003866667,0.00465,NA
TDP,1988,NA,NA,0.022395455,0.005942857,0.04781875,0.012023684,0.011745455,NA,4.83,NA,0.002316917,NA,NA,NA,0.037,0.035,0.105333333,NA,NA,NA,0.002766667,0.002422222,0.00804375
TDP,1989,NA,NA,0.018251064,0.006147541,0.043286,0.009084211,0.007258065,0.015515152,2.463529412,2.906388889,0.001691461,NA,NA,NA,0.033,0.034,0.087777778,0.017727273,NA,NA,0.001847059,0.002847368,0.008982353
TDP,1990,NA,NA,0.016976744,0.00545,0.047857143,0.009502778,0.010009375,0.018114286,4.084,3.16625,0.001512274,NA,NA,NA,0.031,0.027,0.0425,0.01,0.007951613,NA,0.003033333,0.0033,0.007892857
TDP,1991,NA,NA,0.015697727,0.006082192,0.029125532,0.010755814,0.008238889,0.013785714,3.9064,2.640357143,0.002188249,NA,NA,NA,0.031,0.029,0.015625,0.032777778,0.008523077,NA,0.002092857,0.0022875,0.008435714
TDP,1992,NA,NA,0.01415122,0.005763934,0.0341,0.008794444,0.008484375,0.011576271,2.175961538,1.9475,0.00121542,NA,NA,NA,0.036,0.03,0.077894737,0.051047619,0.0118,NA,0.001988889,0.00275,0.009386667
TDP,1993,NA,NA,0.016732,0.004879245,0.022126,0.013321739,0.010141463,0.016921053,1.868285714,1.878055556,7.49719e-4,NA,NA,NA,0.031,0.031,0.08609375,0.03328125,0.022507143,NA,0.003044444,0.002564286,0.009161538
TDP,1994,NA,NA,0.019389362,0.005559184,0.01778,0.014878261,0.011175,0.013,2.19,1.685,6.20554e-4,NA,NA,NA,0.033,0.028,0.053333333,0.02425,0.039648077,NA,0.00323,0.002006667,0.011992308
TDP,1995,NA,NA,0.01618,0.005765789,0.013828571,0.017998,0.013423529,0.017357143,1.492,1.774,5.0001e-4,6.51441e-4,9.77161e-4,0.002605764,0.031,0.031,0.034285714,0.019264706,0.012153846,NA,0.002016667,0.002123077,0.009366667
TDP,1996,NA,NA,0.01932973,0.007109091,0.02688,0.024263889,0.016177778,0.021827586,1.698571429,1.952666667,6.27012e-4,6.05348e-4,9.34142e-4,0.001776098,0.03,0.028,0.173333333,0.029411765,NA,NA,0.002666667,0.00178,0.0075
TDP,1997,NA,NA,0.020665306,0.006838095,0.026597959,0.026133333,0.01326383,0.028894737,1.353333333,1.60375,4.32032e-4,3.49848e-4,6.09218e-4,0.001520029,0.03,0.028,0.043,0.02875,NA,NA,0.00141875,0.00146875,0.010964286
TDP,1998,NA,NA,0.01906087,0.00572037,0.029128,0.024217778,0.017351351,0.027363636,2.081333333,2.180588235,5.07867e-4,4.14833e-4,7.28262e-4,0.001520029,0.029,0.025,0.0275,0.026,NA,NA,0.0032,0.0023125,0.0094
TDP,1999,NA,NA,0.016352174,0.005786667,0.028031579,0.010510526,0.011107692,0.023954545,2.295789474,1.859565217,6.81442e-4,6.79628e-4,8.86336e-4,0.002521707,0.027,0.025,0.051333333,0.038333333,NA,NA,0.002233333,0.002228571,0.009675
TDP,2000,NA,NA,0.017417647,0.006196,0.028648485,0.01776,0.012593548,0.016528846,1.640384615,1.522307692,9.08185e-4,0.001091767,8.84976e-4,0.002213396,0.028,0.026,0.055384615,0.037857143,NA,NA,0.002654167,0.002076923,0.010320833
TDP,2001,NA,NA,0.018958824,0.006179412,0.02615625,0.02531875,0.01428,0.01875,1.355416667,1.424814815,6.49179e-4,5.71547e-4,7.6303e-4,0.001549717,0.031,0.022,0.048,0.035833333,NA,NA,0.002577419,0.002759459,0.012967568
TDP,2002,NA,NA,0.011328,0.005507407,0.020907692,0.018,0.009425,0.015510417,1.483809524,1.464642857,4.20978e-4,4.56647e-4,5.66879e-4,0.002163327,0.025,0.022,0.05,0.035625,NA,NA,0.00281,0.002015,0.00907
TDP,2003,NA,NA,0.012868421,0.005597059,0.024702326,0.015756098,0.010832258,0.0140625,2.374285714,1.614117647,4.56009e-4,5.93057e-4,7.8469e-4,0.001880773,0.027,0.022,0.058181818,0.043636364,NA,NA,0.002553846,0.00311,0.01058
TDP,2004,NA,NA,0.01445641,0.005239474,0.025865,0.020962162,0.010222222,0.011346154,1.914347826,1.6924,3.96118e-4,3.19457e-4,6.94461e-4,0.001774651,0.031,0.026,0.035384615,0.031363636,0.203703704,NA,0.00426,0.002476667,0.009794286
TDP,2005,NA,NA,0.01244,0.006129412,0.029618974,0.014572222,0.01008,0.011133333,1.385,1.504444444,3.00006e-4,2.61191e-4,3.65667e-4,9.34303e-4,0.032,0.025,0.041818182,0.031666667,0.111580808,NA,6.25806e-4,7.89286e-4,0.00364
TDP,2006,NA,0.54326,0.01168125,0.006525,0.022670588,0.017023529,0.009889655,0.0165,2.705,1.835384615,1.77666e-4,1.72256e-4,1.7852e-4,1.6286e-4,0.029,0.026,0.079285714,0.055,0.067109375,0.011587903,NA,NA,NA
TDP,2007,NA,NA,0.016308696,0.005463415,0.0255,0.017297561,0.013571429,0.015875,3.722631579,2.145789474,1.6286e-4,1.72256e-4,1.7852e-4,1.6286e-4,0.033,0.031,0.045,0.0485,0.028238095,0.006308221,0.001333333,0.00205,0.01468
TDP,2008,NA,0.004764129,0.010855,0.005805263,0.01915814,0.010963158,0.010890909,0.012941176,1.739411765,1.575882353,1.88132e-4,1.81652e-4,1.6286e-4,1.91048e-4,0.032,0.029,0.047692308,0.025,0.008667014,NA,0.003625,0.00225,0.01534
TDP,2009,NA,0.003195089,0.01686129,0.0057,0.021061224,0.021975,0.013918367,0.011727273,1.574761905,1.567826087,1.85718e-4,0.001218195,9.80355e-4,2.77148e-4,0.031,0.031,0.064166667,0.0425,0.023527834,NA,NA,0.0035,0.0095
TDP,2010,NA,0.003468083,0.01709375,0.006521875,0.024854545,0.030651613,0.019893333,0.015521739,1.568571429,1.614,1.6286e-4,0.001622339,0.001033536,1.6286e-4,0.03,0.025,0.05,0.025,0.013013864,NA,0.001057143,0.001388889,0.0144
TDP,2011,NA,0.002784706,NA,0.006747619,NA,NA,0.01817561,0.01585,1.352222222,1.385882353,1.6286e-4,0.001403104,0.001176213,1.6286e-4,0.019,0.019,0.09125,0.0565625,0.017030303,NA,NA,NA,NA
TDP,2012,NA,0.008721934,NA,NA,NA,NA,0.013219355,0.01,2.04,2.163,1.6286e-4,0.0011525490000000001,0.00123398,NA,0.019,0.018,0.055,0.036111111,0.030559524,NA,NA,NA,NA
TDP,2013,NA,0.008615993,NA,NA,NA,NA,0.008367742,0.0137,2.158461538,1.96,1.6286e-4,9.05753e-4,9.67766e-4,NA,0.019,0.017,0.064583333,0.044545455,0.016792367,NA,NA,NA,NA
TDP,2014,NA,0.001371429,NA,NA,NA,NA,0.007377778,0.0149375,NA,1.97,6.35781e-4,6.65221e-4,7.7985e-4,NA,0.019,0.019,0.046875,0.0340625,0.094273857,NA,NA,NA,NA
TDP,2015,NA,0.001363265,NA,NA,NA,NA,NA,0.015052632,1.992,2.398125,5.00077e-4,5.70011e-4,5.1301e-4,NA,0.023,0.018,0.063928571,0.088,0.016973077,NA,NA,NA,NA
TDP,2016,NA,0.001473171,NA,NA,NA,NA,NA,0.017708333,1.9175,2.06962963,5.15007e-4,4.88581e-4,5.34059e-4,NA,0.019,0.018,0.06775,0.042142857,0.019010843,0.029833926,NA,NA,NA
TDP,2017,NA,0.0016,NA,NA,NA,NA,NA,NA,NA,NA,4.88581e-4,4.98603e-4,5.13636e-4,NA,0.02,0.019,0.1825,0.1,0.006906667,0.016591094,NA,NA,NA
TDP,2018,NA,NA,NA,NA,NA,NA,NA,NA,NA,NA,NA,NA,NA,NA,0.022,0.02,NA,NA,0.00825,0.02696311,NA,NA,NA
TDP,2019,NA,NA,NA,NA,NA,NA,NA,NA,NA,NA,NA,NA,NA,NA,NA,NA,NA,NA,NA,NA,NA,NA,NA
TDP,2020,NA,NA,NA,NA,NA,NA,NA,NA,NA,NA,NA,NA,NA,NA,NA,NA,NA,NA,NA,NA,NA,NA,NA
SO4S,1961,NA,NA,NA,NA,NA,NA,NA,NA,NA,NA,NA,NA,NA,NA,NA,NA,NA,NA,NA,NA,NA,NA,NA
SO4S,1962,NA,NA,NA,NA,NA,NA,NA,NA,NA,NA,NA,NA,NA,NA,NA,NA,NA,NA,NA,NA,NA,NA,NA
SO4S,1963,NA,NA,NA,NA,NA,NA,NA,NA,NA,NA,NA,NA,NA,NA,NA,NA,NA,NA,NA,NA,NA,NA,NA
SO4S,1964,NA,NA,NA,NA,NA,NA,NA,NA,NA,NA,NA,NA,NA,NA,NA,NA,NA,NA,NA,NA,NA,NA,NA
SO4S,1965,NA,NA,NA,NA,NA,NA,NA,NA,NA,NA,2.0786314360000002,NA,NA,NA,NA,NA,NA,NA,NA,NA,NA,NA,NA
SO4S,1966,NA,NA,NA,NA,NA,NA,NA,NA,NA,NA,2.127954924,NA,NA,NA,NA,NA,NA,NA,NA,NA,NA,NA,NA
SO4S,1967,NA,NA,NA,NA,NA,NA,NA,NA,NA,NA,2.05526531,NA,NA,NA,NA,NA,NA,NA,NA,NA,NA,NA,NA
SO4S,1968,NA,NA,NA,NA,NA,NA,NA,NA,NA,NA,2.186163298,NA,NA,NA,NA,NA,NA,NA,NA,NA,NA,NA,NA
SO4S,1969,NA,NA,NA,NA,NA,NA,NA,NA,NA,NA,2.040742765,NA,NA,NA,NA,NA,NA,NA,NA,NA,NA,NA,NA
SO4S,1970,NA,NA,NA,NA,NA,NA,NA,NA,NA,NA,1.921307473,NA,NA,NA,NA,0.73,NA,NA,NA,NA,NA,NA,NA
SO4S,1971,NA,NA,NA,NA,NA,NA,NA,1.36861295,1.646786314,1.090439586,2.199819251,NA,NA,NA,NA,0.42,NA,NA,NA,NA,NA,NA,NA
SO4S,1972,NA,NA,NA,NA,NA,NA,NA,1.630523871,0.014017456,0.012434525,2.188692525,NA,NA,NA,NA,0.16,NA,NA,NA,NA,NA,NA,NA
SO4S,1973,NA,NA,NA,NA,NA,NA,NA,1.602278576,0.015890737,0.011096588,2.141466872,NA,NA,NA,NA,NA,NA,NA,NA,NA,NA,NA,NA
SO4S,1974,NA,NA,NA,NA,NA,NA,NA,2.662761031,0.023496639,0.013071263,2.04195659,NA,NA,NA,NA,NA,NA,NA,NA,NA,NA,NA,NA
SO4S,1975,NA,NA,NA,NA,NA,NA,NA,2.34597183,0.026862417,0.010449615,2.054806791,1.938572443,1.914201541,NA,NA,NA,NA,NA,NA,NA,NA,NA,NA
SO4S,1976,NA,NA,NA,NA,NA,NA,NA,2.099956012,0.046220875,0.008199953,2.055085363,1.988137373,1.966023004,NA,NA,NA,NA,NA,NA,NA,NA,NA,NA
SO4S,1977,NA,NA,NA,NA,NA,NA,NA,2.130112534,0.032863042,0.027954385000000002,1.962012747,1.763864295,1.738439725,NA,NA,NA,NA,NA,0.803015625,NA,NA,NA,NA
SO4S,1978,NA,NA,NA,NA,NA,NA,NA,1.965016642,0.016869026,0.009344012,1.978877785,1.923718263,1.8139345630000001,NA,0.12,0.23,NA,NA,0.915045577,NA,NA,NA,NA
SO4S,1979,NA,NA,NA,NA,NA,NA,NA,1.85152191,0.022712938,0.016084864,2.01148959,1.852599938,1.906008224,NA,0.16,0.23,NA,NA,0.815978077,NA,NA,NA,NA
SO4S,1980,NA,NA,NA,NA,NA,NA,NA,3.534192588,0.029468581,0.015613412,1.916269538,NA,NA,NA,0.17,0.35,NA,NA,0.432003462,NA,NA,NA,NA
SO4S,1981,NA,NA,NA,NA,NA,NA,NA,2.710521258,0.039528092,0.025844418,1.966157998,NA,NA,NA,NA,NA,NA,NA,1.129190192,NA,2.636884286,2.36097,2.2829925
SO4S,1982,NA,NA,NA,NA,NA,NA,NA,NA,0.012120962,0.01195291,1.895252389,NA,NA,NA,NA,NA,NA,NA,0.784820455,NA,2.53970775,2.32446566,3.1900475
SO4S,1983,NA,NA,NA,NA,NA,NA,NA,2.243190006,0.027917408,0.028258237,1.889689025,NA,NA,NA,NA,NA,NA,NA,0.45288,NA,2.507200435,2.319824746,2.20554587
SO4S,1984,NA,NA,NA,NA,NA,NA,NA,5.234110015,0.022208206,0.012268869,1.824378513,NA,NA,NA,0.33,0.41,NA,NA,NA,NA,2.271709756,2.081309464,3.097930714
SO4S,1985,NA,NA,0.002266225,0.002472674,NA,0.002707962,0.002556842,1.461602332,0.038416573,0.0357784,1.840318551,NA,NA,NA,NA,NA,1.11555,NA,NA,NA,2.2236075,2.015705854,1.549449
SO4S,1986,NA,NA,0.001994521,0.002624773,0.001659747,0.002195071,0.001779283,1.580679232,0.036884258,0.028161455,1.776210682,NA,NA,NA,NA,NA,0.358615385,NA,NA,NA,1.92312,1.816742045,1.221555
SO4S,1987,NA,NA,0.002203362,0.002373375,0.001391668,0.001999753,0.001546854,1.499751822,0.033112635,0.029300337,1.728846014,NA,NA,NA,NA,NA,0.3441,NA,NA,NA,2.07126,1.823095714,NA
SO4S,1988,NA,NA,0.004496929,0.002092259,0.002738797,0.005747143,0.006679971,NA,0.045425876,NA,1.707427649,NA,NA,NA,NA,0.42,0.69708,NA,NA,NA,2.323563,2.156412857,2.217267692
SO4S,1989,6.352093791,NA,0.003138369,0.002094748,0.002180531,0.003973423,0.004450808,1.936592382,0.012629718,0.017428351,1.846450957,NA,NA,NA,0.18,0.38,0.427905,0.33855,NA,NA,2.371813846,2.0594385,2.14008
SO4S,1990,6.20079151,NA,0.005965689,0.002187638,0.003346874,0.005210522,0.004396241,2.001703735,0.022953656,0.040249138,1.688679415,1.548840308,NA,NA,0.16,0.25,1.03785,0.4662,0.636008516,NA,2.329557,1.948931471,3.800576571
SO4S,1991,5.924340491,NA,0.003031101,0.002153022,0.002696682,0.003518488,0.003452288,2.77036827,0.033855867,0.031698276,1.656263793,1.577769797,NA,NA,0.11,0.18,1.7940375,2.4605,0.338229141,NA,2.37672,2.041533659,2.30454
SO4S,1992,6.364858377,NA,0.003191202,0.00189961,0.002498369,0.003891573,0.003201626,1.345981897,0.033509423000000003,0.022160421,1.703007283,NA,NA,NA,0.12,0.19,1.84815,2.6307,NA,5.383617195,2.204578929,2.039353953,2.192506154
SO4S,1993,5.591196199,NA,0.001874939,0.001651374,0.001759287,0.002607484,0.002202396,0.597516386,0.025558295,0.020448115,1.643686058,NA,NA,NA,0.13,0.18,NA,NA,NA,5.343606597,2.198122258,1.983053721,1.223537143
SO4S,1994,5.313200106,NA,0.002254456,0.001366203,0.001902336,0.002928022,0.00285704,0.413087445,0.033584088,0.01339481,1.677756862,NA,NA,NA,0.13,0.22,NA,NA,NA,4.632866185,2.02797,1.7996985,1.090527429
SO4S,1995,5.452561771,NA,0.0018526,0.002103292,0.001669357,0.001868956,0.001384623,0.604907849,0.018015048,0.021062853,1.656710992,1.565530398,1.492094004,1.48207995,0.11,0.18,0.544909091,0.481569231,NA,9.043612513,2.04462,1.68615,1.350648
SO4S,1996,5.295386748,NA,0.001507208,0.002604608,0.001190719,0.00172051,0.001253664,0.616739124,0.024376889,0.017008089,1.572540235,1.509791797,1.424640849,1.549848012,0.18,0.2,0.312354,0.3996,NA,3.879899878,2.051073,1.741403195,2.655017538
SO4S,1997,5.547126904,NA,0.001604335,0.00262354,0.001312258,0.001611637,0.001344085,0.276709294,0.029766243,0.015967001,1.490239549,1.41025075,1.327356639,1.455190361,0.08,0.13,0.172161,0.43498125,NA,3.147664817,1.954551429,1.62393,1.0225764
SO4S,1998,4.651938285,NA,0.003906932,0.002674806,0.002571583,0.004550831,0.00578497,0.907290244,0.015944353,0.014570995,1.496881424,1.391197689,1.322988757,1.47150956,0.1,0.16,0.2333775,0.3885,NA,1.850276386,2.0175471,1.748526194,6.976629031
SO4S,1999,4.669474861,NA,0.003572871,0.002538006,0.003396872,0.004440003,0.004885703,0.563073465,0.023009238,0.019210199,1.366962254,1.342717702,1.301313442,1.35415849,0.11,0.14,0.220224,0.367225,NA,18.57250728,2.116736306,1.794011508,2.942395467
SO4S,2000,4.467112912,NA,0.001916231,0.002669433,0.001602787,0.002116065,0.001884254,0.37335145,0.033091302,0.028641298,1.400750126,1.352577218,1.303338538,1.3967294,0.09,0.14,0.405747692,0.417201429,NA,4.43573474,2.114015384,1.74203289,1.750037504
SO4S,2001,5.996369963,NA,0.001514626,0.002416725,0.00129429,0.001448908,0.001202837,0.270026858,0.027630839,0.021799819,1.464972608,1.380616802,1.318146182,1.450681719,0.11,0.22,0.67599,0.57165,NA,48.45895229,2.145872586,1.792248204,1.269338306
SO4S,2002,4.814835095,NA,0.001896411,0.002600078,0.001668082,0.002370974,0.001801338,0.457038837,0.03002508,0.021243114,1.445424735,1.394506069,1.350292435,1.505612976,0.1,0.16,0.479044286,0.55569375,NA,28.13277732,2.004406135,1.693529903,3.686039981
SO4S,2003,5.046690422,0.123422155,0.003251322,0.002445813,0.00206373,0.003750439,0.004467937,0.695572496,0.029008221,0.025213759,1.46144493,1.40152665,1.336785134,1.498608523,0.11,0.14,0.475281818,0.711409091,NA,5.341957207,1.99212394,1.608257623,1.780857264
SO4S,2004,5.54080847,0.124302666,0.001989116,0.00251098,0.001543416,0.002208505,0.00226568,0.500198504,0.017049474,0.014443099,1.352381803,1.304073726,1.2511269,1.320078404,0.13,0.17,0.397038462,0.6327,NA,2.617397504,1.966927426,1.63255623,1.451314548
SO4S,2005,5.424013699,0.117423107,0.002368562,0.002606038,0.001618083,0.002539212,0.003096875,0.3433772,0.018781853,0.01587533,1.351018826,1.273485322,1.206032167,1.296849237,0.11,0.18,0.614536364,0.46065,NA,3.994186762,0.581439725,0.48600796,0.680687691
SO4S,2006,4.867781464,0.123579943,0.003764137,0.002504089,0.00443171,0.003929534,0.002875464,0.54994874,0.053838075,0.021324178,1.281434728,1.198027465,1.154440654,1.195999453,0.1,0.14,0.509014286,0.889585714,NA,1.395463531,NA,NA,NA
SO4S,2007,4.657922952,0.114506962,0.001638894,0.002512276,0.001519593,0.002106208,0.001733385,1.077365438,0.029916096,0.02734135,1.269175099,1.185702476,1.133257079,1.174557464,0.11,0.16,1.6502,1.41525,1.104339,3.094881567,2.377885254,1.761671991,6.115523361
SO4S,2008,4.54117549,0.12226173,0.002738426,0.002582599,0.002429767,0.003367445,0.002902558,0.556673991,0.044809235,0.034212148,1.280590283,1.18653698,1.156132319,1.226015461,0.11,0.15,0.409846154,0.718888235,3.210873059,1.865967251,1.828192947,1.51421894,6.383978137
SO4S,2009,4.767606191,0.121924788,0.001100469,0.002516031,8.97859e-4,0.001246889,8.08958e-4,0.556008082,0.026956014,0.018501211,1.149470309,1.119170643,1.136431468,1.06271949,0.11,0.16,0.79365,0.54945,1.241505089,2.91391122,NA,1.703455108,11.56880873
SO4S,2010,4.693428496,0.122120359,5.84692e-4,0.002566623,7.7179e-4,0.001003074,7.25463e-4,0.347886028,0.035349725,0.027372002,1.076868419,1.047880852,1.093169373,0.969957729,0.11,0.16,0.671257895,0.74,2.027375563,4.246559788,2.145687719,1.612082502,0.896221763
SO4S,2011,3.831546202,0.126124515,NA,0.00260593,NA,NA,0.001208607,0.58065908,0.027307293,0.015895631,1.084080922,1.050981119,1.019579025,0.987955123,0.1,0.14,0.3219,0.231226875,2.715310957,3.530823886,NA,NA,NA
SO4S,2012,3.78395096,0.112114019,NA,NA,NA,NA,0.003024675,1.01295566,0.057602976,0.013666588,1.020778966,0.935736289,0.901778376,NA,0.1,0.15,0.70596,0.481,3.439410321,3.4346715,NA,NA,NA
SO4S,2013,3.377101002,0.123016937,NA,NA,NA,NA,0.001517183,1.296844222,0.031418818,0.019326489,0.971938731,0.972518678,0.934580821,NA,0.1,0.15,1.229325,0.850663636,2.158643421,1.499964606,NA,NA,NA
SO4S,2014,NA,0.11515504,NA,NA,NA,NA,0.001557124,NA,0.032135597,0.02138934,0.946197765,0.911195438,0.871996195,NA,0.1,0.14,0.37670625,0.343614375,1.77704784,5.073142821,NA,NA,NA
SO4S,2015,NA,0.128518284,NA,NA,NA,NA,NA,0.378983391,0.021088396,0.016966759,0.96067064,0.914690728,0.87335066,NA,0.1,0.16,0.337757143,0.2331,1.464473519,4.054512657,NA,NA,NA
SO4S,2016,NA,0.120039807,NA,NA,NA,NA,NA,0.271868101,0.017717386,0.016448522,0.883813299,0.854901025,0.81953567,NA,0.1,0.15,0.114885,0.172842857,0.786625572,2.696838676,NA,NA,NA
SO4S,2017,NA,0.117007975,NA,NA,NA,NA,NA,NA,NA,NA,0.952439922,0.904860907,0.840664403,NA,0.1,0.14,0.08325,0.1665,0.735796084,2.628521099,NA,NA,NA
SO4S,2018,NA,NA,NA,NA,NA,NA,NA,NA,NA,NA,NA,NA,NA,NA,0.11,0.15,NA,NA,1.11063825,5.28139866,NA,NA,NA
SO4S,2019,NA,NA,NA,NA,NA,NA,NA,NA,NA,NA,NA,NA,NA,NA,NA,NA,NA,NA,NA,NA,NA,NA,NA
SO4S,2020,NA,NA,NA,NA,NA,NA,NA,NA,NA,NA,NA,NA,NA,NA,NA,NA,NA,NA,NA,NA,NA,NA,NA
