STCODE,FORMAT,SITECODE,WATERYEAR,MEAN_Q,MAX_Q,MIN_Q,MEAN_Q_AREA,TOTAL_Q_AREA,ESTCODE,ESTDAYS,TOTAL_DAYS,TOTAL_Q_AREA mm
HF004,4,GSLOOK,1950,159,1981,11,6.61,89.68,A,0,365,2277.872
HF004,4,GSLOOK,1951,160,1802,9,6.66,90.36,A,0,365,2295.144
HF004,4,GSLOOK,1952,136,1324,12,5.67,77.14,A,6,366,1959.356
HF004,4,GSLOOK,1953,143,3621,6,5.95,80.72,E,12,365,2050.288
HF004,4,GSLOOK,1954,134,2491,13,5.57,75.59,A,3,365,1919.986
HF004,4,GSLOOK,1955,109,1150,14,4.53,61.53,A,6,365,1562.862
HF004,4,GSLOOK,1956,172,2546,8,7.14,97.12,A,0,366,2466.848
HF004,4,GSLOOK,1957,119,2470,15,4.93,66.91,A,0,365,1699.514
HF004,4,GSLOOK,1958,135,2948,13,5.62,76.27,A,0,365,1937.258
HF004,4,GSLOOK,1959,109,1252,12,4.53,61.47,A,0,365,1561.338
HF004,4,GSLOOK,1960,117,759,11,4.84,65.81,A,0,366,1671.574
HF004,4,GSLOOK,1961,129,2328,10,5.36,72.82,A,0,365,1849.628
HF004,4,GSLOOK,1962,113,1919,10,4.7,63.81,A,8,365,1620.774
HF004,4,GSLOOK,1963,124,1430,10,5.14,69.79,E,70,365,1772.666
HF004,4,GSLOOK,1964,122,1381,10,5.06,68.91,A,8,366,1750.314
HF004,4,GSLOOK,1965,156,6665,8,6.47,87.81,E,10,365,2230.374
HF004,4,GSLOOK,1966,89,1143,7,3.7,50.15,A,0,365,1273.81
HF004,4,GSLOOK,1967,111,1557,6.6,4.59,62.33,E,28,365,1583.182
HF004,4,GSLOOK,1968,100,1959,11,4.17,56.73,A,0,366,1440.942
HF004,4,GSLOOK,1969,147,2162,12,6.11,82.89,A,0,365,2105.406
HF004,4,GSLOOK,1970,115,1922,8.7,4.78,64.85,A,0,365,1647.19
HF004,4,GSLOOK,1971,161,2357,8.7,6.69,90.69,A,0,365,2303.526
HF004,4,GSLOOK,1972,182,4183,11,7.53,102.49,E,11,366,2603.246
HF004,4,GSLOOK,1973,69,823,8,2.87,38.98,A,3,365,990.092
HF004,4,GSLOOK,1974,176,1313,8,7.31,99.19,A,4,365,2519.426
HF004,4,GSLOOK,1975,132,1323,7,5.49,74.51,E,12,365,1892.554
HF004,4,GSLOOK,1976,143,1630,9.8,5.94,80.77,E,16,366,2051.558
HF004,4,GSLOOK,1977,49,293,8.6,2.04,27.73,E,68,365,704.342
HF004,4,GSLOOK,1978,131,3051,11,5.43,73.66,E,12,365,1870.964
HF004,4,GSLOOK,1979,95,1159,9,3.94,53.41,A,0,365,1356.614
HF004,4,GSLOOK,1980,99,1562,7,4.1,55.81,E,92,366,1417.574
HF004,4,GSLOOK,1981,100,2222,5,4.17,56.51,A,0,365,1435.354
HF004,4,GSLOOK,1982,151,1751,8,6.28,85.28,E,51,365,2166.112
HF004,4,GSLOOK,1983,140,1472,11,5.8,78.66,A,2,365,1997.964
HF004,4,GSLOOK,1984,142,2100,9,5.91,80.42,A,0,366,2042.668
HF004,4,GSLOOK,1985,108,1127,7.9,4.49,60.97,E,71,365,1548.638
HF004,4,GSLOOK,1986,115,2700,8.9,4.79,65,E,40,365,1651
HF004,4,GSLOOK,1987,85,970,6,3.54,48.07,E,12,365,1220.978
HF004,4,GSLOOK,1988,92,1090,5,3.81,51.77,E,10,366,1314.958
HF004,4,GSLOOK,1989,115,1680,8.1,4.77,64.75,A,1,365,1644.65
HF004,4,GSLOOK,1990,101,1960,9.3,4.18,56.76,A,0,365,1441.704
HF004,4,GSLOOK,1991,102,1010,9.5,4.24,57.46,E,121,365,1459.484
HF004,4,GSLOOK,1992,71,1110,6.5,2.95,40.11,A,0,366,1018.794
HF004,4,GSLOOK,1993,134,1220,6.3,5.57,75.55,A,0,365,1918.97
HF004,4,GSLOOK,1994,69,827,7.3,2.87,38.88,A,0,365,987.552
HF004,4,GSLOOK,1995,125,1770,8,5.2,70.56,A,8,365,1792.224
HF004,4,GSLOOK,1996,193,8000,9.2,8.01,108.94,A,2,366,2767.076
HF004,4,GSLOOK,1997,207,2980,9.2,8.59,116.59,A,0,365,2961.386
HF004,4,GSLOOK,1998,120,1470,7.4,4.98,67.6,E,36,365,1717.04
HF004,4,GSLOOK,1999,158,3380,7.8,6.58,89.22,A,5,365,2266.188
HF004,4,GSLOOK,2000,122,3180,9.4,5.07,69.04,E,13,366,1753.616
HF004,4,GSLOOK,2001,53,377,7,2.21,30.04,A,0,365,763.016
HF004,4,GSLOOK,2002,121,1830,7,5.03,68.28,A,0,365,1734.312
HF004,4,GSLOOK,2003,105,1420,8,4.34,58.9,A,5,365,1496.06
HF004,4,GSLOOK,2004,113,2040,8.2,4.67,63.54,E,33,366,1613.916
HF004,4,GSLOOK,2005,76,1250,11,3.13,42.54,A,0,365,1080.516
HF004,4,GSLOOK,2006,131,3060,7.8,5.43,73.73,A,2,365,1872.742
HF004,4,GSLOOK,2007,111,2240,7.1,4.61,62.59,A,2,365,1589.786
HF004,4,GSLOOK,2008,145,1130,12,6,81.61,A,0,366,2072.894
HF004,4,GSLOOK,2009,118,2800,8.5,4.89,66.35,A,0,365,1685.29
HF004,4,GSLOOK,2010,100,925,9.1,4.15,56.37,A,5,365,1431.798
HF004,4,GSLOOK,2011,150,4600,11,6.24,84.7,A,0,365,2151.38
HF004,4,GSLOOK,2012,147,2430,11,6.12,83.26,A,4,366,2114.804
HF004,4,GSLOOK,2013,114,2530,9.5,4.74,64.29,A,0,365,1632.966
HF004,4,GSLOOK,2014,123.1,2360,8.5,5.108,69.294,A,3,365,1760.0676
HF004,4,GSLOOK,2015,79.1,2370,6.1,3.282,44.53,A,0,365,1131.062
HF004,4,GSLOOK,2016,108.2,1270,6.4,4.49,61.09,A,0,366,1551.686
HF004,4,GSLOOK,2017,144.1,1490,7.9,5.98,81.12,E,8,365,2060.448
HF004,4,GSLOOK,2018,102.348,1550,7.35,4.247,57.633,E,40,365,1463.8782
HF004,4,GSWS01,1953,1.638,40.139,0.029,4.423,60.036,E,23,365,1524.9144
HF004,4,GSWS01,1954,1.541,40.639,0.037,4.161,56.483,A,0,365,1434.6682
HF004,4,GSWS01,1955,1.213,39.203,0.033,3.276,44.474,E,33,365,1129.6396
HF004,4,GSWS01,1956,2.133,36.129,0.037,5.761,78.408,E,49,366,1991.5632
HF004,4,GSWS01,1957,1.276,55.786,0.033,3.445,46.761,E,14,365,1187.7294
HF004,4,GSWS01,1958,1.52,55.037,0.03,4.105,55.714,A,8,365,1415.1356
HF004,4,GSWS01,1959,1.196,31.081,0.033,3.231,43.863,A,5,365,1114.1202
HF004,4,GSWS01,1960,1.275,13.544,0.037,3.444,46.892,A,7,366,1191.0568
HF004,4,GSWS01,1961,1.526,41.846,0.037,4.122,55.944,A,0,365,1420.9776
HF004,4,GSWS01,1962,1.353,42.629,0.037,3.654,49.598,E,11,365,1259.7892
HF004,4,GSWS01,1963,1.23,23.645,0.079,3.322,45.088,E,16,365,1145.2352
HF004,4,GSWS01,1964,1.609,38.91,0.084,4.344,59.126,A,1,366,1501.8004
HF004,4,GSWS01,1965,2.051,61.168,0.079,5.538,75.165,A,0,365,1909.191
HF004,4,GSWS01,1966,1.357,40.3,0.052,3.663,49.719,E,10,365,1262.8626
HF004,4,GSWS01,1967,1.503,26.974,0.03,4.06,55.107,A,0,365,1399.7178
HF004,4,GSWS01,1968,1.327,28.56,0.079,3.584,48.784,A,0,366,1239.1136
HF004,4,GSWS01,1969,1.94,43.222,0.061,5.238,71.104,A,0,365,1806.0416
HF004,4,GSWS01,1970,1.503,28.56,0.01,4.06,55.101,A,0,365,1399.5654
HF004,4,GSWS01,1971,1.923,47.831,0.027,5.194,70.499,A,0,365,1790.6746
HF004,4,GSWS01,1972,2.353,56.162,0.018,6.353,86.478,E,14,366,2196.5412
HF004,4,GSWS01,1973,0.941,20.811,0.006,2.542,34.51,E,10,365,876.554
HF004,4,GSWS01,1974,2.416,33.884,0.015,6.524,88.562,A,2,365,2249.4748
HF004,4,GSWS01,1975,1.687,37.359,0.015,4.555,61.836,A,8,365,1570.6344
HF004,4,GSWS01,1976,1.802,52.239,0.015,4.865,66.228,E,57,366,1682.1912
HF004,4,GSWS01,1977,0.548,7.747,0.005,1.48,20.098,E,33,365,510.4892
HF004,4,GSWS01,1978,1.589,38.223,0.018,4.292,58.263,A,6,365,1479.8802
HF004,4,GSWS01,1979,1.299,38.41,0.008,3.509,47.625,E,10,365,1209.675
HF004,4,GSWS01,1980,1.246,37.852,0.015,3.365,45.81,A,5,366,1163.574
HF004,4,GSWS01,1981,1.281,32.553,0,3.459,46.957,A,0,365,1192.7078
HF004,4,GSWS01,1982,1.908,40.364,0,5.153,69.945,A,0,365,1776.603
HF004,4,GSWS01,1983,1.685,26.198,0.037,4.551,61.771,A,4,365,1568.9834
HF004,4,GSWS01,1984,1.872,43.752,0.03,5.057,68.836,A,0,366,1748.4344
HF004,4,GSWS01,1985,1.302,18.76,0.006,3.517,47.731,A,0,365,1212.3674
HF004,4,GSWS01,1986,1.491,50.011,0.013,4.027,54.672,E,19,365,1388.6688
HF004,4,GSWS01,1987,1.078,25.333,0.003,2.912,39.525,A,6,365,1003.935
HF004,4,GSWS01,1988,1.146,30.635,0.003,3.094,42.114,E,16,366,1069.6956
HF004,4,GSWS01,1989,1.513,56.918,0.015,4.087,55.478,A,9,365,1409.1412
HF004,4,GSWS01,1990,1.174,39.539,0.021,3.171,43.035,A,6,365,1093.089
HF004,4,GSWS01,1991,1.247,18.891,0.008,3.368,45.716,E,16,365,1161.1864
HF004,4,GSWS01,1992,0.914,21.642,0.001,2.468,33.597,A,0,366,853.3638
HF004,4,GSWS01,1993,1.658,20.948,0.021,4.477,60.765,A,0,365,1543.431
HF004,4,GSWS01,1994,0.727,21.086,0.003,1.963,26.639,A,4,365,676.6306
HF004,4,GSWS01,1995,1.45,41.456,0.01,3.916,53.149,A,4,365,1349.9846
HF004,4,GSWS01,1996,2.191,84.268,0.021,5.918,80.559,A,0,366,2046.1986
HF004,4,GSWS01,1997,2.179,49.869,0.015,5.885,79.879,A,3,365,2028.9266
HF004,4,GSWS01,1998,1.272,25.131,0.018,3.435,46.615,E,12,365,1184.021
HF004,4,GSWS01,1999,1.652,45.34,0.007,4.46,60.543,E,72,365,1537.7922
HF004,4,GSWS01,2000,1.32,37.276,0.011,3.565,48.522,A,1,366,1232.4588
HF004,4,GSWS01,2001,0.434,7.328,0.007,1.171,15.894,A,5,365,403.7076
HF004,4,GSWS01,2002,1.207,34.753,0.001,3.258,44.229,A,1,365,1123.4166
HF004,4,GSWS01,2003,1.036,27.637,0.001,2.799,37.993,A,1,365,965.0222
HF004,4,GSWS01,2004,1.109,28.338,0.01,2.994,40.755,A,2,366,1035.177
HF004,4,GSWS01,2005,0.679,16.776,0.01,1.834,24.898,A,1,365,632.4092
HF004,4,GSWS01,2006,1.288,44.408,0.007,3.478,47.214,A,1,365,1199.2356
HF004,4,GSWS01,2007,1.072,24.301,0.008,2.895,39.302,A,0,365,998.2708
HF004,4,GSWS01,2008,1.302,21.787,0.01,3.515,47.84,A,0,366,1215.136
HF004,4,GSWS01,2009,1.1,40.824,0.012,2.971,40.327,A,0,365,1024.3058
HF004,4,GSWS01,2010,0.925,19.44,0.021,2.498,33.905,A,0,365,861.187
HF004,4,GSWS01,2011,1.393,36.267,0.016,3.762,51.07,A,1,365,1297.178
HF004,4,GSWS01,2012,1.286,39.937,0.014,3.474,47.281,A,6,366,1200.9374
HF004,4,GSWS01,2013,1.035,25.54,0.018,2.796,37.953,A,1,365,964.0062
HF004,4,GSWS01,2014,1.111,36.531,0.013,3,40.726,A,0,365,1034.4404
HF004,4,GSWS01,2015,0.807,39.606,0.005,2.18,29.598,A,2,365,751.7892
HF004,4,GSWS01,2016,1.027,33.726,0.007,2.774,37.753,A,1,366,958.9262
HF004,4,GSWS01,2017,1.426,29.237,0.01,3.851,52.268,A,0,365,1327.6072
HF004,4,GSWS01,2018,0.943,19.995,0.007,2.546,34.555,A,0,365,877.697
HF004,4,GSWS01,2019,0.876,25.854,0.009,2.364,32.093,A,0,365,815.1622
HF004,4,GSWS02,1953,1.025,26.951,0.022,4.403,59.759,E,41,365,1517.8786
HF004,4,GSWS02,1954,1.056,18.609,0.04,4.534,61.544,E,10,365,1563.2176
HF004,4,GSWS02,1955,0.791,13.571,0.015,3.396,46.091,A,0,365,1170.7114
HF004,4,GSWS02,1956,1.476,19.88,0.02,6.339,86.287,E,22,366,2191.6898
HF004,4,GSWS02,1957,0.948,24.297,0.018,4.071,55.252,A,0,365,1403.4008
HF004,4,GSWS02,1958,1.112,27.374,0.024,4.778,64.858,E,26,365,1647.3932
HF004,4,GSWS02,1959,0.882,13.873,0.005,3.79,51.45,A,2,365,1306.83
HF004,4,GSWS02,1960,0.922,6.975,0.048,3.958,53.88,A,0,366,1368.552
HF004,4,GSWS02,1961,1.115,21.822,0.027,4.787,64.981,A,8,365,1650.5174
HF004,4,GSWS02,1962,0.907,20.902,0.022,3.894,52.86,E,13,365,1342.644
HF004,4,GSWS02,1963,0.777,10.228,0.022,3.337,45.299,A,2,365,1150.5946
HF004,4,GSWS02,1964,0.891,7.819,0.018,3.826,52.081,A,0,366,1322.8574
HF004,4,GSWS02,1965,1.061,35.027,0.008,4.556,61.849,E,25,365,1570.9646
HF004,4,GSWS02,1966,0.615,10.847,0.002,2.642,35.871,E,30,365,911.1234
HF004,4,GSWS02,1967,0.731,12.716,0.001,3.141,42.639,A,0,365,1083.0306
HF004,4,GSWS02,1968,0.615,12.077,0.022,2.641,35.956,A,0,366,913.2824
HF004,4,GSWS02,1969,1.101,19.24,0.057,4.729,64.195,A,0,365,1630.553
HF004,4,GSWS02,1970,0.827,14.94,0.02,3.553,48.234,A,0,365,1225.1436
HF004,4,GSWS02,1971,1.066,19.399,0.013,4.579,62.158,A,0,365,1578.8132
HF004,4,GSWS02,1972,1.358,26.904,0.018,5.831,79.375,E,50,366,2016.125
HF004,4,GSWS02,1973,0.492,6.721,0.012,2.113,28.676,A,0,365,728.3704
HF004,4,GSWS02,1974,1.438,9.797,0.027,6.178,83.856,A,0,365,2129.9424
HF004,4,GSWS02,1975,1.021,14.8,0.02,4.385,59.515,A,0,365,1511.681
HF004,4,GSWS02,1976,1.088,25.288,0.02,4.675,63.632,E,15,366,1616.2528
HF004,4,GSWS02,1977,0.25,3.297,0.013,1.073,14.561,E,14,365,369.8494
HF004,4,GSWS02,1978,0.96,19.399,0.045,4.123,55.979,A,0,365,1421.8666
HF004,4,GSWS02,1979,0.779,12.813,0.027,3.345,45.411,E,14,365,1153.4394
HF004,4,GSWS02,1980,0.722,16.412,0.024,3.101,42.21,E,28,366,1072.134
HF004,4,GSWS02,1981,0.743,16.485,0.037,3.191,43.316,E,13,365,1100.2264
HF004,4,GSWS02,1982,1.2,19.84,0.01,5.156,69.989,A,6,365,1777.7206
HF004,4,GSWS02,1983,0.968,11.179,0.018,4.159,56.462,A,0,365,1434.1348
HF004,4,GSWS02,1984,1.064,21.36,0.02,4.571,62.225,A,0,366,1580.515
HF004,4,GSWS02,1985,0.765,6.663,0.027,3.287,44.618,A,5,365,1133.2972
HF004,4,GSWS02,1986,0.839,25.106,0.012,3.603,48.905,A,0,365,1242.187
HF004,4,GSWS02,1987,0.599,9.402,0.005,2.571,34.908,A,0,365,886.6632
HF004,4,GSWS02,1988,0.632,12.077,0,2.715,36.947,E,29,366,938.4538
HF004,4,GSWS02,1989,0.916,21.907,0.004,3.935,53.408,A,0,365,1356.5632
HF004,4,GSWS02,1990,0.662,13.074,0.004,2.843,38.594,A,0,365,980.2876
HF004,4,GSWS02,1991,0.653,6.644,0.012,2.805,38.066,A,9,365,966.8764
HF004,4,GSWS02,1992,0.515,8.961,0.008,2.21,30.088,A,0,366,764.2352
HF004,4,GSWS02,1993,0.973,9.071,0.004,4.181,56.758,E,45,365,1441.6532
HF004,4,GSWS02,1994,0.431,7.453,0.015,1.85,25.119,A,2,365,638.0226
HF004,4,GSWS02,1995,0.872,17.836,0.022,3.744,50.828,E,62,365,1291.0312
HF004,4,GSWS02,1996,1.37,45.962,0.054,5.883,80.069,E,33,366,2033.7526
HF004,4,GSWS02,1997,1.413,22.719,0.034,6.069,82.377,A,0,365,2092.3758
HF004,4,GSWS02,1998,0.793,8.085,0.037,3.407,46.245,A,0,365,1174.623
HF004,4,GSWS02,1999,1.27,28.342,0.042,5.457,74.07,A,0,365,1881.378
HF004,4,GSWS02,2000,1.038,24.249,0.034,4.457,60.667,A,3,366,1540.9418
HF004,4,GSWS02,2001,0.331,4,0.035,1.422,19.303,A,6,365,490.2962
HF004,4,GSWS02,2002,0.96,17.693,0.032,4.124,55.978,A,0,365,1421.8412
HF004,4,GSWS02,2003,0.801,12.703,0.015,3.439,46.687,A,0,365,1185.8498
HF004,4,GSWS02,2004,0.866,17.406,0.027,3.721,50.656,E,77,366,1286.6624
HF004,4,GSWS02,2005,0.517,7.598,0.045,2.222,30.158,A,8,365,766.0132
HF004,4,GSWS02,2006,1.001,25.68,0.033,4.298,58.337,A,9,365,1481.7598
HF004,4,GSWS02,2007,0.858,13.171,0.027,3.687,50.042,A,8,365,1271.0668
HF004,4,GSWS02,2008,1.058,10.058,0.035,4.545,61.862,A,10,366,1571.2948
HF004,4,GSWS02,2009,0.85,20.103,0.032,3.652,49.573,A,9,365,1259.1542
HF004,4,GSWS02,2010,0.734,8.893,0.041,3.153,42.805,A,7,365,1087.247
HF004,4,GSWS02,2011,1.076,21.577,0.046,4.622,62.74,A,8,365,1593.596
HF004,4,GSWS02,2012,1.007,20.873,0.043,4.325,58.876,A,13,366,1495.4504
HF004,4,GSWS02,2013,0.806,14.754,0.049,3.461,46.985,A,10,365,1193.419
HF004,4,GSWS02,2014,0.847,17.982,0.035,3.639,49.391,A,15,365,1254.5314
HF004,4,GSWS02,2015,0.597,19.837,0.032,2.564,34.798,E,19,365,883.8692
HF004,4,GSWS02,2016,0.834,17.121,0.02,3.583,48.774,A,8,366,1238.8596
HF004,4,GSWS02,2017,1.084,18.493,0.012,4.657,63.216,A,0,365,1605.6864
HF004,4,GSWS02,2018,0.735,10.678,0.03,3.156,42.834,A,8,365,1087.9836
HF004,4,GSWS02,2019,0.668,15.356,0.032,2.868,38.928,A,6,365,988.7712
HF004,4,GSWS03,1953,1.672,41.359,0.03,4.28,58.119,E,47,365,1476.2226
HF004,4,GSWS03,1954,1.62,29.428,0.034,4.148,56.31,A,0,365,1430.274
HF004,4,GSWS03,1955,1.219,23.108,0.077,3.121,42.368,E,18,365,1076.1472
HF004,4,GSWS03,1956,2.213,29.873,0.111,5.664,77.106,A,0,366,1958.4924
HF004,4,GSWS03,1957,1.499,36.622,0.111,3.837,52.097,A,0,365,1323.2638
HF004,4,GSWS03,1958,1.76,43.93,0.067,4.506,61.166,A,0,365,1553.6164
HF004,4,GSWS03,1959,1.271,20.396,0.063,3.253,44.163,A,0,365,1121.7402
HF004,4,GSWS03,1960,1.363,12.849,0.096,3.49,47.503,A,0,366,1206.5762
HF004,4,GSWS03,1961,1.634,30.774,0.111,4.183,56.777,A,4,365,1442.1358
HF004,4,GSWS03,1962,1.41,41.307,0.081,3.609,48.983,A,6,365,1244.1682
HF004,4,GSWS03,1963,1.307,18.086,0.106,3.346,45.41,A,8,365,1153.414
HF004,4,GSWS03,1964,1.483,20.585,0.096,3.795,51.658,A,0,366,1312.1132
HF004,4,GSWS03,1965,1.847,66.346,0.072,4.729,64.189,E,66,365,1630.4006
HF004,4,GSWS03,1966,1.216,22.969,0.052,3.114,42.255,E,54,365,1073.277
HF004,4,GSWS03,1967,1.303,21.811,0.063,3.335,45.27,A,0,365,1149.858
HF004,4,GSWS03,1968,1.157,22.672,0.127,2.963,40.326,A,0,366,1024.2804
HF004,4,GSWS03,1969,1.76,30.864,0.143,4.507,61.179,A,0,365,1553.9466
HF004,4,GSWS03,1970,1.439,24.973,0.106,3.684,50.008,A,0,365,1270.2032
HF004,4,GSWS03,1971,1.785,32.517,0.101,4.57,62.025,A,0,365,1575.435
HF004,4,GSWS03,1972,2.252,47.89,0.127,5.764,78.454,E,26,366,1992.7316
HF004,4,GSWS03,1973,0.897,13.53,0.122,2.295,31.157,A,1,365,791.3878
HF004,4,GSWS03,1974,2.316,18.193,0.116,5.929,80.478,A,0,365,2044.1412
HF004,4,GSWS03,1975,1.589,22.083,0.063,4.069,55.234,A,0,365,1402.9436
HF004,4,GSWS03,1976,1.733,36.231,0.063,4.436,60.384,E,39,366,1533.7536
HF004,4,GSWS03,1977,0.484,5.75,0.058,1.238,16.803,A,9,365,426.7962
HF004,4,GSWS03,1978,1.535,32.564,0.096,3.929,53.331,A,0,365,1354.6074
HF004,4,GSWS03,1979,1.187,25.972,0.058,3.039,41.254,A,4,365,1047.8516
HF004,4,GSWS03,1980,1.1,23.871,0.054,2.816,38.341,A,2,366,973.8614
HF004,4,GSWS03,1981,1.22,27.374,0.067,3.124,42.41,A,0,365,1077.214
HF004,4,GSWS03,1982,1.869,34.209,0.063,4.785,64.952,A,0,365,1649.7808
HF004,4,GSWS03,1983,1.573,18.589,0.077,4.026,54.645,A,0,365,1387.983
HF004,4,GSWS03,1984,1.718,32.657,0.072,4.397,59.86,A,0,366,1520.444
HF004,4,GSWS03,1985,1.249,13.188,0.072,3.197,43.398,A,0,365,1102.3092
HF004,4,GSWS03,1986,1.366,37.015,0.091,3.497,47.468,A,0,365,1205.6872
HF004,4,GSWS03,1987,1.012,18.589,0.067,2.591,35.17,A,0,365,893.318
HF004,4,GSWS03,1988,1.033,19.76,0.058,2.645,36.002,E,14,366,914.4508
HF004,4,GSWS03,1989,1.444,38.356,0.116,3.697,50.188,A,0,365,1274.7752
HF004,4,GSWS03,1990,1.135,22.711,0.091,2.905,39.438,E,30,365,1001.7252
HF004,4,GSWS03,1991,1.058,11.947,0.077,2.71,36.793,E,51,365,934.5422
HF004,4,GSWS03,1992,0.913,14.939,0.063,2.337,31.805,A,0,366,807.847
HF004,4,GSWS03,1993,1.532,16.308,0.091,3.923,53.246,A,0,365,1352.4484
HF004,4,GSWS03,1994,0.754,15.268,0.096,1.929,26.192,A,0,365,665.2768
HF004,4,GSWS03,1995,1.439,27.762,0.101,3.684,50.003,A,3,365,1270.0762
HF004,4,GSWS03,1996,3.491,56.505,0.086,8.938,49.527,M,9,149,1257.9858
HF004,4,GSWS03,1997,2.167,41.93,0.106,5.549,75.316,E,24,365,1913.0264
HF004,4,GSWS03,1998,1.201,16.857,0.081,3.075,41.734,E,99,365,1060.0436
HF004,4,GSWS03,1999,2.243,55.496,0.068,5.741,77.931,A,0,365,1979.4474
HF004,4,GSWS03,2000,1.687,41.583,0.062,4.319,58.794,A,0,366,1493.3676
HF004,4,GSWS03,2001,0.562,8.477,0.065,1.438,19.516,A,0,365,495.7064
HF004,4,GSWS03,2002,1.632,31.14,0.057,4.178,56.709,A,1,365,1440.4086
HF004,4,GSWS03,2003,1.393,22.006,0.057,3.567,48.416,A,0,365,1229.7664
HF004,4,GSWS03,2004,1.503,27.069,0.069,3.849,52.386,A,0,366,1330.6044
HF004,4,GSWS03,2005,0.886,12.974,0,2.268,30.784,A,0,365,781.9136
HF004,4,GSWS03,2006,1.761,46.789,0.057,4.509,61.211,A,0,365,1554.7594
HF004,4,GSWS03,2007,1.467,28.49,0.054,3.754,50.964,A,0,365,1294.4856
HF004,4,GSWS03,2008,1.697,17.535,0.068,4.345,59.147,A,0,366,1502.3338
HF004,4,GSWS03,2009,1.483,40.924,0.07,3.797,51.548,A,0,365,1309.3192
HF004,4,GSWS03,2010,1.26,18.438,0.082,3.225,43.776,A,9,365,1111.9104
HF004,4,GSWS03,2011,1.89,36.19,0.085,4.838,65.669,A,0,365,1667.9926
HF004,4,GSWS03,2012,1.716,33.298,0.084,4.392,59.786,A,3,366,1518.5644
HF004,4,GSWS03,2013,1.329,26.259,0.082,3.401,46.173,A,1,365,1172.7942
HF004,4,GSWS03,2014,1.426,29.33,0.07,3.65,49.544,A,0,365,1258.4176
HF004,4,GSWS03,2015,1.004,30.659,0.053,2.571,34.903,A,0,365,886.5362
HF004,4,GSWS03,2016,1.391,28.12,0.016,3.56,48.458,A,1,366,1230.8332
HF004,4,GSWS03,2017,1.72,28.49,0.012,4.402,59.754,A,0,365,1517.7516
HF004,4,GSWS03,2018,1.192,18.059,0.054,3.052,41.423,A,0,365,1052.1442
HF004,4,GSWS03,2019,1.059,25.504,0.051,2.712,36.811,A,0,365,934.9994
HF004,4,GSWS06,1964,0.19,1.339,0.004,3.807,51.812,E,11,366,1316.0248
HF004,4,GSWS06,1965,0.247,10.08,0.002,4.938,67.029,E,79,365,1702.5366
HF004,4,GSWS06,1966,0.151,1.618,0.001,3.02,40.995,E,21,365,1041.273
HF004,4,GSWS06,1967,0.17,2.398,0.001,3.391,46.027,A,0,365,1169.0858
HF004,4,GSWS06,1968,0.159,2.826,0.009,3.188,43.396,A,2,366,1102.2584
HF004,4,GSWS06,1969,0.252,3.463,0.007,5.037,68.372,E,28,365,1736.6488
HF004,4,GSWS06,1970,0.182,2.761,0.003,3.636,49.361,A,0,365,1253.7694
HF004,4,GSWS06,1971,0.282,4.36,0.002,5.636,76.505,A,0,365,1943.227
HF004,4,GSWS06,1972,0.334,8.139,0.003,6.671,90.81,A,0,366,2306.574
HF004,4,GSWS06,1973,0.104,1.535,0.002,2.079,28.211,A,7,365,716.5594
HF004,4,GSWS06,1974,0.378,4.954,0.004,7.56,102.626,E,46,365,2606.7004
HF004,4,GSWS06,1975,0.284,3.036,0.007,5.678,77.074,A,0,365,1957.6796
HF004,4,GSWS06,1976,0.302,3.397,0.013,6.031,82.091,A,2,366,2085.1114
HF004,4,GSWS06,1977,0.105,1.084,0.008,2.109,28.629,A,0,365,727.1766
HF004,4,GSWS06,1978,0.278,8.989,0.015,5.564,75.53,E,40,365,1918.462
HF004,4,GSWS06,1979,0.213,2.078,0.007,4.255,57.764,E,29,365,1467.2056
HF004,4,GSWS06,1980,0.209,4.36,0.006,4.184,56.955,A,2,366,1446.657
HF004,4,GSWS06,1981,0.23,5.591,0.006,4.596,62.381,A,9,365,1584.4774
HF004,4,GSWS06,1982,0.323,4.77,0.009,6.461,87.705,E,48,365,2227.707
HF004,4,GSWS06,1983,0.298,4.375,0.013,5.958,80.874,A,0,365,2054.1996
HF004,4,GSWS06,1984,0.295,4.014,0.007,5.894,80.23,A,6,366,2037.842
HF004,4,GSWS06,1985,0.224,1.766,0.004,4.477,60.774,E,44,365,1543.6596
HF004,4,GSWS06,1986,0.217,7.337,0.004,4.34,58.924,A,0,365,1496.6696
HF004,4,GSWS06,1987,0.172,2.529,0.004,3.449,46.817,A,0,365,1189.1518
HF004,4,GSWS06,1988,0.192,2.372,0.003,3.834,52.192,E,21,366,1325.6768
HF004,4,GSWS06,1989,0.245,2.727,0.005,4.896,66.468,A,8,365,1688.2872
HF004,4,GSWS06,1990,0.203,3.358,0.006,4.066,55.196,E,12,365,1401.9784
HF004,4,GSWS06,1991,0.199,2.832,0.005,3.982,54.048,E,18,365,1372.8192
HF004,4,GSWS06,1992,0.144,1.838,0.003,2.888,39.311,A,8,366,998.4994
HF004,4,GSWS06,1993,0.271,3.116,0.002,5.412,73.461,A,1,365,1865.9094
HF004,4,GSWS06,1994,0.116,1.208,0.003,2.33,31.619,A,8,365,803.1226
HF004,4,GSWS06,1995,0.25,4.079,0.004,5.004,67.943,A,0,365,1725.7522
HF004,4,GSWS06,1996,0.351,10.019,0.005,7.027,95.645,A,6,366,2429.383
HF004,4,GSWS06,1997,0.355,5.167,0.004,7.093,96.28,E,28,365,2445.512
HF004,4,GSWS06,1998,0.204,2.673,0.003,4.082,55.404,E,31,365,1407.2616
HF004,4,GSWS06,1999,0.306,4.001,0.002,6.125,83.138,A,0,365,2111.7052
HF004,4,GSWS06,2000,0.226,2.96,0.001,4.518,61.499,A,6,366,1562.0746
HF004,4,GSWS06,2001,0.078,0.433,0.001,1.566,21.248,A,0,365,539.6992
HF004,4,GSWS06,2002,0.237,2.738,0,4.731,64.223,A,0,365,1631.2642
HF004,4,GSWS06,2003,0.18,1.939,0,3.597,48.823,A,0,365,1240.1042
HF004,4,GSWS06,2004,0.18,2.863,0.002,3.61,49.139,A,0,366,1248.1306
HF004,4,GSWS06,2005,0.116,1.291,0.003,2.311,31.37,A,0,365,796.798
HF004,4,GSWS06,2006,0.23,4.157,0.001,4.599,62.436,A,2,365,1585.8744
HF004,4,GSWS06,2007,0.198,3.683,0,3.961,53.764,A,6,365,1365.6056
HF004,4,GSWS06,2008,0.251,1.602,0.001,5.015,68.259,A,3,366,1733.7786
HF004,4,GSWS06,2009,0.188,3.197,0,3.755,50.975,A,0,365,1294.765
HF004,4,GSWS06,2010,0.178,1.607,0.001,3.567,48.423,A,2,365,1229.9442
HF004,4,GSWS06,2011,0.252,3.751,0.001,5.039,68.409,A,0,365,1737.5886
HF004,4,GSWS06,2012,0.241,3.595,0.001,4.825,65.688,A,0,366,1668.4752
HF004,4,GSWS06,2013,0.19,3.456,0.001,3.8,51.573,A,2,365,1309.9542
HF004,4,GSWS06,2014,0.204,2.881,0,4.084,55.44,A,1,365,1408.176
HF004,4,GSWS06,2015,0.127,3.242,0,2.536,34.429,E,10,365,874.4966
HF004,4,GSWS06,2016,0.186,2.609,0,3.718,50.613,A,1,366,1285.5702
HF004,4,GSWS06,2017,0.255,2.755,0,5.106,69.316,A,0,365,1760.6264
HF004,4,GSWS06,2018,0.168,1.41,0,3.353,45.521,A,2,365,1156.2334
HF004,4,GSWS06,2019,0.149,3.397,0,2.99,40.584,A,2,365,1030.8336
HF004,4,GSWS07,1964,0.163,1.11,0.007,2.748,37.404,E,15,366,950.0616
HF004,4,GSWS07,1965,0.215,11.738,0.006,3.619,49.138,E,44,365,1248.1052
HF004,4,GSWS07,1966,0.117,1.353,0.004,1.977,26.831,E,18,365,681.5074
HF004,4,GSWS07,1967,0.141,2.147,0.003,2.379,32.289,A,0,365,820.1406
HF004,4,GSWS07,1968,0.123,2.18,0.009,2.074,28.226,A,2,366,716.9404
HF004,4,GSWS07,1969,0.208,3.173,0.009,3.504,47.556,A,0,365,1207.9224
HF004,4,GSWS07,1970,0.153,2.382,0.006,2.581,35.029,A,0,365,889.7366
HF004,4,GSWS07,1971,0.225,3.443,0.005,3.782,51.333,A,0,365,1303.8582
HF004,4,GSWS07,1972,0.278,6.831,0.007,4.689,63.824,A,0,366,1621.1296
HF004,4,GSWS07,1973,0.095,1.535,0.008,1.608,21.831,A,0,365,554.5074
HF004,4,GSWS07,1974,0.295,3.59,0.006,4.97,67.46,E,16,365,1713.484
HF004,4,GSWS07,1975,0.217,2.261,0.008,3.66,49.679,A,5,365,1261.8466
HF004,4,GSWS07,1976,0.243,3.637,0.01,4.099,55.803,E,10,366,1417.3962
HF004,4,GSWS07,1977,0.082,0.944,0.009,1.389,18.854,A,9,365,478.8916
HF004,4,GSWS07,1978,0.22,7.216,0.013,3.711,50.369,E,35,365,1279.3726
HF004,4,GSWS07,1979,0.158,2.308,0.007,2.665,36.179,A,2,365,918.9466
HF004,4,GSWS07,1980,0.149,3.135,0.006,2.504,34.088,E,22,366,865.8352
HF004,4,GSWS07,1981,0.172,4.628,0.006,2.902,39.39,E,12,365,1000.506
HF004,4,GSWS07,1982,0.241,3.781,0.006,4.054,55.028,E,43,365,1397.7112
HF004,4,GSWS07,1983,0.218,3.536,0.01,3.672,49.841,A,0,365,1265.9614
HF004,4,GSWS07,1984,0.222,3.664,0.008,3.733,50.805,A,0,366,1290.447
HF004,4,GSWS07,1985,0.192,2.969,0.01,3.235,43.919,A,0,365,1115.5426
HF004,4,GSWS07,1986,0.183,5.854,0.007,3.088,41.921,A,2,365,1064.7934
HF004,4,GSWS07,1987,0.144,2.218,0.007,2.431,32.994,E,24,365,838.0476
HF004,4,GSWS07,1988,,,,,,M,0,0,0
HF004,4,GSWS07,1989,,,,,,M,0,0,0
HF004,4,GSWS07,1990,,,,,,M,0,0,0
HF004,4,GSWS07,1991,,,,,,M,0,0,0
HF004,4,GSWS07,1992,,,,,,M,0,0,0
HF004,4,GSWS07,1993,,,,,,M,0,0,0
HF004,4,GSWS07,1994,,,,,,M,0,0,0
HF004,4,GSWS07,1995,0.201,3.993,0.006,3.382,45.899,E,20,365,1165.8346
HF004,4,GSWS07,1996,0.286,10.104,0.007,4.824,65.669,A,3,366,1667.9926
HF004,4,GSWS07,1997,0.283,4.785,0.005,4.764,64.675,E,20,365,1642.745
HF004,4,GSWS07,1998,0.169,2.211,0.005,2.846,38.635,E,45,365,981.329
HF004,4,GSWS07,1999,0.248,4.087,0.002,4.176,56.692,A,0,365,1439.9768
HF004,4,GSWS07,2000,0.179,3.071,0.002,3.01,40.962,A,0,366,1040.4348
HF004,4,GSWS07,2001,0.068,0.413,0,1.146,15.566,A,0,365,395.3764
HF004,4,GSWS07,2002,0.191,2.475,0.001,3.22,43.711,A,0,365,1110.2594
HF004,4,GSWS07,2003,0.147,1.945,0.001,2.479,33.644,A,0,365,854.5576
HF004,4,GSWS07,2004,0.152,3.116,0.007,2.562,34.87,A,0,366,885.698
HF004,4,GSWS07,2005,0.098,1.363,0,1.645,22.328,A,1,365,567.1312
HF004,4,GSWS07,2006,0.191,4.683,0.002,3.217,43.671,A,0,365,1109.2434
HF004,4,GSWS07,2007,0.161,3.816,0,2.709,36.772,A,2,365,934.0088
HF004,4,GSWS07,2008,0.203,1.842,0.004,3.421,46.569,A,1,366,1182.8526
HF004,4,GSWS07,2009,0.152,3.564,0.002,2.561,34.755,E,13,365,882.777
HF004,4,GSWS07,2010,0.144,1.585,0.005,2.419,32.844,A,0,365,834.2376
HF004,4,GSWS07,2011,0.199,4.216,0.002,3.349,45.456,A,0,365,1154.5824
HF004,4,GSWS07,2012,0.192,3.917,0.003,3.234,44.009,A,2,366,1117.8286
HF004,4,GSWS07,2013,0.15,3.305,0.003,2.529,34.33,A,9,365,871.982
HF004,4,GSWS07,2014,0.156,2.528,0.001,2.624,35.619,A,1,365,904.7226
HF004,4,GSWS07,2015,0.102,3.406,0.002,1.719,23.339,A,4,365,592.8106
HF004,4,GSWS07,2016,0.144,2.37,0.003,2.417,32.904,E,21,366,835.7616
HF004,4,GSWS07,2017,0.197,2.602,0.004,3.326,45.146,A,2,365,1146.7084
HF004,4,GSWS07,2018,0.128,1.377,0.002,2.149,29.166,A,0,365,740.8164
HF004,4,GSWS07,2019,0.124,3.588,0.002,2.084,28.294,A,0,365,718.6676
HF004,4,GSWS08,1964,0.275,2.635,0.007,3.318,45.175,E,30,366,1147.445
HF004,4,GSWS08,1965,0.377,14.326,0.002,4.551,61.773,E,42,365,1569.0342
HF004,4,GSWS08,1966,0.212,2.388,0.002,2.56,34.746,A,0,365,882.5484
HF004,4,GSWS08,1967,0.257,3.657,0.002,3.099,42.069,A,0,365,1068.5526
HF004,4,GSWS08,1968,0.239,4.443,0.01,2.89,39.337,A,2,366,999.1598
HF004,4,GSWS08,1969,0.374,5.359,0.006,4.516,61.296,E,29,365,1556.9184
HF004,4,GSWS08,1970,0.276,4.204,0.001,3.332,45.22,A,0,365,1148.588
HF004,4,GSWS08,1971,0.42,5.766,0.004,5.072,68.847,A,0,365,1748.7138
HF004,4,GSWS08,1972,0.456,10.771,0.001,5.507,74.969,E,22,366,1904.2126
HF004,4,GSWS08,1973,0.164,2.897,0.002,1.98,26.871,E,21,365,682.5234
HF004,4,GSWS08,1974,0.513,6.477,0.001,6.2,84.175,A,0,365,2138.045
HF004,4,GSWS08,1975,0.325,4.459,0.001,3.919,53.211,A,0,365,1351.5594
HF004,4,GSWS08,1976,0.354,8.022,0.003,4.278,58.229,E,41,366,1479.0166
HF004,4,GSWS08,1977,0.101,1.469,0.004,1.219,16.551,A,8,365,420.3954
HF004,4,GSWS08,1978,0.325,11.101,0.013,3.925,53.283,A,0,365,1353.3882
HF004,4,GSWS08,1979,0.25,3.712,0.003,3.024,41.05,A,5,365,1042.67
HF004,4,GSWS08,1980,0.23,4.746,0.002,2.78,37.826,E,47,366,960.7804
HF004,4,GSWS08,1981,0.263,7.937,0.003,3.178,43.137,E,28,365,1095.6798
HF004,4,GSWS08,1982,0.386,5.998,0.008,4.658,63.224,E,22,365,1605.8896
HF004,4,GSWS08,1983,0.353,5.617,0.009,4.267,57.906,A,2,365,1470.8124
HF004,4,GSWS08,1984,0.355,5.935,0.006,4.282,58.288,E,22,366,1480.5152
HF004,4,GSWS08,1985,0.265,3.236,0.005,3.195,43.361,A,0,365,1101.3694
HF004,4,GSWS08,1986,0.269,8.312,0.006,3.249,44.109,E,60,365,1120.3686
HF004,4,GSWS08,1987,0.2,3.173,0.005,2.415,32.787,E,104,365,832.7898
HF004,4,GSWS08,1988,0.201,3.958,0,2.424,33.001,A,9,366,838.2254
HF004,4,GSWS08,1989,0.275,3.723,0.001,3.322,45.091,A,0,365,1145.3114
HF004,4,GSWS08,1990,0.22,6.266,0.002,2.662,36.141,A,0,365,917.9814
HF004,4,GSWS08,1991,0.221,3.414,0.003,2.674,36.294,A,0,365,921.8676
HF004,4,GSWS08,1992,0.155,2.719,0.001,1.866,25.398,A,4,366,645.1092
HF004,4,GSWS08,1993,0.302,4.061,0.001,3.651,49.56,A,0,365,1258.824
HF004,4,GSWS08,1994,0.13,1.611,0.002,1.564,21.235,A,2,365,539.369
HF004,4,GSWS08,1995,0.288,5.27,0.002,3.48,47.243,A,0,365,1199.9722
HF004,4,GSWS08,1996,0.422,14.13,0.004,5.098,69.395,A,8,366,1762.633
HF004,4,GSWS08,1997,0.443,9.531,0.004,5.355,72.688,A,0,365,1846.2752
HF004,4,GSWS08,1998,0.248,3.81,0.005,2.998,40.692,A,2,365,1033.5768
HF004,4,GSWS08,1999,0.381,7.274,0.005,4.606,62.529,A,0,365,1588.2366
HF004,4,GSWS08,2000,0.288,6.321,0.003,3.48,47.371,A,0,366,1203.2234
HF004,4,GSWS08,2001,0.109,0.79,0.002,1.313,17.824,E,21,365,452.7296
HF004,4,GSWS08,2002,0.307,4.604,0.002,3.703,50.263,A,0,365,1276.6802
HF004,4,GSWS08,2003,0.235,3.705,0.001,2.837,38.515,A,0,365,978.281
HF004,4,GSWS08,2004,0.246,5.61,0.003,2.971,40.433,A,0,366,1026.9982
HF004,4,GSWS08,2005,0.165,2.654,0.006,1.992,27.034,A,0,365,686.6636
HF004,4,GSWS08,2006,0.319,8.966,0.003,3.847,52.217,A,0,365,1326.3118
HF004,4,GSWS08,2007,0.271,8.832,0.002,3.276,44.474,A,0,365,1129.6396
HF004,4,GSWS08,2008,0.349,3.815,0.004,4.216,57.385,A,16,366,1457.579
HF004,4,GSWS08,2009,0.259,6.253,0.002,3.129,42.48,A,0,365,1078.992
HF004,4,GSWS08,2010,0.238,2.719,0.004,2.873,38.999,A,0,365,990.5746
HF004,4,GSWS08,2011,0.345,8.487,0.005,4.167,56.558,A,2,365,1436.5732
HF004,4,GSWS08,2012,0.335,6.541,0.003,4.043,55.031,A,3,366,1397.7874
HF004,4,GSWS08,2013,0.273,5.946,0.003,3.297,44.758,A,1,365,1136.8532
HF004,4,GSWS08,2014,0.279,4.616,0.003,3.368,45.722,A,0,365,1161.3388
HF004,4,GSWS08,2015,0.182,5.816,0.001,2.197,29.826,A,0,365,757.5804
HF004,4,GSWS08,2016,0.258,4.306,0.002,3.118,42.439,A,0,366,1077.9506
HF004,4,GSWS08,2017,0.348,4.684,0.001,4.198,56.987,A,0,365,1447.4698
HF004,4,GSWS08,2018,0.236,3.856,0.001,2.852,38.721,A,0,365,983.5134
HF004,4,GSWS08,2019,0.221,6.583,0.002,2.674,36.295,A,0,365,921.893
HF004,4,GSWS09,1969,0.14,2.873,0.001,4.248,57.662,E,71,365,1464.6148
HF004,4,GSWS09,1970,0.101,2.624,0.001,3.066,41.605,E,84,365,1056.767
HF004,4,GSWS09,1971,0.142,3.079,0.001,4.298,58.34,E,78,365,1481.836
HF004,4,GSWS09,1972,0.189,3.993,0.002,5.747,78.228,E,16,366,1986.9912
HF004,4,GSWS09,1973,0.061,1.558,0.002,1.86,25.248,A,1,365,641.2992
HF004,4,GSWS09,1974,0.198,1.829,0.007,6.013,81.622,A,0,365,2073.1988
HF004,4,GSWS09,1975,0.139,2.496,0.002,4.226,57.359,E,20,365,1456.9186
HF004,4,GSWS09,1976,0.159,3.582,0.006,4.817,65.564,E,74,366,1665.3256
HF004,4,GSWS09,1977,0.036,0.8,0.002,1.08,14.66,E,42,365,372.364
HF004,4,GSWS09,1978,0.124,2.592,0.004,3.77,51.169,A,7,365,1299.6926
HF004,4,GSWS09,1979,0.11,2.243,0.007,3.339,45.324,E,21,365,1151.2296
HF004,4,GSWS09,1980,0.108,1.979,0.006,3.271,44.519,E,23,366,1130.7826
HF004,4,GSWS09,1981,0.1,2.268,0.004,3.032,41.161,A,0,365,1045.4894
HF004,4,GSWS09,1982,0.181,2.684,0.009,5.489,74.501,E,19,365,1892.3254
HF004,4,GSWS09,1983,0.151,2.117,0.009,4.591,62.322,A,0,365,1582.9788
HF004,4,GSWS09,1984,0.171,2.714,0.013,5.199,70.773,A,0,366,1797.6342
HF004,4,GSWS09,1985,0.123,1.778,0.009,3.72,50.485,A,8,365,1282.319
HF004,4,GSWS09,1986,0.125,3.095,0.006,3.791,51.468,A,0,365,1307.2872
HF004,4,GSWS09,1987,0.093,2.132,0.003,2.82,38.281,E,16,365,972.3374
HF004,4,GSWS09,1988,0.092,2.243,0.002,2.788,37.947,E,30,366,963.8538
HF004,4,GSWS09,1989,0.135,3.027,0.004,4.084,55.433,A,0,365,1407.9982
HF004,4,GSWS09,1990,0.096,2.531,0.004,2.92,39.637,A,4,365,1006.7798
HF004,4,GSWS09,1991,0.102,1.517,0.008,3.094,41.997,E,17,365,1066.7238
HF004,4,GSWS09,1992,0.081,1.534,0.002,2.471,33.643,A,0,366,854.5322
HF004,4,GSWS09,1993,0.147,1.876,0.005,4.463,60.581,A,8,365,1538.7574
HF004,4,GSWS09,1994,0.067,1.82,0.003,2.018,27.404,E,19,365,696.0616
HF004,4,GSWS09,1995,0.131,2.735,0.008,3.981,54.032,A,8,365,1372.4128
HF004,4,GSWS09,1996,0.179,3.827,0.002,5.428,73.891,A,2,366,1876.8314
HF004,4,GSWS09,1997,0.18,2.849,0.002,5.452,73.994,A,2,365,1879.4476
HF004,4,GSWS09,1998,0.091,1.922,0.001,2.745,37.267,A,2,365,946.5818
HF004,4,GSWS09,1999,0.148,2.643,0.001,4.502,61.111,A,0,365,1552.2194
HF004,4,GSWS09,2000,0.119,2.74,0.001,3.619,49.268,E,13,366,1251.4072
HF004,4,GSWS09,2001,0.034,1.109,0,1.031,13.997,A,5,365,355.5238
HF004,4,GSWS09,2002,0.115,2.113,0.001,3.479,47.218,A,0,365,1199.3372
HF004,4,GSWS09,2003,0.098,2.18,0,2.969,40.3,A,0,365,1023.62
HF004,4,GSWS09,2004,0.11,2.229,0.001,3.34,45.467,A,0,366,1154.8618
HF004,4,GSWS09,2005,0.053,1.377,0.001,1.611,21.869,A,0,365,555.4726
HF004,4,GSWS09,2006,0.131,3.027,0.001,3.98,54.02,A,5,365,1372.108
HF004,4,GSWS09,2007,0.107,2.2,0,3.245,44.045,A,3,365,1118.743
HF004,4,GSWS09,2008,0.133,2.17,0.001,4.038,54.957,A,0,366,1395.9078
HF004,4,GSWS09,2009,0.105,3.467,0.001,3.193,43.345,A,7,365,1100.963
HF004,4,GSWS09,2010,0.086,1.815,0.001,2.62,35.57,A,2,365,903.478
HF004,4,GSWS09,2011,0.14,2.735,0.002,4.239,57.541,A,5,365,1461.5414
HF004,4,GSWS09,2012,0.125,2.807,0.001,3.802,51.756,E,17,366,1314.6024
HF004,4,GSWS09,2013,0.104,2.069,0.001,3.163,42.94,E,19,365,1090.676
HF004,4,GSWS09,2014,0.106,2.481,0.001,3.211,43.594,A,0,365,1107.2876
HF004,4,GSWS09,2015,0.075,2.612,0,2.276,30.871,E,10,365,784.1234
HF004,4,GSWS09,2016,0.104,2.491,0,3.15,42.877,A,1,366,1089.0758
HF004,4,GSWS09,2017,0.152,2.224,0,4.607,62.541,A,2,365,1588.5414
HF004,4,GSWS09,2018,0.089,2.003,0,2.714,36.835,A,0,365,935.609
HF004,4,GSWS09,2019,0.086,1.894,0,2.604,35.349,A,0,365,897.8646
HF004,4,GSWS10,1969,0.193,5.351,0.004,4.883,66.292,A,4,365,1683.8168
HF004,4,GSWS10,1970,0.153,3.123,0.003,3.859,52.38,E,88,365,1330.452
HF004,4,GSWS10,1971,0.195,4.181,0.003,4.939,67.035,E,39,365,1702.689
HF004,4,GSWS10,1972,0.258,6.773,0.002,6.529,88.866,E,50,366,2257.1964
HF004,4,GSWS10,1973,0.091,2.601,0.002,2.309,31.35,A,1,365,796.29
HF004,4,GSWS10,1974,0.262,2.903,0.002,6.616,89.812,A,0,365,2281.2248
HF004,4,GSWS10,1975,0.172,3.185,0.001,4.364,59.238,A,0,365,1504.6452
HF004,4,GSWS10,1976,0.222,3.817,0.006,5.611,76.375,E,18,366,1939.925
HF004,4,GSWS10,1977,0.082,1.224,0.006,2.07,28.095,E,66,365,713.613
HF004,4,GSWS10,1978,0.209,4.831,0.008,5.296,71.891,A,0,365,1826.0314
HF004,4,GSWS10,1979,0.156,4.513,0.004,3.947,53.573,A,3,365,1360.7542
HF004,4,GSWS10,1980,0.149,3.998,0.001,3.769,51.304,A,5,366,1303.1216
HF004,4,GSWS10,1981,0.156,3.396,0.002,3.937,53.433,A,0,365,1357.1982
HF004,4,GSWS10,1982,0.238,4.232,0.003,6.021,81.73,A,0,365,2075.942
HF004,4,GSWS10,1983,0.221,3.024,0.006,5.586,75.832,A,0,365,1926.1328
HF004,4,GSWS10,1984,0.232,4.104,0.006,5.88,80.032,A,0,366,2032.8128
HF004,4,GSWS10,1985,0.161,2.531,0.005,4.06,55.112,A,0,365,1399.8448
HF004,4,GSWS10,1986,0.187,5.124,0.001,4.725,64.123,E,44,365,1628.7242
HF004,4,GSWS10,1987,0.135,3.095,0.001,3.415,46.36,E,19,365,1177.544
HF004,4,GSWS10,1988,0.133,3.114,0,3.353,45.628,A,0,366,1158.9512
HF004,4,GSWS10,1989,0.171,5.721,0,4.324,58.697,E,21,365,1490.9038
HF004,4,GSWS10,1990,0.138,4.153,0,3.503,47.542,A,0,365,1207.5668
HF004,4,GSWS10,1991,0.136,2.252,0.001,3.437,46.662,A,0,365,1185.2148
HF004,4,GSWS10,1992,0.105,2.459,0,2.648,36.035,A,0,366,915.289
HF004,4,GSWS10,1993,0.196,2.877,0,4.965,67.394,A,7,365,1711.8076
HF004,4,GSWS10,1994,0.088,2.721,0.001,2.224,30.183,A,0,365,766.6482
HF004,4,GSWS10,1995,0.183,3.734,0,4.624,62.773,A,0,365,1594.4342
HF004,4,GSWS10,1996,0.269,6.849,0.004,6.796,92.503,A,5,366,2349.5762
HF004,4,GSWS10,1997,0.271,4.829,0.002,6.855,93.049,A,3,365,2363.4446
HF004,4,GSWS10,1998,0.144,2.732,0.003,3.649,49.529,A,16,365,1258.0366
HF004,4,GSWS10,1999,0.231,6.502,0.002,5.842,79.304,A,0,365,2014.3216
HF004,4,GSWS10,2000,0.18,3.907,0.002,4.548,61.908,A,0,366,1572.4632
HF004,4,GSWS10,2001,0.063,1.316,0.001,1.591,21.6,A,5,365,548.64
HF004,4,GSWS10,2002,0.17,3.949,0,4.305,58.442,A,1,365,1484.4268
HF004,4,GSWS10,2003,0.147,3.049,0,3.711,50.371,A,0,365,1279.4234
HF004,4,GSWS10,2004,0.147,3.463,0.002,3.726,50.717,A,0,366,1288.2118
HF004,4,GSWS10,2005,0.1,2.228,0.002,2.52,34.211,E,60,365,868.9594
HF004,4,GSWS10,2006,0.183,4.838,0,4.621,62.73,A,1,365,1593.342
HF004,4,GSWS10,2007,0.158,3.571,0,3.99,54.168,A,9,365,1375.8672
HF004,4,GSWS10,2008,0.178,2.269,0.001,4.5,61.246,A,1,366,1555.6484
HF004,4,GSWS10,2009,0.157,5.285,0.001,3.964,53.815,A,0,365,1366.901
HF004,4,GSWS10,2010,0.135,2.531,0.002,3.418,46.392,A,1,365,1178.3568
HF004,4,GSWS10,2011,0.201,3.879,0.001,5.095,69.165,A,1,365,1756.791
HF004,4,GSWS10,2012,0.181,4.033,0.001,4.574,62.257,A,1,366,1581.3278
HF004,4,GSWS10,2013,0.142,3.133,0.002,3.59,48.729,A,1,365,1237.7166
HF004,4,GSWS10,2014,0.152,4.04,0.001,3.838,52.098,A,0,365,1323.2892
HF004,4,GSWS10,2015,0.104,4.182,0.001,2.638,35.806,A,11,365,909.4724
HF004,4,GSWS10,2016,0.162,3.416,0.001,4.094,55.73,E,25,366,1415.542
HF004,4,GSWS10,2017,0.19,3.166,0.001,4.815,65.357,A,1,365,1660.0678
HF004,4,GSWS10,2018,0.129,2.399,0,3.273,44.433,A,0,365,1128.5982
HF004,4,GSWS10,2019,0.113,2.764,0.001,2.85,38.688,A,0,365,982.6752
HF004,4,GSWSMA,1980,11.347,208.479,1.198,5.057,68.843,E,28,366,1748.6122
HF004,4,GSWSMA,1981,11.713,254.263,1.213,5.22,70.868,A,9,365,1800.0472
HF004,4,GSWSMA,1982,17.377,229.316,1.521,7.744,105.124,E,14,365,2670.1496
HF004,4,GSWSMA,1983,14.601,147.554,1.521,6.507,88.337,E,24,365,2243.7598
HF004,4,GSWSMA,1984,16.59,193.716,1.457,7.394,100.635,A,0,366,2556.129
HF004,4,GSWSMA,1985,13.081,152.521,1.473,5.83,79.135,A,4,365,2010.029
HF004,4,GSWSMA,1986,13.344,299.405,1.257,5.947,80.728,A,0,365,2050.4912
HF004,4,GSWSMA,1987,8.985,83.808,1.257,4.004,54.354,A,4,365,1380.5916
HF004,4,GSWSMA,1988,9.805,138.432,0.588,4.37,59.479,A,0,366,1510.7666
HF004,4,GSWSMA,1989,12.288,135.341,0.545,5.476,74.334,A,0,365,1888.0836
HF004,4,GSWSMA,1990,10.031,236.093,0.654,4.471,60.686,A,8,365,1541.4244
HF004,4,GSWSMA,1991,9.426,137.519,0.609,4.201,57.025,E,88,365,1448.435
HF004,4,GSWSMA,1992,6.527,139.165,0.504,2.909,39.592,A,0,366,1005.6368
HF004,4,GSWSMA,1993,13.271,152.714,0.494,5.915,80.287,A,0,365,2039.2898
HF004,4,GSWSMA,1994,6.934,101.157,0.514,3.09,41.956,A,0,365,1065.6824
HF004,4,GSWSMA,1995,10.439,168.363,0.408,4.653,63.161,A,4,365,1604.2894
HF004,4,GSWSMA,1996,15.3,345.843,0.494,6.819,92.818,A,8,366,2357.5772
HF004,4,GSWSMA,1997,16.609,254.263,0.494,7.402,100.491,A,0,365,2552.4714
HF004,4,GSWSMA,1998,9.622,185.052,0.577,4.289,58.219,A,0,365,1478.7626
HF004,4,GSWSMA,1999,14.614,209.85,0.609,6.513,88.412,A,0,365,2245.6648
HF004,4,GSWSMA,2000,12.099,337.507,0.7,5.392,73.403,A,0,366,1864.4362
HF004,4,GSWSMA,2001,5.355,53.874,0.417,2.386,32.4,A,0,365,822.96
HF004,4,GSWSMA,2002,11.725,206.886,0.408,5.226,70.93,A,0,365,1801.622
HF004,4,GSWSMA,2003,10.269,168.974,0.632,4.577,62.116,A,0,365,1577.7464
HF004,4,GSWSMA,2004,11.083,159.546,0.654,4.939,67.233,A,0,366,1707.7182
HF004,4,GSWSMA,2005,7.383,166.135,0.643,3.29,44.673,A,0,365,1134.6942
HF004,4,GSWSMA,2006,12.238,245.461,0.735,5.454,74.041,A,0,365,1880.6414
HF004,4,GSWSMA,2007,11.474,245.212,0.609,5.114,69.416,A,0,365,1763.1664
HF004,4,GSWSMA,2008,14.684,149.263,0.857,6.544,89.079,A,0,366,2262.6066
HF004,4,GSWSMA,2009,12.53,225.967,0.609,5.584,75.804,A,0,365,1925.4216
HF004,4,GSWSMA,2010,9.651,110.981,0.032,4.301,58.404,E,45,365,1483.4616
HF004,4,GSWSMA,2011,13.234,320.589,0.042,5.898,80.082,E,62,365,2034.0828
HF004,4,GSWSMA,2012,12.945,195.474,0.62,5.769,78.522,A,0,366,1994.4588
HF004,4,GSWSMA,2013,10.509,192.184,0.599,4.684,63.577,A,0,365,1614.8558
HF004,4,GSWSMA,2014,12.025,225.967,0.632,5.359,72.748,A,0,365,1847.7992
HF004,4,GSWSMA,2015,8.008,244.714,0.588,3.569,48.445,A,5,365,1230.503
HF004,4,GSWSMA,2016,11.201,164.323,0.545,4.992,67.952,A,1,366,1725.9808
HF004,4,GSWSMA,2017,13.716,140.637,0.62,6.113,82.982,A,1,365,2107.7428
HF004,4,GSWSMA,2018,10.433,221.701,0.632,4.65,63.116,A,0,365,1603.1464
HF004,4,GSWSMA,2019,9.117,209.393,0.599,4.063,55.158,A,8,365,1401.0132
HF004,4,GSWSMC,1996,16.593,345.843,0.688,7.395,102.143,E,13,366,2594.4322
HF004,4,GSWSMC,1997,16.755,254.264,0.696,7.468,102.944,A,0,365,2614.7776
HF004,4,GSWSMC,1998,10.172,185.052,0.627,4.533,61.843,A,0,365,1570.8122
HF004,4,GSWSMC,1999,15.14,209.85,0.64,6.748,91.985,A,0,365,2336.419
HF004,4,GSWSMC,2000,12.231,337.507,0.791,5.451,74.573,A,0,366,1894.1542
HF004,4,GSWSMC,2001,5.578,54.519,0.529,2.486,33.691,A,0,365,855.7514
HF004,4,GSWSMC,2002,11.914,206.887,0.619,5.31,72.222,A,0,365,1834.4388
HF004,4,GSWSMC,2003,10.433,168.975,0.633,4.65,63.272,A,0,365,1607.1088
HF004,4,GSWSMC,2004,11.212,159.546,0.664,4.997,68.144,A,0,366,1730.8576
HF004,4,GSWSMC,2005,7.606,166.136,0.664,3.39,46.129,A,0,365,1171.6766
HF004,4,GSWSMC,2006,12.385,245.466,0.783,5.52,75.172,A,0,365,1909.3688
HF004,4,GSWSMC,2007,11.517,245.214,0.62,5.133,69.851,A,0,365,1774.2154
HF004,4,GSWSMC,2008,14.717,151.391,0.94,6.559,89.537,A,2,366,2274.2398
HF004,4,GSWSMC,2009,12.673,225.969,0.692,5.648,76.872,A,0,365,1952.5488
HF004,4,GSWSMC,2010,9.999,111.171,0.719,4.457,60.635,E,56,365,1540.129
HF004,4,GSWSMC,2011,13.404,320.589,0.754,5.974,81.364,E,149,365,2066.6456
HF004,4,GSWSMC,2012,12.987,195.474,0.713,5.788,79.509,A,0,366,2019.5286
HF004,4,GSWSMC,2013,10.34,192.185,0.715,4.609,65.232,A,0,365,1656.8928
HF004,4,GSWSMC,2014,12.278,225.967,0.763,5.472,74.282,A,0,365,1886.7628
HF004,4,GSWSMC,2015,8.122,244.715,0.669,3.62,49.135,A,5,365,1248.029
HF004,4,GSWSMC,2016,11.331,164.327,0.582,5.05,68.738,A,1,366,1745.9452
HF004,4,GSWSMC,2017,13.96,140.641,0.726,6.221,84.453,A,1,365,2145.1062
HF004,4,GSWSMC,2018,10.559,221.708,0.706,4.706,63.881,A,0,365,1622.5774
HF004,4,GSWSMC,2019,9.158,418.786,1.198,4.081,55.407,A,8,365,1407.3378
HF004,4,GSWSMF,1996,1.53,9.964,0,0.682,9.279,A,5,366,235.6866
HF004,4,GSWSMF,1997,0.409,5.286,0,0.182,2.466,A,0,365,62.6364
HF004,4,GSWSMF,1998,0.592,2.267,0,0.264,3.577,A,0,365,90.8558
HF004,4,GSWSMF,1999,0.598,3.089,0,0.266,3.616,A,0,365,91.8464
HF004,4,GSWSMF,2000,0.193,3.013,0,0.086,1.175,A,0,366,29.845
HF004,4,GSWSMF,2001,0.237,5.135,0,0.105,1.433,A,0,365,36.3982
HF004,4,GSWSMF,2002,0.212,2.909,0,0.095,1.272,A,0,365,32.3088
HF004,4,GSWSMF,2003,0.187,5.845,0,0.084,1.126,A,0,365,28.6004
HF004,4,GSWSMF,2004,0.157,1.767,0,0.07,0.947,A,0,366,24.0538
HF004,4,GSWSMF,2005,0.243,2.42,0,0.108,1.467,A,0,365,37.2618
HF004,4,GSWSMF,2006,0.187,1.773,0.001,0.083,1.129,A,0,365,28.6766
HF004,4,GSWSMF,2007,0.081,1.604,0,0.036,0.487,A,0,365,12.3698
HF004,4,GSWSMF,2008,0.066,2.223,0.001,0.029,0.388,A,2,366,9.8552
HF004,4,GSWSMF,2009,0.181,1.159,0,0.08,1.102,A,0,365,27.9908
HF004,4,GSWSMF,2010,0.372,6.299,0.001,0.166,2.241,E,44,365,56.9214
HF004,4,GSWSMF,2011,0.215,2.643,0,0.096,1.298,E,149,365,32.9692
HF004,4,GSWSMF,2012,0.164,2.538,0,0.073,0.99,A,0,366,25.146
HF004,4,GSWSMF,2013,0.262,4.206,0,0.117,1.59,A,0,365,40.386
HF004,4,GSWSMF,2014,0.253,2.32,0,0.113,1.534,A,0,365,38.9636
HF004,4,GSWSMF,2015,0.114,1.037,0,0.051,0.689,A,3,365,17.5006
HF004,4,GSWSMF,2016,0.13,1.195,0,0.058,0.786,A,1,366,19.9644
HF004,4,GSWSMF,2017,0.243,2.983,0.002,0.108,1.471,A,1,365,37.3634
HF004,4,GSWSMF,2018,0.126,1.257,0,0.056,0.765,A,0,365,19.431
HF004,4,GSWSMF,2019,0.041,0.593,0.001,0.018,0.249,A,0,365,6.3246
